#usda 1.0
(
    defaultPrim = "EStopButton"
    metersPerUnit = 0.01
    upAxis = "Y"
)

def Xform "EStopButton" (
    prepend apiSchemas = ["PhysicsArticulationRootAPI"]
)
{
    def "Looks"
    {
        def Material "Scene___Root"
        {
            token outputs:surface.connect = </EStopButton/Looks/Scene___Root/pbr_shader.outputs:surface>

            def Shader "uvset0"
            {
                uniform token info:id = "UsdPrimvarReader_float2"
                token inputs:varname = "st0"
                float2 outputs:result
            }

            def Shader "tex_base"
            {
                uniform token info:id = "UsdUVTexture"
                float4 inputs:fallback = (1, 1, 1, 1)
                asset inputs:file = @0/Scene_-_Root_baseColor.jpg@
                float2 inputs:st.connect = </EStopButton/Looks/Scene___Root/uvset0.outputs:result>
                token inputs:wrapS = "repeat"
                token inputs:wrapT = "repeat"
                float3 outputs:rgb
            }

            def Shader "tex_metallic"
            {
                uniform token info:id = "UsdUVTexture"
                float4 inputs:fallback = (0, 0, 0, 1)
                asset inputs:file = @0/Scene_-_Root_metallicRoughness_metal.jpg@
                float2 inputs:st.connect = </EStopButton/Looks/Scene___Root/uvset0.outputs:result>
                token inputs:wrapS = "repeat"
                token inputs:wrapT = "repeat"
                float outputs:r
            }

            def Shader "tex_roughness"
            {
                uniform token info:id = "UsdUVTexture"
                float4 inputs:fallback = (1, 0, 0, 1)
                asset inputs:file = @0/Scene_-_Root_metallicRoughness_rough.jpg@
                float2 inputs:st.connect = </EStopButton/Looks/Scene___Root/uvset0.outputs:result>
                token inputs:wrapS = "repeat"
                token inputs:wrapT = "repeat"
                float outputs:r
            }

            def Shader "tex_normal"
            {
                uniform token info:id = "UsdUVTexture"
                float4 inputs:bias = (-1, -1, -1, -1)
                float4 inputs:fallback = (0, 0, 1, 1)
                asset inputs:file = @0/Scene_-_Root_normal.jpg@
                float4 inputs:scale = (2, 2, 2, 2)
                token inputs:sourceColorSpace = "raw"
                float2 inputs:st.connect = </EStopButton/Looks/Scene___Root/uvset0.outputs:result>
                token inputs:wrapS = "repeat"
                token inputs:wrapT = "repeat"
                float3 outputs:rgb
            }

            def Shader "pbr_shader"
            {
                uniform token info:id = "UsdPreviewSurface"
                color3f inputs:diffuseColor.connect = </EStopButton/Looks/Scene___Root/tex_base.outputs:rgb>
                color3f inputs:emissiveColor = (0, 0, 0)
                float inputs:metallic.connect = </EStopButton/Looks/Scene___Root/tex_metallic.outputs:r>
                normal3f inputs:normal.connect = </EStopButton/Looks/Scene___Root/tex_normal.outputs:rgb>
                float inputs:occlusion = 1
                float inputs:roughness.connect = </EStopButton/Looks/Scene___Root/tex_roughness.outputs:r>
                token outputs:surface
            }
        }
    }

    def Xform "base" (
        prepend apiSchemas = ["PhysicsRigidBodyAPI", "PhysicsMassAPI"]
    )
    {
        float physics:mass = 1

        def Mesh "geo_0" (
            prepend apiSchemas = ["MaterialBindingAPI", "PhysicsCollisionAPI", "PhysicsMeshCollisionAPI"]
        )
        {
            int[] faceVertexCounts = [3, 3, 3, 3, 3, 3, 3, 3, 3, 3, 3, 3, 3, 3, 3, 3, 3, 3, 3, 3, 3, 3, 3, 3, 3, 3, 3, 3, 3, 3, 3, 3, 3, 3, 3, 3, 3, 3, 3, 3, 3, 3, 3, 3, 3, 3, 3, 3, 3, 3, 3, 3, 3, 3, 3, 3, 3, 3, 3, 3, 3, 3, 3, 3, 3, 3, 3, 3, 3, 3, 3, 3, 3, 3, 3, 3, 3, 3, 3, 3, 3, 3, 3, 3, 3, 3, 3, 3, 3, 3, 3, 3, 3, 3, 3, 3, 3, 3, 3, 3, 3, 3, 3, 3, 3, 3, 3, 3, 3, 3, 3, 3, 3, 3, 3, 3, 3, 3, 3, 3, 3, 3, 3, 3, 3, 3, 3, 3, 3, 3, 3, 3, 3, 3, 3, 3, 3, 3, 3, 3, 3, 3, 3, 3, 3, 3, 3, 3, 3, 3, 3, 3, 3, 3, 3, 3, 3, 3, 3, 3, 3, 3, 3, 3, 3, 3, 3, 3, 3, 3, 3, 3, 3, 3, 3, 3, 3, 3, 3, 3, 3, 3, 3, 3, 3, 3, 3, 3, 3, 3, 3, 3, 3, 3, 3, 3, 3, 3, 3, 3, 3, 3, 3, 3, 3, 3, 3, 3, 3, 3, 3, 3, 3, 3, 3, 3, 3, 3, 3, 3, 3, 3, 3, 3, 3, 3, 3, 3, 3, 3, 3, 3, 3, 3, 3, 3, 3, 3, 3, 3, 3, 3, 3, 3, 3, 3, 3, 3, 3, 3, 3, 3, 3, 3, 3, 3, 3, 3, 3, 3, 3, 3, 3, 3, 3, 3, 3, 3, 3, 3, 3, 3, 3, 3, 3, 3, 3, 3, 3, 3, 3, 3, 3, 3, 3, 3, 3, 3, 3, 3, 3, 3, 3, 3, 3, 3, 3, 3, 3, 3, 3, 3, 3, 3, 3, 3, 3, 3, 3, 3, 3, 3, 3, 3, 3, 3, 3, 3, 3, 3, 3, 3, 3, 3, 3, 3, 3, 3, 3, 3, 3, 3, 3, 3, 3, 3, 3, 3, 3, 3, 3, 3, 3, 3, 3, 3, 3, 3, 3, 3, 3, 3, 3, 3, 3, 3, 3, 3, 3, 3, 3, 3, 3, 3, 3, 3, 3, 3, 3, 3, 3, 3, 3, 3, 3, 3, 3, 3, 3, 3, 3, 3, 3, 3, 3, 3, 3, 3, 3, 3, 3, 3, 3, 3, 3, 3, 3, 3, 3, 3, 3, 3, 3, 3, 3, 3, 3, 3, 3, 3, 3, 3, 3, 3, 3, 3, 3, 3, 3, 3, 3, 3, 3, 3, 3, 3, 3, 3, 3, 3, 3, 3, 3, 3, 3, 3, 3, 3, 3, 3, 3, 3, 3, 3, 3, 3, 3, 3, 3, 3, 3, 3, 3, 3, 3, 3, 3, 3, 3, 3, 3, 3, 3, 3, 3, 3, 3, 3, 3, 3, 3, 3, 3, 3, 3, 3, 3, 3, 3, 3, 3, 3, 3, 3, 3, 3, 3, 3, 3, 3, 3, 3, 3, 3, 3, 3, 3, 3, 3, 3, 3, 3, 3, 3, 3, 3, 3, 3, 3, 3, 3, 3, 3, 3, 3, 3, 3, 3, 3, 3, 3, 3, 3, 3, 3, 3, 3, 3, 3, 3, 3, 3, 3, 3, 3, 3, 3, 3, 3, 3, 3, 3, 3, 3, 3, 3, 3, 3, 3, 3, 3, 3, 3, 3, 3, 3, 3, 3, 3, 3, 3, 3, 3, 3, 3, 3, 3, 3, 3, 3, 3, 3, 3, 3, 3, 3, 3, 3, 3, 3, 3, 3, 3, 3, 3, 3, 3, 3, 3, 3, 3, 3, 3, 3, 3, 3, 3, 3, 3, 3, 3, 3, 3, 3, 3, 3, 3, 3, 3, 3, 3, 3, 3, 3, 3, 3, 3, 3, 3, 3, 3, 3, 3, 3, 3, 3, 3, 3, 3, 3, 3, 3, 3, 3, 3, 3, 3, 3, 3, 3, 3, 3, 3, 3, 3, 3, 3, 3, 3, 3, 3, 3, 3, 3, 3, 3, 3, 3, 3, 3, 3, 3, 3, 3, 3, 3, 3, 3, 3, 3, 3, 3, 3, 3, 3, 3, 3, 3, 3, 3, 3, 3, 3, 3, 3, 3, 3, 3, 3, 3, 3, 3, 3, 3, 3, 3, 3, 3, 3, 3, 3, 3, 3, 3, 3, 3, 3, 3, 3, 3, 3, 3, 3, 3, 3, 3, 3, 3, 3, 3, 3, 3, 3, 3, 3, 3, 3, 3, 3, 3, 3, 3, 3, 3, 3, 3, 3, 3, 3, 3, 3, 3, 3, 3, 3, 3, 3, 3, 3, 3, 3, 3, 3, 3, 3, 3, 3, 3, 3, 3, 3, 3, 3, 3, 3, 3, 3, 3, 3, 3, 3, 3, 3, 3, 3, 3, 3, 3, 3, 3, 3, 3, 3, 3, 3, 3, 3, 3, 3, 3, 3, 3, 3, 3, 3, 3, 3, 3, 3, 3, 3, 3, 3, 3, 3, 3, 3, 3, 3, 3, 3, 3, 3, 3, 3, 3, 3, 3, 3, 3, 3, 3, 3, 3, 3, 3, 3, 3, 3, 3, 3, 3, 3, 3, 3, 3, 3, 3, 3, 3, 3, 3, 3, 3, 3, 3, 3, 3, 3, 3, 3, 3, 3, 3, 3, 3, 3, 3, 3, 3, 3, 3, 3, 3, 3, 3, 3, 3, 3, 3, 3, 3, 3, 3, 3, 3, 3, 3, 3, 3, 3, 3, 3, 3, 3, 3, 3, 3, 3, 3, 3, 3, 3, 3, 3, 3, 3, 3, 3, 3, 3, 3, 3, 3, 3, 3, 3, 3, 3, 3, 3, 3, 3, 3, 3, 3, 3, 3, 3, 3, 3, 3, 3, 3, 3, 3, 3, 3, 3, 3, 3, 3, 3, 3, 3, 3, 3, 3, 3, 3, 3, 3, 3, 3, 3, 3, 3, 3, 3, 3, 3, 3, 3, 3, 3, 3, 3, 3, 3, 3, 3, 3, 3, 3, 3, 3, 3, 3, 3, 3, 3, 3, 3, 3, 3, 3, 3, 3, 3, 3, 3, 3, 3, 3, 3, 3, 3, 3, 3, 3, 3, 3, 3, 3, 3, 3, 3, 3, 3, 3, 3, 3, 3, 3, 3, 3, 3, 3, 3, 3, 3, 3, 3, 3, 3, 3, 3, 3, 3, 3, 3, 3, 3, 3, 3, 3, 3, 3, 3, 3, 3, 3, 3, 3, 3, 3, 3, 3, 3, 3, 3, 3, 3, 3, 3, 3, 3, 3, 3, 3, 3, 3, 3, 3, 3, 3, 3, 3, 3, 3, 3, 3, 3, 3, 3, 3, 3, 3, 3, 3, 3, 3, 3, 3, 3, 3, 3, 3, 3, 3, 3, 3, 3, 3, 3, 3, 3, 3, 3, 3, 3, 3, 3, 3, 3, 3, 3, 3, 3, 3, 3, 3, 3, 3, 3, 3, 3, 3, 3, 3, 3, 3, 3, 3, 3, 3, 3, 3, 3, 3, 3, 3, 3, 3, 3, 3, 3, 3, 3, 3, 3, 3, 3, 3, 3, 3, 3, 3, 3, 3, 3, 3, 3, 3, 3, 3, 3, 3, 3, 3, 3, 3, 3, 3, 3, 3, 3, 3, 3, 3, 3, 3, 3, 3, 3, 3, 3, 3, 3, 3, 3, 3, 3, 3, 3, 3, 3, 3, 3, 3, 3, 3, 3, 3, 3, 3, 3, 3, 3, 3, 3, 3, 3, 3, 3, 3, 3, 3, 3, 3, 3, 3, 3, 3, 3, 3, 3, 3, 3, 3, 3, 3, 3, 3, 3, 3, 3, 3, 3, 3, 3, 3, 3, 3, 3, 3, 3, 3, 3, 3, 3, 3, 3, 3, 3, 3, 3, 3, 3, 3, 3, 3, 3, 3, 3, 3, 3, 3, 3, 3, 3, 3, 3, 3, 3, 3, 3, 3, 3, 3, 3, 3, 3, 3, 3, 3, 3, 3, 3, 3, 3, 3, 3, 3, 3, 3, 3, 3, 3, 3, 3, 3, 3, 3, 3, 3, 3, 3, 3, 3, 3, 3, 3, 3, 3, 3, 3, 3, 3, 3, 3, 3, 3, 3, 3, 3, 3, 3, 3, 3, 3, 3, 3, 3, 3, 3, 3, 3, 3, 3, 3, 3, 3, 3, 3, 3, 3, 3, 3, 3, 3, 3, 3, 3, 3, 3, 3, 3, 3, 3, 3, 3, 3, 3, 3, 3, 3, 3, 3, 3, 3, 3, 3, 3, 3, 3, 3, 3, 3, 3, 3, 3, 3, 3, 3, 3, 3, 3, 3, 3, 3, 3, 3, 3, 3, 3, 3, 3, 3, 3, 3, 3, 3, 3, 3, 3, 3, 3, 3, 3, 3, 3, 3, 3, 3, 3, 3, 3, 3, 3, 3, 3, 3, 3, 3, 3, 3, 3, 3, 3, 3, 3, 3, 3, 3, 3, 3, 3, 3, 3, 3, 3, 3, 3, 3, 3, 3, 3, 3, 3, 3, 3, 3, 3, 3, 3, 3, 3, 3, 3, 3, 3, 3, 3, 3, 3, 3, 3, 3, 3, 3, 3, 3, 3, 3, 3, 3, 3, 3, 3, 3, 3, 3, 3, 3, 3, 3, 3, 3, 3, 3, 3, 3, 3, 3, 3, 3, 3, 3, 3, 3, 3, 3, 3, 3, 3, 3, 3, 3, 3, 3, 3, 3, 3, 3, 3, 3, 3, 3, 3, 3, 3, 3, 3, 3, 3, 3, 3, 3, 3, 3, 3, 3, 3, 3, 3, 3, 3, 3, 3, 3, 3, 3, 3, 3, 3, 3, 3, 3, 3, 3, 3, 3, 3, 3, 3, 3, 3, 3, 3, 3, 3, 3, 3, 3, 3, 3, 3, 3, 3, 3, 3, 3, 3, 3, 3, 3, 3, 3, 3, 3, 3, 3, 3, 3, 3, 3, 3, 3, 3, 3, 3, 3, 3, 3, 3, 3, 3, 3, 3, 3, 3, 3, 3, 3, 3, 3, 3, 3, 3, 3, 3, 3, 3, 3, 3, 3, 3, 3, 3, 3, 3, 3, 3, 3, 3, 3, 3, 3, 3, 3, 3, 3, 3, 3, 3, 3, 3, 3, 3, 3, 3, 3, 3, 3, 3, 3, 3, 3, 3, 3, 3, 3, 3, 3, 3, 3, 3, 3, 3, 3, 3, 3, 3, 3, 3, 3, 3, 3, 3, 3, 3, 3, 3, 3, 3, 3, 3, 3, 3, 3, 3, 3, 3, 3, 3, 3, 3, 3, 3, 3, 3, 3, 3, 3, 3, 3, 3, 3, 3, 3, 3, 3, 3, 3, 3, 3, 3, 3, 3, 3, 3, 3, 3, 3, 3, 3, 3, 3, 3, 3, 3, 3, 3, 3, 3, 3, 3, 3, 3, 3, 3, 3, 3, 3, 3, 3, 3, 3, 3, 3, 3, 3, 3, 3, 3, 3, 3, 3, 3, 3, 3, 3, 3, 3, 3, 3, 3, 3, 3, 3, 3, 3, 3, 3, 3, 3, 3, 3, 3, 3, 3, 3, 3, 3, 3, 3, 3, 3, 3, 3, 3, 3, 3, 3, 3, 3, 3, 3, 3, 3, 3, 3, 3, 3, 3, 3, 3, 3, 3, 3, 3, 3, 3, 3, 3, 3, 3, 3, 3, 3, 3, 3, 3, 3, 3, 3, 3, 3, 3, 3, 3, 3, 3, 3, 3, 3, 3, 3, 3, 3, 3, 3, 3, 3, 3, 3, 3, 3, 3, 3, 3, 3, 3, 3, 3, 3, 3, 3, 3, 3, 3, 3, 3, 3, 3, 3, 3, 3, 3, 3, 3, 3, 3, 3, 3, 3, 3, 3, 3, 3, 3, 3, 3, 3, 3, 3, 3, 3, 3, 3, 3, 3, 3, 3, 3, 3, 3, 3, 3, 3, 3, 3, 3, 3, 3, 3, 3, 3, 3, 3, 3, 3, 3, 3, 3, 3, 3, 3, 3, 3, 3, 3, 3, 3, 3, 3, 3, 3, 3, 3, 3, 3, 3, 3, 3, 3, 3, 3, 3, 3, 3, 3, 3, 3, 3, 3, 3, 3, 3, 3, 3, 3, 3, 3, 3, 3, 3, 3, 3, 3, 3, 3, 3, 3, 3, 3, 3, 3, 3, 3, 3, 3, 3, 3, 3, 3, 3, 3, 3, 3, 3, 3, 3, 3, 3, 3, 3, 3, 3, 3, 3, 3, 3, 3, 3, 3, 3, 3, 3, 3, 3, 3, 3, 3, 3, 3, 3, 3, 3, 3, 3, 3, 3, 3, 3, 3, 3, 3, 3, 3, 3, 3, 3, 3, 3, 3, 3, 3, 3, 3, 3, 3, 3, 3, 3, 3, 3, 3, 3, 3, 3, 3, 3, 3, 3, 3, 3, 3, 3, 3, 3, 3, 3, 3, 3, 3, 3, 3, 3, 3, 3, 3, 3, 3, 3, 3, 3, 3, 3, 3, 3, 3, 3, 3, 3, 3, 3, 3, 3, 3, 3, 3, 3, 3, 3, 3, 3, 3, 3, 3, 3, 3, 3, 3, 3, 3, 3, 3, 3, 3, 3, 3, 3, 3, 3, 3, 3, 3, 3, 3, 3, 3, 3, 3, 3, 3, 3, 3, 3, 3, 3, 3, 3, 3, 3, 3, 3, 3, 3, 3, 3, 3, 3, 3, 3, 3, 3, 3, 3, 3, 3, 3, 3, 3, 3, 3, 3, 3, 3, 3, 3, 3, 3, 3, 3, 3, 3, 3, 3, 3, 3, 3, 3, 3, 3, 3, 3, 3, 3, 3, 3, 3, 3, 3, 3, 3, 3, 3, 3, 3, 3, 3, 3, 3, 3, 3, 3, 3, 3, 3, 3, 3, 3, 3, 3, 3, 3, 3, 3, 3, 3, 3, 3, 3, 3, 3, 3, 3, 3, 3, 3, 3, 3, 3, 3, 3, 3, 3, 3, 3, 3, 3, 3, 3, 3, 3, 3, 3, 3, 3, 3, 3, 3, 3, 3, 3, 3, 3, 3, 3, 3, 3, 3, 3, 3, 3, 3, 3, 3, 3, 3, 3, 3, 3, 3, 3, 3, 3, 3, 3, 3, 3, 3, 3, 3, 3, 3, 3, 3, 3, 3, 3, 3, 3, 3, 3, 3, 3, 3, 3, 3, 3, 3, 3, 3, 3, 3, 3, 3, 3, 3, 3, 3, 3, 3, 3, 3, 3, 3, 3, 3, 3, 3, 3, 3, 3, 3, 3, 3, 3, 3, 3, 3, 3, 3, 3, 3, 3, 3, 3, 3, 3, 3, 3, 3, 3, 3, 3, 3, 3, 3, 3, 3, 3, 3, 3, 3, 3, 3, 3, 3, 3, 3, 3, 3, 3, 3, 3, 3, 3, 3, 3, 3, 3, 3, 3, 3, 3, 3, 3, 3, 3, 3, 3, 3, 3, 3, 3, 3, 3, 3, 3, 3, 3, 3, 3, 3, 3, 3, 3, 3, 3, 3, 3, 3, 3, 3, 3, 3, 3, 3, 3, 3, 3, 3, 3, 3, 3, 3, 3, 3, 3, 3, 3, 3, 3, 3, 3, 3, 3, 3, 3, 3, 3, 3, 3, 3, 3, 3, 3, 3, 3, 3, 3, 3, 3, 3, 3, 3, 3, 3, 3, 3, 3, 3, 3, 3, 3, 3, 3, 3, 3, 3, 3, 3, 3, 3, 3, 3, 3, 3, 3, 3, 3, 3, 3, 3, 3, 3, 3, 3, 3, 3, 3, 3, 3, 3, 3, 3, 3, 3, 3, 3, 3, 3, 3, 3, 3, 3, 3, 3, 3, 3, 3, 3, 3, 3, 3, 3, 3, 3, 3, 3, 3, 3, 3, 3, 3, 3, 3, 3, 3, 3, 3, 3, 3, 3, 3, 3, 3, 3, 3, 3, 3, 3, 3, 3, 3, 3, 3, 3, 3, 3, 3, 3, 3, 3, 3, 3, 3, 3, 3, 3, 3, 3, 3, 3, 3, 3, 3, 3, 3, 3, 3, 3, 3, 3, 3, 3, 3, 3, 3, 3, 3, 3, 3, 3, 3, 3, 3, 3, 3, 3, 3, 3, 3, 3, 3, 3, 3, 3, 3, 3, 3, 3, 3, 3, 3, 3, 3, 3, 3, 3, 3, 3, 3, 3, 3, 3, 3, 3, 3, 3, 3, 3, 3, 3, 3, 3, 3, 3, 3, 3, 3, 3, 3, 3, 3, 3, 3, 3, 3, 3, 3, 3, 3, 3, 3, 3, 3, 3, 3, 3, 3, 3, 3, 3, 3, 3, 3, 3, 3, 3, 3, 3, 3, 3, 3, 3, 3, 3, 3, 3, 3, 3, 3, 3, 3, 3, 3, 3, 3, 3, 3, 3, 3, 3, 3, 3, 3, 3, 3, 3, 3, 3, 3, 3, 3, 3, 3, 3, 3, 3, 3, 3, 3, 3, 3, 3, 3, 3, 3, 3, 3, 3, 3, 3, 3, 3, 3, 3, 3, 3, 3, 3, 3, 3, 3, 3, 3, 3, 3, 3, 3, 3, 3, 3, 3, 3, 3, 3, 3, 3, 3, 3, 3, 3, 3, 3, 3, 3, 3, 3, 3, 3, 3, 3, 3, 3, 3, 3, 3, 3, 3, 3, 3, 3, 3, 3, 3, 3, 3, 3, 3, 3, 3, 3, 3, 3, 3, 3, 3, 3, 3, 3, 3, 3, 3, 3, 3, 3, 3, 3, 3, 3, 3, 3, 3, 3, 3, 3, 3, 3, 3, 3, 3, 3, 3, 3, 3, 3, 3, 3, 3, 3, 3, 3, 3, 3, 3, 3, 3, 3, 3, 3, 3, 3, 3, 3, 3, 3, 3, 3, 3, 3, 3, 3, 3, 3, 3, 3, 3, 3, 3, 3, 3, 3, 3, 3, 3, 3, 3, 3, 3, 3, 3, 3, 3, 3, 3, 3, 3, 3, 3, 3, 3, 3, 3, 3, 3, 3, 3, 3, 3, 3, 3, 3, 3, 3, 3, 3, 3, 3, 3, 3, 3, 3, 3, 3, 3, 3, 3, 3, 3, 3, 3, 3, 3, 3, 3, 3, 3, 3, 3, 3, 3, 3, 3, 3, 3, 3, 3, 3, 3, 3, 3, 3, 3, 3, 3, 3, 3, 3, 3, 3, 3, 3, 3, 3, 3, 3, 3, 3, 3, 3, 3, 3, 3, 3, 3, 3, 3, 3, 3, 3, 3, 3, 3, 3, 3, 3, 3, 3, 3, 3, 3, 3, 3, 3, 3, 3, 3, 3, 3, 3, 3, 3, 3, 3, 3, 3, 3, 3, 3, 3, 3, 3, 3, 3, 3, 3, 3, 3, 3, 3, 3, 3, 3, 3, 3, 3, 3, 3, 3, 3, 3, 3, 3, 3, 3, 3, 3, 3, 3, 3, 3, 3, 3, 3, 3, 3, 3, 3, 3, 3, 3, 3, 3, 3, 3, 3, 3, 3, 3, 3, 3, 3, 3, 3, 3, 3, 3, 3, 3, 3, 3, 3, 3, 3, 3, 3, 3, 3, 3, 3, 3, 3, 3, 3, 3, 3, 3, 3, 3, 3, 3, 3, 3, 3, 3, 3, 3, 3, 3, 3, 3, 3, 3, 3, 3, 3, 3, 3, 3, 3, 3, 3, 3, 3, 3, 3, 3, 3, 3, 3, 3, 3, 3, 3, 3, 3, 3, 3, 3, 3, 3, 3, 3, 3, 3, 3, 3, 3, 3, 3, 3, 3, 3, 3, 3, 3, 3, 3, 3, 3, 3, 3, 3, 3, 3, 3, 3, 3, 3, 3, 3, 3, 3, 3, 3, 3, 3, 3, 3, 3, 3, 3, 3, 3, 3, 3, 3, 3, 3, 3, 3, 3, 3, 3, 3, 3, 3, 3, 3, 3, 3, 3, 3, 3, 3, 3, 3, 3, 3, 3, 3, 3, 3, 3, 3, 3, 3, 3, 3, 3, 3, 3, 3, 3, 3, 3, 3, 3, 3, 3, 3, 3, 3, 3, 3, 3, 3, 3, 3, 3, 3, 3, 3, 3, 3, 3, 3, 3, 3, 3, 3, 3, 3, 3, 3, 3, 3, 3, 3, 3, 3, 3, 3, 3, 3, 3, 3, 3, 3, 3, 3, 3, 3, 3, 3, 3, 3, 3, 3, 3, 3, 3, 3, 3, 3, 3, 3, 3, 3, 3, 3, 3, 3, 3, 3, 3, 3, 3, 3, 3, 3, 3, 3, 3, 3, 3, 3, 3, 3, 3, 3, 3, 3, 3, 3, 3, 3, 3, 3, 3, 3, 3, 3, 3, 3, 3, 3, 3, 3, 3, 3, 3, 3, 3, 3, 3, 3, 3, 3, 3, 3, 3, 3, 3, 3, 3, 3, 3, 3, 3, 3, 3, 3, 3, 3, 3, 3, 3, 3, 3, 3, 3, 3, 3, 3, 3, 3, 3, 3, 3, 3, 3, 3, 3]
            int[] faceVertexIndices = [0, 1, 2, 3, 4, 5, 6, 7, 8, 9, 10, 11, 12, 13, 14, 15, 16, 17, 18, 19, 16, 20, 21, 22, 23, 24, 25, 26, 27, 28, 29, 0, 30, 31, 32, 33, 34, 35, 36, 37, 38, 5, 39, 40, 41, 42, 43, 44, 45, 46, 47, 48, 49, 50, 51, 52, 53, 54, 55, 56, 57, 58, 59, 60, 61, 62, 63, 64, 65, 66, 67, 68, 69, 70, 68, 71, 72, 73, 74, 75, 76, 77, 78, 79, 80, 81, 82, 83, 84, 85, 86, 87, 88, 89, 90, 91, 92, 93, 94, 95, 96, 97, 98, 99, 89, 100, 101, 102, 103, 104, 105, 68, 106, 107, 108, 109, 110, 111, 112, 113, 114, 115, 116, 117, 71, 118, 119, 120, 121, 122, 123, 124, 125, 126, 127, 128, 129, 130, 131, 132, 133, 134, 135, 136, 137, 138, 139, 140, 141, 142, 143, 144, 145, 146, 147, 148, 149, 150, 151, 152, 153, 154, 155, 156, 157, 158, 159, 160, 161, 162, 163, 164, 165, 166, 167, 155, 168, 169, 170, 171, 172, 173, 174, 147, 175, 176, 177, 178, 179, 180, 181, 140, 182, 183, 184, 140, 185, 186, 187, 188, 189, 190, 191, 192, 193, 194, 195, 196, 197, 198, 199, 200, 201, 202, 203, 204, 205, 206, 207, 208, 209, 210, 211, 212, 213, 214, 215, 216, 217, 218, 219, 220, 221, 222, 223, 224, 225, 226, 227, 228, 229, 230, 231, 232, 233, 234, 235, 236, 237, 238, 239, 240, 232, 241, 242, 243, 244, 245, 246, 247, 248, 249, 250, 251, 252, 253, 254, 255, 256, 254, 257, 258, 259, 260, 261, 262, 263, 264, 265, 266, 267, 268, 269, 270, 271, 148, 272, 273, 274, 275, 276, 277, 278, 202, 279, 280, 281, 282, 283, 284, 285, 286, 287, 288, 289, 290, 291, 292, 293, 294, 295, 296, 297, 298, 299, 300, 301, 302, 303, 304, 305, 306, 307, 308, 309, 310, 311, 312, 313, 314, 315, 316, 317, 318, 319, 320, 321, 322, 323, 324, 325, 326, 327, 328, 329, 330, 331, 332, 333, 334, 335, 336, 337, 338, 339, 340, 341, 342, 343, 344, 345, 346, 347, 348, 349, 350, 351, 352, 353, 354, 355, 356, 357, 358, 359, 360, 361, 362, 363, 364, 365, 366, 367, 368, 369, 370, 371, 372, 373, 374, 375, 376, 377, 360, 378, 379, 380, 381, 382, 383, 382, 384, 385, 386, 387, 388, 389, 317, 390, 391, 353, 392, 393, 394, 395, 396, 397, 398, 399, 400, 401, 402, 403, 404, 405, 406, 281, 407, 408, 409, 410, 411, 411, 41, 409, 412, 413, 311, 311, 414, 412, 415, 416, 417, 415, 418, 416, 419, 420, 2, 421, 2, 420, 422, 423, 6, 424, 422, 6, 425, 426, 365, 427, 425, 365, 428, 429, 430, 430, 431, 428, 432, 433, 434, 434, 435, 432, 436, 437, 438, 438, 439, 436, 440, 441, 442, 443, 442, 441, 444, 445, 446, 445, 447, 446, 448, 449, 450, 448, 451, 449, 452, 453, 155, 454, 452, 155, 455, 456, 457, 455, 458, 456, 459, 460, 71, 461, 459, 71, 462, 463, 128, 128, 464, 462, 465, 466, 202, 467, 202, 466, 468, 469, 470, 470, 471, 468, 472, 473, 47, 474, 472, 47, 475, 476, 148, 477, 148, 476, 478, 479, 438, 480, 478, 438, 481, 482, 483, 482, 484, 483, 485, 486, 487, 487, 488, 485, 489, 485, 488, 446, 490, 491, 491, 492, 446, 492, 493, 446, 365, 494, 495, 495, 496, 365, 494, 497, 495, 498, 382, 499, 500, 499, 501, 501, 499, 382, 502, 503, 504, 505, 504, 503, 502, 506, 503, 360, 507, 508, 509, 510, 508, 508, 510, 360, 511, 512, 513, 513, 514, 511, 515, 511, 514, 516, 517, 89, 517, 518, 519, 519, 89, 517, 520, 521, 522, 523, 522, 521, 520, 524, 521, 525, 526, 527, 528, 525, 527, 526, 529, 527, 47, 530, 531, 531, 532, 47, 530, 533, 531, 534, 535, 536, 537, 536, 535, 534, 538, 535, 539, 540, 541, 541, 540, 140, 542, 541, 140, 483, 543, 544, 544, 545, 483, 545, 546, 483, 547, 548, 549, 549, 548, 128, 550, 549, 128, 232, 551, 552, 553, 554, 552, 552, 554, 232, 555, 556, 557, 557, 558, 555, 559, 555, 558, 527, 560, 561, 562, 563, 560, 561, 564, 527, 560, 563, 561, 139, 565, 566, 567, 568, 565, 566, 569, 139, 565, 568, 566, 570, 571, 194, 194, 572, 573, 574, 573, 572, 575, 570, 194, 573, 575, 194, 576, 577, 196, 578, 576, 196, 577, 579, 580, 580, 196, 577, 581, 578, 196, 582, 583, 584, 585, 582, 584, 583, 586, 587, 587, 584, 583, 588, 585, 584, 589, 590, 591, 591, 592, 88, 593, 594, 88, 88, 589, 591, 592, 593, 88, 595, 596, 597, 597, 598, 595, 599, 600, 595, 596, 601, 597, 598, 599, 595, 602, 603, 20, 604, 602, 20, 603, 605, 606, 606, 20, 603, 607, 604, 20, 608, 227, 609, 610, 609, 611, 608, 612, 227, 611, 609, 227, 612, 613, 227, 614, 615, 294, 616, 614, 294, 615, 617, 618, 618, 294, 615, 619, 616, 294, 105, 620, 621, 621, 622, 105, 623, 624, 105, 620, 625, 621, 622, 623, 105, 626, 627, 628, 628, 629, 268, 630, 631, 268, 268, 626, 628, 629, 630, 268, 632, 633, 634, 633, 635, 634, 636, 637, 633, 638, 634, 635, 639, 635, 637, 632, 640, 633, 633, 637, 635, 636, 641, 637, 638, 642, 634, 639, 643, 635, 644, 645, 646, 645, 647, 646, 648, 649, 645, 650, 646, 647, 651, 647, 649, 644, 652, 645, 645, 649, 647, 648, 653, 649, 650, 654, 646, 651, 655, 647, 656, 657, 658, 659, 660, 656, 661, 656, 658, 658, 662, 661, 661, 663, 659, 656, 664, 657, 659, 665, 660, 661, 659, 656, 658, 666, 662, 661, 667, 663, 668, 669, 670, 671, 672, 668, 673, 668, 670, 670, 674, 673, 673, 675, 671, 668, 676, 669, 671, 677, 672, 673, 671, 668, 670, 678, 674, 673, 679, 675, 680, 681, 682, 683, 684, 682, 685, 686, 687, 688, 687, 686, 689, 682, 684, 680, 690, 691, 691, 692, 693, 693, 694, 695, 695, 696, 697, 698, 699, 700, 700, 701, 698, 702, 697, 701, 681, 703, 704, 704, 705, 706, 706, 707, 704, 684, 685, 689, 687, 689, 685, 680, 691, 695, 693, 695, 691, 698, 701, 697, 697, 681, 680, 704, 707, 683, 683, 682, 681, 680, 695, 697, 698, 697, 696, 704, 683, 681, 708, 709, 710, 710, 711, 712, 713, 714, 715, 715, 716, 717, 717, 718, 719, 719, 720, 721, 721, 712, 711, 722, 723, 724, 725, 726, 727, 727, 728, 725, 729, 730, 731, 731, 724, 723, 732, 733, 722, 734, 735, 736, 737, 738, 736, 736, 739, 740, 740, 741, 736, 742, 708, 734, 709, 743, 710, 744, 745, 746, 746, 747, 744, 748, 749, 750, 750, 751, 743, 711, 713, 721, 715, 717, 713, 719, 721, 717, 723, 725, 731, 728, 729, 731, 724, 732, 722, 735, 737, 736, 736, 741, 742, 708, 733, 734, 744, 747, 748, 748, 750, 743, 713, 717, 721, 712, 722, 710, 728, 731, 725, 734, 736, 742, 743, 744, 748, 751, 710, 743, 722, 733, 710, 708, 710, 733, 752, 753, 754, 755, 756, 757, 758, 759, 760, 761, 762, 763, 764, 765, 753, 766, 767, 765, 768, 769, 767, 770, 771, 772, 773, 774, 771, 775, 760, 774, 763, 776, 761, 777, 778, 776, 779, 780, 778, 781, 782, 783, 784, 785, 782, 786, 787, 785, 757, 788, 755, 789, 790, 788, 790, 791, 792, 793, 794, 795, 795, 796, 797, 796, 798, 797, 754, 799, 752, 799, 800, 801, 801, 802, 803, 804, 805, 806, 805, 807, 806, 808, 809, 807, 752, 764, 753, 755, 809, 756, 758, 787, 759, 761, 798, 762, 764, 766, 765, 766, 768, 767, 768, 810, 769, 770, 773, 771, 773, 775, 774, 775, 758, 760, 763, 777, 776, 777, 779, 778, 811, 781, 783, 781, 784, 782, 784, 786, 785, 786, 759, 787, 757, 789, 788, 789, 812, 790, 790, 812, 791, 792, 791, 813, 795, 794, 796, 796, 762, 798, 754, 814, 799, 799, 814, 800, 801, 800, 802, 803, 802, 815, 805, 808, 807, 808, 756, 809, 816, 817, 818, 819, 820, 821, 822, 823, 824, 824, 825, 826, 827, 828, 822, 826, 829, 830, 830, 831, 832, 833, 834, 835, 835, 836, 837, 837, 838, 819, 821, 839, 840, 840, 841, 842, 842, 843, 844, 844, 845, 846, 847, 848, 849, 849, 850, 851, 851, 852, 853, 853, 854, 855, 855, 856, 857, 857, 858, 859, 859, 860, 861, 861, 862, 863, 864, 865, 866, 866, 867, 868, 868, 869, 870, 870, 871, 872, 872, 873, 816, 818, 874, 875, 875, 876, 877, 878, 879, 880, 880, 881, 882, 882, 883, 827, 816, 873, 817, 819, 838, 820, 822, 828, 823, 824, 823, 825, 827, 883, 828, 826, 825, 829, 830, 829, 831, 832, 831, 884, 835, 834, 836, 837, 836, 838, 821, 820, 839, 840, 839, 841, 842, 841, 843, 844, 843, 845, 846, 845, 885, 849, 848, 850, 851, 850, 852, 853, 852, 854, 855, 854, 856, 857, 856, 858, 859, 858, 860, 861, 860, 862, 863, 862, 886, 866, 865, 867, 868, 867, 869, 870, 869, 871, 872, 871, 873, 818, 817, 874, 875, 874, 876, 877, 876, 887, 880, 879, 881, 882, 881, 883, 888, 889, 890, 891, 892, 893, 894, 895, 896, 896, 897, 898, 899, 900, 894, 898, 901, 902, 903, 904, 905, 905, 906, 907, 907, 908, 888, 890, 909, 910, 910, 911, 912, 912, 913, 914, 914, 915, 916, 917, 918, 919, 919, 920, 921, 921, 922, 923, 923, 924, 925, 925, 926, 927, 927, 928, 929, 929, 930, 931, 931, 932, 933, 934, 935, 936, 936, 937, 938, 938, 939, 940, 940, 941, 942, 942, 943, 891, 893, 944, 945, 945, 946, 947, 948, 949, 950, 950, 951, 952, 952, 953, 954, 954, 955, 899, 888, 908, 889, 891, 943, 892, 894, 900, 895, 896, 895, 897, 899, 955, 900, 898, 897, 901, 902, 901, 956, 905, 904, 906, 907, 906, 908, 890, 889, 909, 910, 909, 911, 912, 911, 913, 914, 913, 915, 916, 915, 957, 919, 918, 920, 921, 920, 922, 923, 922, 924, 925, 924, 926, 927, 926, 928, 929, 928, 930, 931, 930, 932, 933, 932, 958, 936, 935, 937, 938, 937, 939, 940, 939, 941, 942, 941, 943, 893, 892, 944, 945, 944, 946, 947, 946, 959, 950, 949, 951, 952, 951, 953, 954, 953, 955, 960, 961, 962, 962, 963, 964, 965, 966, 960, 964, 967, 968, 969, 970, 971, 971, 972, 973, 973, 974, 975, 975, 976, 977, 978, 979, 980, 980, 981, 982, 982, 983, 984, 985, 986, 987, 987, 988, 989, 989, 990, 991, 991, 992, 993, 993, 994, 995, 995, 996, 997, 997, 998, 999, 999, 1000, 1001, 1002, 1003, 1004, 1004, 1005, 1006, 1006, 1007, 1008, 1008, 1009, 1010, 1010, 1011, 1012, 1013, 1014, 1015, 1015, 1016, 1017, 1018, 1019, 1020, 1020, 1021, 1022, 1022, 1023, 1024, 1024, 1025, 965, 1012, 1026, 1013, 977, 1027, 978, 960, 966, 961, 962, 961, 963, 965, 1025, 966, 964, 963, 967, 968, 967, 1028, 971, 970, 972, 973, 972, 974, 975, 974, 976, 978, 1027, 979, 980, 979, 981, 982, 981, 983, 984, 983, 1029, 987, 986, 988, 989, 988, 990, 991, 990, 992, 993, 992, 994, 995, 994, 996, 997, 996, 998, 999, 998, 1000, 1001, 1000, 1030, 1004, 1003, 1005, 1006, 1005, 1007, 1008, 1007, 1009, 1010, 1009, 1011, 1013, 1026, 1014, 1015, 1014, 1016, 1017, 1016, 1031, 1020, 1019, 1021, 1022, 1021, 1023, 1024, 1023, 1025, 1012, 1011, 1026, 977, 976, 1027, 1032, 1033, 1034, 1035, 1036, 1037, 1037, 1038, 1039, 1040, 1041, 1035, 1039, 1042, 1043, 1043, 1044, 1045, 1046, 1047, 1048, 1048, 1049, 1050, 1050, 1051, 1052, 1053, 1054, 1055, 1055, 1056, 1057, 1057, 1058, 1059, 1059, 1060, 1061, 1062, 1063, 1064, 1064, 1065, 1066, 1066, 1067, 1068, 1068, 1069, 1070, 1070, 1071, 1072, 1072, 1073, 1074, 1074, 1075, 1076, 1076, 1077, 1078, 1079, 1080, 1081, 1081, 1082, 1083, 1083, 1084, 1085, 1085, 1086, 1087, 1087, 1088, 1032, 1034, 1089, 1090, 1090, 1091, 1092, 1093, 1094, 1095, 1095, 1096, 1097, 1097, 1098, 1040, 1052, 1099, 1053, 1032, 1088, 1033, 1035, 1041, 1036, 1037, 1036, 1038, 1040, 1098, 1041, 1039, 1038, 1042, 1043, 1042, 1044, 1045, 1044, 1100, 1048, 1047, 1049, 1050, 1049, 1051, 1053, 1099, 1054, 1055, 1054, 1056, 1057, 1056, 1058, 1059, 1058, 1060, 1061, 1060, 1101, 1064, 1063, 1065, 1066, 1065, 1067, 1068, 1067, 1069, 1070, 1069, 1071, 1072, 1071, 1073, 1074, 1073, 1075, 1076, 1075, 1077, 1078, 1077, 1102, 1081, 1080, 1082, 1083, 1082, 1084, 1085, 1084, 1086, 1087, 1086, 1088, 1034, 1033, 1089, 1090, 1089, 1091, 1092, 1091, 1103, 1095, 1094, 1096, 1097, 1096, 1098, 1052, 1051, 1099, 1104, 1105, 1106, 1107, 1108, 1109, 1110, 1111, 1112, 1113, 1114, 1105, 1115, 1116, 1117, 1118, 1119, 1116, 1120, 1121, 1119, 1122, 1123, 1121, 1124, 1125, 1123, 1126, 1127, 1128, 1129, 1130, 1127, 1131, 1132, 1130, 1133, 1134, 1132, 1135, 1136, 1134, 1137, 1138, 1139, 1139, 1140, 1137, 1141, 1142, 1140, 1143, 1144, 1142, 1145, 1146, 1144, 1147, 1148, 1146, 1149, 1150, 1151, 1152, 1153, 1150, 1154, 1155, 1153, 1156, 1157, 1158, 1159, 1160, 1114, 1161, 1109, 1162, 1163, 1162, 1164, 1165, 1166, 1167, 1168, 1167, 1169, 1170, 1171, 1172, 1173, 1172, 1174, 1175, 1174, 1176, 1177, 1176, 1111, 1178, 1179, 1160, 1180, 1181, 1179, 1182, 1183, 1184, 1185, 1186, 1183, 1187, 1188, 1186, 1189, 1190, 1188, 1191, 1192, 1190, 1117, 1193, 1115, 1194, 1158, 1155, 1195, 1164, 1166, 1106, 1112, 1104, 1104, 1113, 1105, 1107, 1157, 1108, 1110, 1177, 1111, 1113, 1159, 1114, 1115, 1118, 1116, 1118, 1120, 1119, 1120, 1122, 1121, 1122, 1124, 1123, 1196, 1126, 1128, 1126, 1129, 1127, 1129, 1131, 1130, 1131, 1133, 1132, 1133, 1135, 1134, 1135, 1138, 1136, 1137, 1136, 1138, 1139, 1141, 1140, 1141, 1143, 1142, 1143, 1145, 1144, 1145, 1147, 1146, 1197, 1149, 1151, 1149, 1152, 1150, 1152, 1154, 1153, 1154, 1194, 1155, 1156, 1108, 1157, 1159, 1178, 1160, 1161, 1107, 1109, 1163, 1161, 1162, 1165, 1195, 1166, 1168, 1165, 1167, 1170, 1198, 1171, 1173, 1170, 1172, 1175, 1173, 1174, 1177, 1175, 1176, 1178, 1180, 1179, 1199, 1182, 1184, 1182, 1185, 1183, 1185, 1187, 1186, 1187, 1189, 1188, 1189, 1191, 1190, 1191, 1193, 1192, 1117, 1192, 1193, 1194, 1156, 1158, 1195, 1163, 1164, 1106, 1110, 1112, 1200, 1201, 1202, 1203, 1204, 1205, 1206, 1207, 1208, 1209, 1210, 1207, 1211, 1212, 1210, 1213, 1214, 1212, 1215, 1216, 1217, 1218, 1219, 1216, 1220, 1202, 1219, 1221, 1222, 1223, 1224, 1225, 1226, 1227, 1228, 1229, 1230, 1231, 1228, 1232, 1233, 1231, 1234, 1235, 1233, 1236, 1237, 1238, 1239, 1240, 1237, 1241, 1226, 1240, 1205, 1229, 1203, 1242, 1243, 1244, 1245, 1246, 1225, 1247, 1248, 1249, 1250, 1251, 1248, 1252, 1253, 1251, 1254, 1255, 1253, 1256, 1257, 1258, 1259, 1260, 1257, 1261, 1244, 1260, 1262, 1249, 1263, 1263, 1264, 1262, 1265, 1266, 1267, 1268, 1269, 1201, 1270, 1271, 1272, 1273, 1272, 1274, 1275, 1274, 1276, 1277, 1276, 1278, 1279, 1280, 1281, 1282, 1281, 1283, 1284, 1283, 1285, 1286, 1267, 1271, 1223, 1208, 1221, 1287, 1285, 1288, 1289, 1290, 1243, 1291, 1288, 1264, 1200, 1268, 1201, 1203, 1290, 1204, 1206, 1209, 1207, 1209, 1211, 1210, 1211, 1213, 1212, 1213, 1292, 1214, 1215, 1218, 1216, 1218, 1220, 1219, 1220, 1200, 1202, 1221, 1246, 1222, 1224, 1245, 1225, 1227, 1230, 1228, 1230, 1232, 1231, 1232, 1234, 1233, 1234, 1293, 1235, 1236, 1239, 1237, 1239, 1241, 1240, 1241, 1224, 1226, 1205, 1227, 1229, 1242, 1289, 1243, 1245, 1222, 1246, 1247, 1250, 1248, 1250, 1252, 1251, 1252, 1254, 1253, 1254, 1294, 1255, 1256, 1259, 1257, 1259, 1261, 1260, 1261, 1242, 1244, 1262, 1247, 1249, 1263, 1291, 1264, 1265, 1269, 1266, 1268, 1266, 1269, 1270, 1286, 1271, 1273, 1270, 1272, 1275, 1273, 1274, 1277, 1275, 1276, 1295, 1277, 1278, 1282, 1279, 1281, 1284, 1282, 1283, 1286, 1265, 1267, 1223, 1206, 1208, 1287, 1284, 1285, 1289, 1204, 1290, 1291, 1287, 1288, 1296, 1297, 1298, 1298, 1299, 1300, 1301, 1299, 1302, 1301, 1303, 1304, 1304, 1305, 1306, 1306, 1307, 1308, 1308, 1309, 1310, 1311, 1312, 1313, 1313, 1314, 1315, 1315, 1316, 1317, 1317, 1318, 1319, 1319, 1320, 1321, 1322, 1320, 1323, 1324, 1323, 1325, 1324, 1326, 1327, 1328, 1326, 1329, 1328, 1330, 1331, 1331, 1332, 1333, 1334, 1332, 1335, 1336, 1335, 1337, 1338, 1337, 1339, 1340, 1339, 1341, 1340, 1342, 1343, 1344, 1345, 1346, 1347, 1346, 1348, 1349, 1348, 1350, 1349, 1351, 1352, 1353, 1351, 1354, 1353, 1355, 1356, 1357, 1355, 1358, 1359, 1358, 1360, 1361, 1360, 1362, 1361, 1363, 1364, 1365, 1363, 1366, 1365, 1367, 1368, 1368, 1369, 1370, 1370, 1371, 1372, 1372, 1373, 1374, 1374, 1375, 1376, 1377, 1378, 1379, 1379, 1380, 1381, 1382, 1380, 1383, 1384, 1383, 1385, 1384, 1386, 1387, 1388, 1386, 1389, 1388, 1390, 1391, 1391, 1392, 1393, 1393, 1394, 1395, 1395, 1396, 1397, 1398, 1396, 1399, 1398, 1400, 1401, 1401, 1402, 1403, 1403, 1404, 1405, 1406, 1404, 1407, 1408, 1407, 1409, 1410, 1411, 1412, 1412, 1413, 1414, 1414, 1415, 1416, 1417, 1415, 1418, 1417, 1419, 1420, 1420, 1421, 1422, 1422, 1423, 1424, 1424, 1425, 1426, 1426, 1427, 1296, 1296, 1427, 1297, 1298, 1297, 1299, 1301, 1300, 1299, 1301, 1302, 1303, 1304, 1303, 1305, 1306, 1305, 1307, 1308, 1307, 1309, 1311, 1428, 1312, 1313, 1312, 1314, 1315, 1314, 1316, 1317, 1316, 1318, 1319, 1318, 1320, 1322, 1321, 1320, 1324, 1322, 1323, 1324, 1325, 1326, 1328, 1327, 1326, 1328, 1329, 1330, 1331, 1330, 1332, 1334, 1333, 1332, 1336, 1334, 1335, 1338, 1336, 1337, 1340, 1338, 1339, 1340, 1341, 1342, 1344, 1429, 1345, 1347, 1344, 1346, 1349, 1347, 1348, 1349, 1350, 1351, 1353, 1352, 1351, 1353, 1354, 1355, 1357, 1356, 1355, 1359, 1357, 1358, 1361, 1359, 1360, 1361, 1362, 1363, 1365, 1364, 1363, 1365, 1366, 1367, 1368, 1367, 1369, 1370, 1369, 1371, 1372, 1371, 1373, 1374, 1373, 1375, 1377, 1430, 1378, 1379, 1378, 1380, 1382, 1381, 1380, 1384, 1382, 1383, 1384, 1385, 1386, 1388, 1387, 1386, 1388, 1389, 1390, 1391, 1390, 1392, 1393, 1392, 1394, 1395, 1394, 1396, 1398, 1397, 1396, 1398, 1399, 1400, 1401, 1400, 1402, 1403, 1402, 1404, 1406, 1405, 1404, 1408, 1406, 1407, 1410, 1431, 1411, 1412, 1411, 1413, 1414, 1413, 1415, 1417, 1416, 1415, 1417, 1418, 1419, 1420, 1419, 1421, 1422, 1421, 1423, 1424, 1423, 1425, 1426, 1425, 1427, 1432, 1433, 1434, 1435, 1436, 1437, 1438, 1439, 1440, 1441, 1442, 1443, 1444, 1445, 1446, 1447, 1448, 1449, 1450, 1451, 1452, 1453, 1454, 1455, 1456, 1457, 1436, 1458, 1459, 1439, 1460, 1461, 1442, 1462, 1463, 1445, 1464, 1465, 1448, 1466, 1467, 1451, 1468, 1469, 1454, 1470, 1471, 1457, 1472, 1473, 1459, 1474, 1475, 1461, 1476, 1477, 1463, 1478, 1479, 1480, 1481, 1482, 1467, 1483, 1484, 1469, 1485, 1486, 1471, 1487, 1488, 1473, 1489, 1490, 1475, 1491, 1492, 1477, 1493, 1494, 1479, 1495, 1496, 1482, 1497, 1498, 1484, 1499, 1500, 1501, 1502, 1503, 1488, 1504, 1505, 1490, 1506, 1507, 1492, 1508, 1509, 1494, 1510, 1511, 1496, 1512, 1513, 1498, 1514, 1515, 1500, 1516, 1517, 1503, 1518, 1519, 1505, 1520, 1521, 1522, 1523, 1524, 1509, 1525, 1526, 1511, 1527, 1528, 1513, 1529, 1530, 1515, 1531, 1532, 1517, 1533, 1534, 1519, 1535, 1536, 1521, 1537, 1538, 1524, 1539, 1540, 1526, 1541, 1542, 1543, 1544, 1545, 1530, 1546, 1547, 1532, 1548, 1549, 1534, 1550, 1551, 1536, 1552, 1553, 1538, 1554, 1437, 1540, 1555, 1440, 1542, 1556, 1443, 1545, 1557, 1446, 1547, 1558, 1449, 1549, 1559, 1455, 1560, 1561, 1452, 1551, 1562, 1434, 1553, 1563, 1560, 1433, 1432, 1563, 1433, 1435, 1456, 1436, 1438, 1458, 1439, 1441, 1460, 1442, 1444, 1462, 1445, 1447, 1464, 1448, 1450, 1466, 1451, 1453, 1468, 1454, 1456, 1470, 1457, 1458, 1472, 1459, 1460, 1474, 1461, 1462, 1476, 1463, 1464, 1564, 1465, 1466, 1481, 1467, 1468, 1483, 1469, 1470, 1485, 1471, 1472, 1487, 1473, 1474, 1489, 1475, 1476, 1491, 1477, 1478, 1493, 1479, 1481, 1495, 1482, 1483, 1497, 1484, 1485, 1565, 1486, 1487, 1502, 1488, 1489, 1504, 1490, 1491, 1506, 1492, 1493, 1508, 1494, 1495, 1510, 1496, 1497, 1512, 1498, 1499, 1514, 1500, 1502, 1516, 1503, 1504, 1518, 1505, 1506, 1566, 1507, 1508, 1523, 1509, 1510, 1525, 1511, 1512, 1527, 1513, 1514, 1529, 1515, 1516, 1531, 1517, 1518, 1533, 1519, 1520, 1535, 1521, 1523, 1537, 1524, 1525, 1539, 1526, 1527, 1567, 1528, 1529, 1544, 1530, 1531, 1546, 1532, 1533, 1548, 1534, 1535, 1550, 1536, 1537, 1552, 1538, 1539, 1554, 1540, 1541, 1555, 1542, 1544, 1556, 1545, 1546, 1557, 1547, 1548, 1558, 1549, 1550, 1561, 1551, 1552, 1562, 1553, 1554, 1435, 1437, 1555, 1438, 1440, 1556, 1441, 1443, 1557, 1444, 1446, 1558, 1447, 1449, 1559, 1453, 1455, 1561, 1450, 1452, 1562, 1432, 1434, 1563, 1559, 1560, 1568, 1569, 1570, 1571, 1572, 1573, 1574, 1575, 1576, 1573, 1577, 1578, 1579, 1576, 1580, 1578, 1581, 1582, 1583, 1580, 1584, 1585, 1581, 1586, 1587, 1584, 1588, 1585, 1589, 1590, 1591, 1588, 1592, 1593, 1589, 1594, 1595, 1592, 1596, 1593, 1597, 1598, 1595, 1599, 1600, 1601, 1602, 1603, 1598, 1604, 1605, 1606, 1599, 1607, 1603, 1608, 1609, 1605, 1610, 1611, 1606, 1612, 1613, 1614, 1608, 1615, 1611, 1616, 1617, 1618, 1612, 1619, 1614, 1620, 1621, 1617, 1622, 1623, 1624, 1619, 1625, 1621, 1626, 1627, 1623, 1628, 1629, 1630, 1625, 1631, 1627, 1632, 1633, 1634, 1628, 1635, 1630, 1636, 1637, 1633, 1638, 1639, 1634, 1640, 1641, 1642, 1636, 1643, 1644, 1638, 1645, 1641, 1646, 1647, 1648, 1643, 1649, 1644, 1650, 1651, 1568, 1646, 1652, 1653, 1649, 1654, 1651, 1655, 1656, 1657, 1654, 1658, 1659, 1655, 1660, 1570, 1661, 1601, 1657, 1662, 1663, 1659, 1664, 1665, 1663, 1666, 1667, 1668, 1664, 1669, 1670, 1666, 1671, 1672, 1669, 1673, 1670, 1674, 1675, 1672, 1676, 1677, 1675, 1678, 1679, 1680, 1676, 1681, 1682, 1678, 1683, 1680, 1684, 1685, 1682, 1686, 1687, 1685, 1688, 1689, 1690, 1686, 1691, 1692, 1688, 1693, 1690, 1694, 1571, 1692, 1575, 1695, 1568, 1652, 1569, 1571, 1694, 1572, 1574, 1695, 1575, 1573, 1572, 1577, 1579, 1574, 1576, 1578, 1577, 1581, 1583, 1579, 1580, 1585, 1582, 1581, 1587, 1583, 1584, 1585, 1586, 1589, 1591, 1587, 1588, 1593, 1590, 1589, 1595, 1591, 1592, 1593, 1594, 1597, 1595, 1596, 1599, 1601, 1661, 1602, 1598, 1597, 1604, 1606, 1600, 1599, 1603, 1602, 1608, 1605, 1604, 1610, 1606, 1607, 1612, 1614, 1609, 1608, 1611, 1610, 1616, 1618, 1613, 1612, 1614, 1615, 1620, 1617, 1616, 1622, 1624, 1618, 1619, 1621, 1620, 1626, 1623, 1622, 1628, 1630, 1624, 1625, 1627, 1626, 1632, 1634, 1629, 1628, 1630, 1631, 1636, 1633, 1632, 1638, 1634, 1635, 1640, 1642, 1637, 1636, 1644, 1639, 1638, 1641, 1640, 1646, 1648, 1642, 1643, 1644, 1645, 1650, 1568, 1647, 1646, 1653, 1648, 1649, 1651, 1650, 1655, 1657, 1653, 1654, 1659, 1656, 1655, 1570, 1569, 1661, 1657, 1658, 1662, 1659, 1660, 1664, 1663, 1662, 1666, 1668, 1665, 1664, 1670, 1667, 1666, 1672, 1668, 1669, 1670, 1671, 1674, 1672, 1673, 1676, 1675, 1674, 1678, 1680, 1677, 1676, 1682, 1679, 1678, 1680, 1681, 1684, 1682, 1683, 1686, 1685, 1684, 1688, 1690, 1687, 1686, 1692, 1689, 1688, 1690, 1691, 1694, 1692, 1693, 1575, 1696, 1697, 1698, 1699, 1700, 1701, 1698, 1702, 1703, 1701, 1704, 1705, 1703, 1706, 1707, 1705, 1708, 1709, 1707, 1710, 1711, 1709, 1712, 1713, 1714, 1715, 1716, 1711, 1717, 1718, 1713, 1719, 1720, 1716, 1721, 1722, 1718, 1723, 1724, 1720, 1725, 1726, 1722, 1727, 1728, 1724, 1729, 1730, 1731, 1732, 1733, 1728, 1734, 1735, 1730, 1736, 1737, 1733, 1738, 1739, 1735, 1740, 1741, 1737, 1742, 1743, 1739, 1744, 1745, 1741, 1746, 1747, 1743, 1748, 1749, 1745, 1750, 1751, 1747, 1752, 1753, 1749, 1754, 1755, 1751, 1756, 1757, 1753, 1758, 1759, 1755, 1760, 1761, 1757, 1762, 1763, 1759, 1764, 1765, 1766, 1767, 1768, 1763, 1769, 1770, 1765, 1771, 1772, 1768, 1773, 1774, 1770, 1775, 1776, 1772, 1777, 1778, 1774, 1779, 1714, 1776, 1780, 1781, 1778, 1782, 1783, 1781, 1784, 1785, 1783, 1786, 1787, 1785, 1788, 1789, 1790, 1791, 1792, 1789, 1793, 1794, 1792, 1795, 1796, 1794, 1797, 1798, 1796, 1799, 1800, 1798, 1801, 1802, 1800, 1803, 1804, 1802, 1805, 1806, 1804, 1807, 1808, 1806, 1809, 1810, 1808, 1811, 1812, 1813, 1814, 1815, 1812, 1816, 1817, 1815, 1818, 1819, 1817, 1820, 1821, 1819, 1822, 1823, 1821, 1824, 1825, 1823, 1826, 1696, 1825, 1827, 1699, 1696, 1826, 1697, 1699, 1827, 1700, 1698, 1697, 1702, 1701, 1700, 1704, 1703, 1702, 1706, 1705, 1704, 1708, 1707, 1706, 1710, 1709, 1708, 1712, 1714, 1779, 1715, 1711, 1710, 1717, 1713, 1712, 1719, 1716, 1715, 1721, 1718, 1717, 1723, 1720, 1719, 1725, 1722, 1721, 1727, 1724, 1723, 1729, 1731, 1828, 1732, 1728, 1727, 1734, 1730, 1729, 1736, 1733, 1732, 1738, 1735, 1734, 1740, 1737, 1736, 1742, 1739, 1738, 1744, 1741, 1740, 1746, 1743, 1742, 1748, 1745, 1744, 1750, 1747, 1746, 1752, 1749, 1748, 1754, 1751, 1750, 1756, 1753, 1752, 1758, 1755, 1754, 1760, 1757, 1756, 1762, 1759, 1758, 1764, 1766, 1829, 1767, 1763, 1762, 1769, 1765, 1764, 1771, 1768, 1767, 1773, 1770, 1769, 1775, 1772, 1771, 1777, 1774, 1773, 1779, 1776, 1775, 1780, 1778, 1777, 1782, 1781, 1780, 1784, 1783, 1782, 1786, 1785, 1784, 1788, 1790, 1830, 1791, 1789, 1788, 1793, 1792, 1791, 1795, 1794, 1793, 1797, 1796, 1795, 1799, 1798, 1797, 1801, 1800, 1799, 1803, 1802, 1801, 1805, 1804, 1803, 1807, 1806, 1805, 1809, 1808, 1807, 1811, 1813, 1831, 1814, 1812, 1811, 1816, 1815, 1814, 1818, 1817, 1816, 1820, 1819, 1818, 1822, 1821, 1820, 1824, 1823, 1822, 1826, 1825, 1824, 1827, 1832, 1833, 1834, 1835, 1836, 1837, 1838, 1839, 1840, 1841, 1842, 1843, 1844, 1845, 1846, 1847, 1848, 1849, 1850, 1851, 1852, 1853, 1854, 1855, 1856, 1857, 1858, 1834, 1833, 1859, 1860, 1861, 1862, 1863, 1864, 1865, 1866, 1867, 1868, 1869, 1870, 1871, 1872, 1873, 1874, 1875, 1876, 1877, 1878, 1879, 1880, 1881, 1882, 1883, 1884, 1885, 1886, 1885, 1887, 1886, 1879, 1881, 1888, 1873, 1875, 1889, 1867, 1869, 1871, 1861, 1863, 1890, 1857, 1834, 1859, 1851, 1853, 1891, 1844, 1846, 1842, 1839, 1892, 1840, 1893, 1894, 1895, 1896, 1897, 1898, 1899, 1900, 1901, 1902, 1903, 1904, 1904, 1905, 1902, 1901, 1904, 1903, 1903, 1899, 1901, 1897, 1893, 1906, 1842, 1846, 1843, 1854, 1856, 1907, 1864, 1866, 1908, 1876, 1878, 1909, 1884, 1886, 1910, 1884, 1910, 1882, 1894, 1838, 1911, 1899, 1912, 1900, 1900, 1912, 1913, 1882, 1910, 1883, 1881, 1883, 1888, 1913, 1912, 1896, 1898, 1913, 1896, 1879, 1888, 1880, 1878, 1880, 1909, 1906, 1898, 1897, 1895, 1906, 1893, 1876, 1909, 1877, 1875, 1877, 1889, 1911, 1895, 1894, 1840, 1911, 1838, 1873, 1889, 1874, 1872, 1874, 1914, 1839, 1915, 1892, 1839, 1916, 1915, 1872, 1914, 1917, 1872, 1917, 1918, 1839, 1919, 1916, 1839, 1920, 1919, 1872, 1918, 1921, 1872, 1921, 1922, 1839, 1841, 1920, 1920, 1923, 1924, 1872, 1922, 1925, 1926, 1927, 1928, 1926, 1928, 1929, 1920, 1841, 1923, 1930, 1931, 1924, 1932, 1930, 1924, 1922, 1926, 1929, 1922, 1929, 1925, 1923, 1932, 1924, 1933, 1923, 1841, 1872, 1925, 1934, 1925, 1935, 1934, 1936, 1933, 1841, 1937, 1936, 1841, 1935, 1938, 1934, 1938, 1939, 1934, 1940, 1937, 1841, 1843, 1940, 1841, 1939, 1941, 1934, 1941, 1870, 1934, 1942, 1845, 1844, 1942, 1849, 1845, 1934, 1870, 1869, 1867, 1871, 1868, 1942, 1847, 1849, 1847, 1943, 1848, 1866, 1868, 1908, 1864, 1908, 1865, 1848, 1943, 1944, 1944, 1943, 1850, 1863, 1865, 1890, 1861, 1890, 1862, 1852, 1944, 1850, 1891, 1852, 1851, 1860, 1862, 1945, 1860, 1945, 1832, 1855, 1891, 1853, 1859, 1858, 1857, 1907, 1855, 1854, 1945, 1833, 1832, 1858, 1907, 1856, 1946, 1947, 1948, 1902, 1905, 1947, 1905, 1949, 1947, 1885, 1946, 1887, 1950, 1887, 1946, 1951, 1950, 1946, 1947, 1952, 1953, 1949, 1952, 1947, 1954, 1951, 1946, 1955, 1954, 1946, 1947, 1953, 1956, 1947, 1956, 1957, 1948, 1955, 1946, 1948, 1947, 1957, 1948, 1957, 1958, 1958, 1957, 1959, 1958, 1959, 1960, 1961, 1958, 1960, 1961, 1960, 1962, 1963, 1961, 1962, 1963, 1962, 1964, 1965, 1963, 1964, 1965, 1964, 1966, 1967, 1965, 1966, 1967, 1966, 1968, 1968, 1966, 1969, 1968, 1969, 1970, 1971, 1968, 1970, 1971, 1972, 1973, 1973, 1972, 1974, 1975, 1972, 1971, 1976, 1973, 1974, 1977, 1931, 1930, 1975, 1971, 1970, 1928, 1927, 1978, 1978, 1976, 1979, 1977, 1930, 1980, 1977, 1980, 1981, 1928, 1978, 1979, 1979, 1976, 1974, 1977, 1981, 1982, 1981, 1983, 1982, 1984, 1975, 1970, 1985, 1984, 1970, 1983, 1985, 1982, 1984, 1986, 1987, 1985, 1983, 1984, 1987, 1975, 1984, 1986, 1988, 1989, 1988, 1990, 1991, 1989, 1987, 1986, 1991, 1989, 1988, 1991, 1990, 1992, 1993, 1991, 1992, 1993, 1992, 1994, 1995, 1993, 1994, 1995, 1994, 1996, 1997, 1995, 1996, 1997, 1996, 1998, 1999, 1997, 1998, 1999, 1998, 2000, 2000, 1998, 2001, 2000, 2001, 2002, 2003, 2000, 2002, 2003, 2002, 1837, 1907, 1858, 1836, 1837, 2002, 1835, 1836, 1858, 1837, 2004, 2005, 2006, 2007, 2008, 2009, 2010, 2011, 2012, 2004, 2013, 2014, 2015, 2016, 2017, 2018, 2019, 2010, 2011, 2020, 2013, 2014, 2021, 2022, 2022, 2023, 2024, 2024, 2025, 2026, 2026, 2025, 2027, 2028, 2029, 2030, 2031, 2032, 2033, 2034, 2033, 2035, 2034, 2036, 2037, 2038, 2036, 2039, 2040, 2039, 2041, 2040, 2042, 2043, 2043, 2042, 2044, 2045, 2046, 2047, 2048, 2049, 2050, 2051, 2050, 2052, 2051, 2053, 2054, 2054, 2055, 2056, 2056, 2057, 2058, 2058, 2059, 2060, 2061, 2059, 2062, 2062, 2063, 2064, 2065, 2066, 2067, 2068, 2069, 2070, 2068, 2071, 2072, 2073, 2071, 2074, 2075, 2074, 2076, 2077, 2076, 2078, 2079, 2078, 2015, 2016, 2015, 2080, 2020, 2018, 2081, 2021, 2020, 2082, 2083, 2021, 2082, 2025, 2083, 2084, 2025, 2085, 2086, 2087, 2033, 2088, 2035, 2033, 2087, 2035, 2089, 2036, 2039, 2089, 2090, 2039, 2091, 2041, 2042, 2091, 2092, 2042, 2093, 2094, 2095, 2050, 2096, 2052, 2050, 2095, 2052, 2097, 2053, 2053, 2098, 2055, 2057, 2098, 2099, 2059, 2099, 2100, 2059, 2100, 2101, 2063, 2062, 2102, 2103, 2104, 2105, 2071, 2106, 2107, 2074, 2107, 2108, 2074, 2109, 2076, 2078, 2109, 2110, 2078, 2110, 2111, 2081, 2112, 2113, 2114, 2082, 2113, 2115, 2083, 2114, 2085, 2084, 2115, 2116, 2117, 2118, 2089, 2116, 2119, 2119, 2120, 2121, 2122, 2090, 2121, 2123, 2091, 2122, 2093, 2092, 2123, 2124, 2125, 2126, 2097, 2124, 2127, 2098, 2127, 2128, 2128, 2129, 2130, 2131, 2099, 2130, 2101, 2100, 2131, 2132, 2106, 2103, 2107, 2132, 2133, 2108, 2133, 2134, 2134, 2135, 2136, 2137, 2109, 2136, 2111, 2110, 2137, 2129, 2138, 2139, 2006, 2012, 2011, 2011, 2004, 2006, 2005, 2007, 2009, 2009, 2006, 2005, 2010, 2019, 2011, 2004, 2011, 2013, 2008, 2007, 2017, 2079, 2015, 2017, 2017, 2007, 2079, 2011, 2019, 2020, 2014, 2013, 2021, 2022, 2021, 2023, 2024, 2023, 2025, 2086, 2027, 2025, 2028, 2026, 2027, 2140, 2030, 2029, 2028, 2027, 2029, 2031, 2030, 2032, 2032, 2088, 2033, 2030, 2140, 2032, 2034, 2031, 2033, 2034, 2035, 2036, 2038, 2037, 2036, 2040, 2038, 2039, 2040, 2041, 2042, 2094, 2044, 2042, 2045, 2043, 2044, 2141, 2047, 2046, 2045, 2044, 2046, 2048, 2047, 2049, 2049, 2096, 2050, 2047, 2141, 2049, 2051, 2048, 2050, 2051, 2052, 2053, 2054, 2053, 2055, 2056, 2055, 2057, 2058, 2057, 2059, 2061, 2060, 2059, 2066, 2065, 2064, 2061, 2062, 2064, 2064, 2065, 2061, 2069, 2065, 2067, 2067, 2070, 2069, 2070, 2105, 2104, 2104, 2068, 2070, 2068, 2104, 2071, 2073, 2072, 2071, 2075, 2073, 2074, 2077, 2075, 2076, 2079, 2077, 2078, 2020, 2019, 2018, 2021, 2013, 2020, 2083, 2023, 2021, 2025, 2023, 2083, 2025, 2084, 2085, 2087, 2118, 2035, 2117, 2035, 2118, 2035, 2117, 2089, 2039, 2036, 2089, 2039, 2090, 2091, 2042, 2041, 2091, 2042, 2092, 2093, 2095, 2126, 2052, 2125, 2052, 2126, 2052, 2125, 2097, 2053, 2097, 2098, 2057, 2055, 2098, 2059, 2057, 2099, 2101, 2102, 2059, 2062, 2059, 2102, 2103, 2106, 2104, 2071, 2104, 2106, 2074, 2071, 2107, 2074, 2108, 2109, 2078, 2076, 2109, 2111, 2080, 2078, 2015, 2078, 2080, 2113, 2082, 2081, 2020, 2081, 2082, 2114, 2083, 2082, 2115, 2084, 2083, 2089, 2117, 2116, 2121, 2090, 2119, 2089, 2119, 2090, 2122, 2091, 2090, 2123, 2092, 2091, 2097, 2125, 2124, 2098, 2097, 2127, 2130, 2099, 2098, 2098, 2128, 2130, 2138, 2129, 2128, 2131, 2100, 2099, 2107, 2106, 2132, 2108, 2107, 2133, 2136, 2109, 2108, 2108, 2134, 2136, 2137, 2110, 2109, 2142, 2143, 2144, 2145, 2146, 2143, 2147, 2144, 2148, 2149, 2143, 2150, 2151, 2152, 2146, 2143, 2146, 2153, 2147, 2154, 2155, 2149, 2148, 2144, 2149, 2156, 2157, 2158, 2159, 2160, 2161, 2162, 2163, 2164, 2165, 2166, 2167, 2168, 2169, 2170, 2169, 2171, 2172, 2171, 2173, 2174, 2173, 2175, 2174, 2175, 2176, 2177, 2178, 2179, 2180, 2181, 2182, 2180, 2183, 2184, 2184, 2185, 2186, 2186, 2187, 2188, 2189, 2187, 2190, 2189, 2191, 2192, 2192, 2191, 2193, 2194, 2195, 2196, 2155, 2197, 2198, 2199, 2197, 2200, 2200, 2201, 2202, 2203, 2204, 2205, 2206, 2207, 2208, 2206, 2209, 2210, 2211, 2209, 2212, 2211, 2213, 2214, 2214, 2215, 2216, 2217, 2215, 2158, 2153, 2146, 2218, 2156, 2150, 2219, 2220, 2148, 2221, 2221, 2157, 2222, 2159, 2158, 2223, 2224, 2168, 2225, 2169, 2226, 2227, 2169, 2228, 2171, 2171, 2229, 2173, 2175, 2229, 2230, 2175, 2231, 2232, 2233, 2182, 2234, 2183, 2182, 2233, 2183, 2235, 2185, 2187, 2235, 2236, 2187, 2237, 2190, 2190, 2238, 2191, 2191, 2239, 2240, 2241, 2154, 2220, 2197, 2241, 2242, 2201, 2200, 2243, 2244, 2245, 2246, 2247, 2245, 2248, 2247, 2212, 2209, 2249, 2212, 2250, 2251, 2213, 2249, 2215, 2251, 2252, 2253, 2221, 2222, 2254, 2226, 2224, 2227, 2254, 2255, 2255, 2256, 2257, 2258, 2228, 2257, 2259, 2229, 2258, 2231, 2230, 2259, 2260, 2261, 2262, 2235, 2260, 2263, 2263, 2264, 2265, 2266, 2236, 2265, 2267, 2237, 2266, 2239, 2238, 2267, 2268, 2220, 2253, 2242, 2241, 2268, 2269, 2248, 2244, 2247, 2269, 2270, 2250, 2270, 2271, 2250, 2271, 2272, 2273, 2249, 2272, 2252, 2251, 2273, 2274, 2275, 2276, 2142, 2145, 2143, 2145, 2151, 2146, 2147, 2142, 2144, 2149, 2144, 2143, 2151, 2196, 2152, 2152, 2218, 2146, 2196, 2277, 2152, 2153, 2219, 2143, 2150, 2143, 2219, 2147, 2148, 2154, 2149, 2221, 2148, 2149, 2150, 2156, 2162, 2161, 2160, 2217, 2158, 2160, 2160, 2161, 2217, 2165, 2161, 2163, 2163, 2166, 2165, 2166, 2225, 2168, 2168, 2164, 2166, 2167, 2164, 2168, 2170, 2167, 2169, 2172, 2170, 2171, 2174, 2172, 2173, 2232, 2176, 2175, 2177, 2174, 2176, 2278, 2179, 2178, 2177, 2176, 2178, 2180, 2179, 2181, 2181, 2234, 2182, 2179, 2278, 2181, 2180, 2182, 2183, 2184, 2183, 2185, 2186, 2185, 2187, 2189, 2188, 2187, 2189, 2190, 2191, 2240, 2193, 2191, 2194, 2192, 2193, 2277, 2196, 2195, 2194, 2193, 2195, 2155, 2154, 2197, 2199, 2198, 2197, 2204, 2203, 2202, 2199, 2200, 2202, 2202, 2203, 2199, 2207, 2203, 2205, 2205, 2208, 2207, 2208, 2246, 2245, 2245, 2206, 2208, 2206, 2245, 2209, 2211, 2210, 2209, 2211, 2212, 2213, 2214, 2213, 2215, 2217, 2216, 2215, 2220, 2154, 2148, 2221, 2149, 2157, 2224, 2226, 2168, 2169, 2168, 2226, 2169, 2227, 2228, 2171, 2228, 2229, 2175, 2173, 2229, 2175, 2230, 2231, 2233, 2262, 2183, 2261, 2183, 2262, 2183, 2261, 2235, 2187, 2185, 2235, 2187, 2236, 2237, 2190, 2237, 2238, 2191, 2238, 2239, 2241, 2197, 2154, 2242, 2243, 2197, 2200, 2197, 2243, 2244, 2248, 2245, 2247, 2209, 2245, 2247, 2250, 2212, 2249, 2213, 2212, 2251, 2215, 2213, 2252, 2223, 2215, 2158, 2215, 2223, 2222, 2275, 2274, 2274, 2253, 2222, 2220, 2221, 2253, 2227, 2226, 2254, 2257, 2228, 2255, 2227, 2255, 2228, 2258, 2229, 2228, 2259, 2230, 2229, 2235, 2261, 2260, 2265, 2236, 2263, 2235, 2263, 2236, 2266, 2237, 2236, 2267, 2238, 2237, 2268, 2241, 2220, 2247, 2248, 2269, 2250, 2247, 2270, 2279, 2272, 2271, 2249, 2250, 2272, 2273, 2251, 2249, 2280, 2281, 2282, 2283, 2281, 2284, 2280, 2285, 2286, 2282, 2287, 2288, 2289, 2290, 2283, 2281, 2291, 2287, 2292, 2285, 2293, 2282, 2294, 2285, 2295, 2296, 2297, 2298, 2299, 2300, 2301, 2302, 2303, 2301, 2304, 2305, 2306, 2304, 2307, 2308, 2307, 2309, 2308, 2310, 2311, 2312, 2310, 2313, 2312, 2313, 2314, 2315, 2316, 2317, 2289, 2318, 2319, 2292, 2320, 2321, 2320, 2322, 2323, 2324, 2325, 2326, 2327, 2328, 2329, 2330, 2331, 2332, 2330, 2333, 2334, 2335, 2333, 2336, 2337, 2336, 2338, 2337, 2339, 2340, 2339, 2341, 2342, 2343, 2344, 2345, 2346, 2347, 2348, 2346, 2349, 2350, 2350, 2351, 2352, 2353, 2351, 2354, 2355, 2354, 2356, 2355, 2356, 2357, 2290, 2319, 2358, 2287, 2359, 2295, 2293, 2294, 2360, 2361, 2288, 2297, 2362, 2296, 2363, 2364, 2303, 2365, 2304, 2303, 2364, 2307, 2366, 2367, 2309, 2367, 2368, 2309, 2369, 2310, 2313, 2369, 2370, 2313, 2371, 2372, 2358, 2319, 2373, 2293, 2360, 2374, 2322, 2320, 2375, 2376, 2331, 2377, 2378, 2332, 2331, 2379, 2332, 2380, 2379, 2336, 2333, 2381, 2338, 2336, 2338, 2382, 2383, 2341, 2339, 2384, 2385, 2386, 2387, 2388, 2386, 2389, 2390, 2349, 2388, 2390, 2354, 2351, 2391, 2356, 2354, 2356, 2392, 2393, 2359, 2291, 2394, 2395, 2294, 2361, 2396, 2366, 2397, 2367, 2396, 2398, 2398, 2399, 2400, 2401, 2368, 2400, 2402, 2369, 2401, 2371, 2370, 2402, 2374, 2360, 2395, 2403, 2378, 2376, 2380, 2403, 2404, 2379, 2404, 2405, 2379, 2405, 2406, 2407, 2381, 2406, 2383, 2382, 2407, 2408, 2389, 2385, 2388, 2408, 2409, 2390, 2409, 2410, 2390, 2410, 2411, 2412, 2391, 2411, 2392, 2413, 2412, 2280, 2284, 2281, 2283, 2290, 2281, 2280, 2282, 2285, 2282, 2281, 2287, 2289, 2319, 2290, 2281, 2290, 2291, 2292, 2286, 2285, 2282, 2288, 2294, 2297, 2288, 2295, 2287, 2295, 2288, 2296, 2362, 2297, 2414, 2300, 2299, 2298, 2357, 2299, 2301, 2300, 2302, 2302, 2365, 2303, 2300, 2414, 2302, 2301, 2303, 2304, 2306, 2305, 2304, 2308, 2306, 2307, 2308, 2309, 2310, 2312, 2311, 2310, 2372, 2314, 2313, 2315, 2312, 2314, 2415, 2317, 2316, 2315, 2314, 2316, 2289, 2317, 2318, 2318, 2373, 2319, 2317, 2415, 2318, 2292, 2293, 2320, 2325, 2324, 2323, 2321, 2320, 2323, 2323, 2324, 2321, 2328, 2324, 2326, 2326, 2329, 2328, 2329, 2377, 2331, 2331, 2327, 2329, 2330, 2327, 2331, 2330, 2332, 2333, 2335, 2334, 2333, 2337, 2335, 2336, 2337, 2338, 2339, 2344, 2343, 2342, 2340, 2339, 2342, 2342, 2343, 2340, 2347, 2343, 2345, 2345, 2348, 2347, 2348, 2387, 2386, 2386, 2346, 2348, 2346, 2386, 2349, 2350, 2349, 2351, 2353, 2352, 2351, 2355, 2353, 2354, 2393, 2357, 2356, 2298, 2355, 2357, 2358, 2394, 2290, 2291, 2290, 2394, 2287, 2291, 2359, 2293, 2285, 2294, 2361, 2294, 2288, 2364, 2397, 2304, 2366, 2304, 2397, 2307, 2304, 2366, 2309, 2307, 2367, 2309, 2368, 2369, 2313, 2310, 2369, 2313, 2370, 2371, 2374, 2375, 2293, 2320, 2293, 2375, 2376, 2378, 2331, 2378, 2380, 2332, 2379, 2333, 2332, 2379, 2381, 2336, 2381, 2382, 2338, 2383, 2384, 2338, 2339, 2338, 2384, 2385, 2389, 2386, 2388, 2349, 2386, 2390, 2351, 2349, 2390, 2391, 2354, 2391, 2413, 2356, 2356, 2413, 2392, 2395, 2360, 2294, 2367, 2366, 2396, 2400, 2368, 2398, 2367, 2398, 2368, 2401, 2369, 2368, 2402, 2370, 2369, 2380, 2378, 2403, 2379, 2380, 2404, 2416, 2406, 2405, 2381, 2379, 2406, 2407, 2382, 2381, 2388, 2389, 2408, 2390, 2388, 2409, 2417, 2411, 2410, 2391, 2390, 2411, 2412, 2413, 2391, 2418, 2419, 2420, 2421, 2422, 2423, 2418, 2424, 2419, 2419, 2425, 2426, 2427, 2428, 2429, 2430, 2431, 2424, 2419, 2432, 2433, 2425, 2433, 2434, 2427, 2435, 2436, 2437, 2429, 2438, 2439, 2431, 2440, 2424, 2441, 2432, 2434, 2432, 2442, 2436, 2443, 2444, 2435, 2429, 2437, 2445, 2443, 2446, 2445, 2447, 2448, 2449, 2447, 2450, 2449, 2450, 2451, 2452, 2453, 2454, 2455, 2456, 2457, 2455, 2458, 2459, 2459, 2460, 2461, 2462, 2460, 2463, 2462, 2464, 2465, 2466, 2464, 2467, 2466, 2468, 2469, 2468, 2470, 2471, 2472, 2473, 2474, 2475, 2476, 2477, 2478, 2479, 2480, 2478, 2481, 2482, 2483, 2481, 2484, 2485, 2484, 2486, 2485, 2487, 2488, 2487, 2489, 2490, 2491, 2492, 2493, 2494, 2495, 2496, 2494, 2497, 2439, 2497, 2441, 2431, 2498, 2499, 2442, 2500, 2443, 2435, 2501, 2500, 2502, 2446, 2503, 2504, 2505, 2446, 2504, 2450, 2505, 2506, 2450, 2507, 2508, 2509, 2457, 2510, 2458, 2457, 2509, 2460, 2511, 2512, 2463, 2512, 2513, 2463, 2514, 2464, 2467, 2514, 2515, 2467, 2515, 2516, 2470, 2468, 2517, 2518, 2479, 2519, 2480, 2520, 2521, 2480, 2522, 2481, 2484, 2522, 2523, 2484, 2524, 2486, 2486, 2524, 2525, 2489, 2487, 2526, 2527, 2528, 2529, 2528, 2530, 2497, 2441, 2531, 2498, 2503, 2501, 2532, 2532, 2533, 2534, 2535, 2504, 2534, 2536, 2505, 2535, 2507, 2506, 2536, 2537, 2511, 2538, 2512, 2537, 2539, 2539, 2540, 2541, 2542, 2513, 2541, 2543, 2514, 2542, 2516, 2515, 2543, 2544, 2520, 2518, 2521, 2544, 2545, 2522, 2545, 2546, 2546, 2547, 2548, 2549, 2523, 2548, 2525, 2524, 2549, 2550, 2551, 2527, 2530, 2550, 2531, 2552, 2540, 2553, 2426, 2420, 2419, 2421, 2418, 2420, 2554, 2423, 2422, 2421, 2420, 2422, 2418, 2430, 2424, 2419, 2433, 2425, 2427, 2423, 2428, 2428, 2438, 2429, 2423, 2554, 2428, 2430, 2440, 2431, 2419, 2424, 2432, 2427, 2429, 2435, 2439, 2497, 2431, 2424, 2431, 2441, 2434, 2433, 2432, 2436, 2435, 2443, 2437, 2502, 2435, 2500, 2435, 2502, 2445, 2444, 2443, 2445, 2446, 2447, 2449, 2448, 2447, 2508, 2451, 2450, 2452, 2449, 2451, 2555, 2454, 2453, 2452, 2451, 2453, 2455, 2454, 2456, 2456, 2510, 2457, 2454, 2555, 2456, 2455, 2457, 2458, 2459, 2458, 2460, 2462, 2461, 2460, 2462, 2463, 2464, 2466, 2465, 2464, 2466, 2467, 2468, 2473, 2472, 2471, 2469, 2468, 2471, 2471, 2472, 2469, 2476, 2472, 2474, 2474, 2477, 2476, 2477, 2519, 2479, 2479, 2475, 2477, 2478, 2475, 2479, 2478, 2480, 2481, 2483, 2482, 2481, 2485, 2483, 2484, 2485, 2486, 2487, 2492, 2491, 2490, 2488, 2487, 2490, 2490, 2491, 2488, 2495, 2491, 2493, 2493, 2496, 2495, 2496, 2529, 2528, 2528, 2494, 2496, 2494, 2528, 2497, 2497, 2530, 2441, 2442, 2432, 2441, 2441, 2498, 2442, 2500, 2503, 2443, 2446, 2443, 2503, 2505, 2447, 2446, 2450, 2447, 2505, 2450, 2506, 2507, 2509, 2538, 2458, 2511, 2458, 2538, 2460, 2458, 2511, 2463, 2460, 2512, 2463, 2513, 2514, 2467, 2464, 2514, 2516, 2517, 2467, 2468, 2467, 2517, 2518, 2520, 2479, 2480, 2479, 2520, 2480, 2521, 2522, 2484, 2481, 2522, 2484, 2523, 2524, 2525, 2526, 2486, 2487, 2486, 2526, 2527, 2551, 2528, 2528, 2551, 2530, 2441, 2530, 2531, 2503, 2500, 2501, 2534, 2504, 2532, 2503, 2532, 2504, 2535, 2505, 2504, 2536, 2506, 2505, 2512, 2511, 2537, 2541, 2513, 2539, 2512, 2539, 2513, 2540, 2552, 2541, 2542, 2514, 2513, 2543, 2515, 2514, 2521, 2520, 2544, 2522, 2521, 2545, 2548, 2523, 2522, 2522, 2546, 2548, 2549, 2524, 2523, 2530, 2551, 2550, 2556, 2557, 2558, 2557, 2559, 2560, 2561, 2562, 2563, 2564, 2565, 2562, 2566, 2567, 2565, 2568, 2569, 2556, 2570, 2559, 2569, 2571, 2564, 2561, 2572, 2566, 2564, 2573, 2574, 2566, 2568, 2575, 2570, 2575, 2576, 2570, 2577, 2572, 2571, 2572, 2578, 2573, 2578, 2579, 2573, 2580, 2581, 2582, 2581, 2583, 2582, 2584, 2585, 2577, 2586, 2578, 2585, 2587, 2588, 2578, 2589, 2581, 2590, 2591, 2592, 2581, 2593, 2586, 2584, 2586, 2594, 2587, 2594, 2595, 2587, 2596, 2591, 2589, 2597, 2598, 2591, 2593, 2599, 2600, 2599, 2594, 2600, 2594, 2601, 2602, 2603, 2604, 2605, 2604, 2606, 2605, 2607, 2608, 2609, 2610, 2611, 2608, 2612, 2613, 2611, 2614, 2604, 2615, 2616, 2617, 2604, 2618, 2610, 2607, 2610, 2619, 2612, 2619, 2620, 2612, 2614, 2621, 2616, 2621, 2622, 2616, 2618, 2623, 2624, 2624, 2625, 2619, 2619, 2626, 2627, 2628, 2621, 2629, 2621, 2630, 2631, 2632, 2633, 2623, 2633, 2625, 2623, 2634, 2626, 2625, 2628, 2635, 2636, 2635, 2630, 2636, 2637, 2633, 2638, 2639, 2634, 2633, 2640, 2641, 2634, 2642, 2643, 2644, 2643, 2645, 2646, 2637, 2647, 2639, 2639, 2648, 2640, 2640, 2649, 2650, 2642, 2651, 2652, 2651, 2645, 2652, 2653, 2647, 2654, 2655, 2648, 2647, 2656, 2649, 2648, 2657, 2658, 2651, 2651, 2659, 2660, 2661, 2655, 2653, 2655, 2662, 2656, 2662, 2663, 2656, 2664, 2658, 2665, 2658, 2666, 2659, 2661, 2667, 2668, 2668, 2669, 2662, 2662, 2670, 2671, 2558, 2672, 2664, 2672, 2560, 2666, 2563, 2667, 2673, 2562, 2669, 2667, 2565, 2670, 2669, 2601, 2674, 2675, 2676, 2677, 2674, 2599, 2678, 2677, 2679, 2597, 2680, 2597, 2681, 2680, 2675, 2682, 2683, 2674, 2684, 2682, 2677, 2685, 2684, 2679, 2686, 2687, 2680, 2688, 2686, 2683, 2689, 2690, 2682, 2691, 2689, 2684, 2692, 2691, 2693, 2686, 2694, 2686, 2695, 2694, 2690, 2696, 2697, 2689, 2698, 2696, 2691, 2699, 2698, 2693, 2700, 2701, 2694, 2702, 2700, 2697, 2703, 2704, 2703, 2698, 2705, 2698, 2706, 2705, 2707, 2700, 2708, 2700, 2709, 2708, 2704, 2710, 2711, 2703, 2712, 2710, 2705, 2713, 2712, 2714, 2715, 2716, 2717, 2718, 2715, 2711, 2719, 2720, 2710, 2721, 2719, 2721, 2713, 2722, 2716, 2723, 2724, 2715, 2725, 2723, 2720, 2726, 2727, 2726, 2721, 2728, 2721, 2729, 2728, 2730, 2723, 2731, 2723, 2732, 2731, 2733, 2726, 2734, 2734, 2728, 2735, 2728, 2736, 2735, 2737, 2731, 2738, 2738, 2732, 2739, 2740, 2734, 2741, 2734, 2742, 2741, 2742, 2736, 2743, 2744, 2738, 2745, 2738, 2746, 2745, 2747, 2741, 2748, 2748, 2742, 2749, 2742, 2750, 2749, 2744, 2751, 2752, 2745, 2753, 2751, 2747, 2754, 2755, 2748, 2756, 2754, 2749, 2757, 2756, 2752, 2758, 2759, 2751, 2760, 2758, 2761, 2754, 2762, 2754, 2763, 2762, 2763, 2757, 2764, 2759, 2765, 2766, 2765, 2760, 2767, 2768, 2762, 2769, 2762, 2770, 2769, 2763, 2771, 2770, 2772, 2773, 2774, 2773, 2775, 2774, 2768, 2776, 2777, 2769, 2778, 2776, 2770, 2779, 2778, 2780, 2774, 2781, 2774, 2782, 2781, 2777, 2611, 2613, 2611, 2778, 2608, 2778, 2609, 2608, 2780, 2605, 2606, 2605, 2782, 2603, 2556, 2569, 2557, 2557, 2569, 2559, 2561, 2564, 2562, 2564, 2566, 2565, 2566, 2574, 2567, 2568, 2570, 2569, 2570, 2576, 2559, 2571, 2572, 2564, 2572, 2573, 2566, 2573, 2579, 2574, 2568, 2783, 2575, 2575, 2784, 2576, 2577, 2585, 2572, 2572, 2585, 2578, 2578, 2588, 2579, 2580, 2590, 2581, 2581, 2592, 2583, 2584, 2586, 2585, 2586, 2587, 2578, 2587, 2595, 2588, 2589, 2591, 2581, 2591, 2598, 2592, 2593, 2600, 2586, 2586, 2600, 2594, 2594, 2602, 2595, 2596, 2597, 2591, 2597, 2785, 2598, 2593, 2786, 2599, 2599, 2676, 2594, 2594, 2676, 2601, 2603, 2615, 2604, 2604, 2617, 2606, 2607, 2610, 2608, 2610, 2612, 2611, 2612, 2620, 2613, 2614, 2616, 2604, 2616, 2622, 2617, 2618, 2624, 2610, 2610, 2624, 2619, 2619, 2627, 2620, 2614, 2629, 2621, 2621, 2631, 2622, 2618, 2632, 2623, 2624, 2623, 2625, 2619, 2625, 2626, 2628, 2636, 2621, 2621, 2636, 2630, 2632, 2638, 2633, 2633, 2634, 2625, 2634, 2641, 2626, 2628, 2787, 2635, 2635, 2788, 2630, 2637, 2639, 2633, 2639, 2640, 2634, 2640, 2650, 2641, 2642, 2652, 2643, 2643, 2652, 2645, 2637, 2654, 2647, 2639, 2647, 2648, 2640, 2648, 2649, 2642, 2657, 2651, 2651, 2660, 2645, 2653, 2655, 2647, 2655, 2656, 2648, 2656, 2663, 2649, 2657, 2665, 2658, 2651, 2658, 2659, 2661, 2668, 2655, 2655, 2668, 2662, 2662, 2671, 2663, 2664, 2672, 2658, 2658, 2672, 2666, 2661, 2673, 2667, 2668, 2667, 2669, 2662, 2669, 2670, 2558, 2557, 2672, 2672, 2557, 2560, 2563, 2562, 2667, 2562, 2565, 2669, 2565, 2567, 2670, 2601, 2676, 2674, 2676, 2599, 2677, 2599, 2786, 2678, 2679, 2785, 2597, 2597, 2596, 2681, 2675, 2674, 2682, 2674, 2677, 2684, 2677, 2678, 2685, 2679, 2680, 2686, 2680, 2681, 2688, 2683, 2682, 2689, 2682, 2684, 2691, 2684, 2685, 2692, 2693, 2687, 2686, 2686, 2688, 2695, 2690, 2689, 2696, 2689, 2691, 2698, 2691, 2692, 2699, 2693, 2694, 2700, 2694, 2695, 2702, 2697, 2696, 2703, 2703, 2696, 2698, 2698, 2699, 2706, 2707, 2701, 2700, 2700, 2702, 2709, 2704, 2703, 2710, 2703, 2705, 2712, 2705, 2706, 2713, 2714, 2717, 2715, 2717, 2789, 2718, 2711, 2710, 2719, 2710, 2712, 2721, 2721, 2712, 2713, 2716, 2715, 2723, 2715, 2718, 2725, 2720, 2719, 2726, 2726, 2719, 2721, 2721, 2722, 2729, 2730, 2724, 2723, 2723, 2725, 2732, 2733, 2727, 2726, 2734, 2726, 2728, 2728, 2729, 2736, 2737, 2730, 2731, 2738, 2731, 2732, 2740, 2733, 2734, 2734, 2735, 2742, 2742, 2735, 2736, 2744, 2737, 2738, 2738, 2739, 2746, 2747, 2740, 2741, 2748, 2741, 2742, 2742, 2743, 2750, 2744, 2745, 2751, 2745, 2746, 2753, 2747, 2748, 2754, 2748, 2749, 2756, 2749, 2750, 2757, 2752, 2751, 2758, 2751, 2753, 2760, 2761, 2755, 2754, 2754, 2756, 2763, 2763, 2756, 2757, 2759, 2758, 2765, 2765, 2758, 2760, 2768, 2761, 2762, 2762, 2763, 2770, 2763, 2764, 2771, 2772, 2790, 2773, 2773, 2791, 2775, 2768, 2769, 2776, 2769, 2770, 2778, 2770, 2771, 2779, 2780, 2772, 2774, 2774, 2775, 2782, 2777, 2776, 2611, 2611, 2776, 2778, 2778, 2779, 2609, 2780, 2781, 2605, 2605, 2781, 2782, 2792, 2793, 2794, 2795, 2796, 2793, 2797, 2798, 2796, 2799, 2800, 2801, 2800, 2802, 2801, 2803, 2793, 2804, 2804, 2796, 2805, 2805, 2798, 2806, 2799, 2807, 2808, 2801, 2809, 2807, 2810, 2795, 2792, 2811, 2797, 2795, 2812, 2813, 2797, 2814, 2800, 2815, 2816, 2817, 2800, 2803, 2818, 2819, 2804, 2820, 2818, 2820, 2806, 2821, 2808, 2822, 2823, 2807, 2824, 2822, 2825, 2818, 2826, 2826, 2820, 2827, 2827, 2821, 2828, 2823, 2829, 2830, 2829, 2824, 2831, 2832, 2826, 2833, 2833, 2827, 2834, 2827, 2835, 2834, 2836, 2829, 2837, 2829, 2838, 2837, 2832, 2839, 2840, 2839, 2834, 2841, 2841, 2835, 2842, 2843, 2844, 2845, 2846, 2847, 2844, 2848, 2839, 2849, 2849, 2841, 2850, 2841, 2851, 2850, 2845, 2852, 2853, 2844, 2854, 2852, 2848, 2855, 2856, 2855, 2850, 2857, 2850, 2858, 2857, 2853, 2859, 2860, 2852, 2861, 2859, 2862, 2855, 2863, 2863, 2857, 2864, 2857, 2865, 2864, 2860, 2866, 2867, 2866, 2861, 2868, 2862, 2869, 2870, 2863, 2871, 2869, 2871, 2865, 2872, 2867, 2873, 2874, 2866, 2875, 2873, 2870, 2876, 2877, 2869, 2878, 2876, 2878, 2872, 2879, 2874, 2880, 2881, 2880, 2875, 2882, 2883, 2876, 2884, 2884, 2878, 2885, 2885, 2879, 2886, 2881, 2887, 2888, 2887, 2882, 2889, 2883, 2890, 2891, 2890, 2885, 2892, 2892, 2886, 2893, 2888, 2894, 2895, 2894, 2889, 2896, 2897, 2890, 2898, 2890, 2899, 2898, 2892, 2900, 2899, 2901, 2902, 2903, 2902, 2904, 2905, 2897, 2906, 2907, 2906, 2899, 2908, 2899, 2909, 2908, 2903, 2910, 2911, 2910, 2905, 2912, 2907, 2913, 2914, 2906, 2915, 2913, 2915, 2909, 2916, 2911, 2917, 2918, 2910, 2919, 2917, 2914, 2920, 2921, 2913, 2922, 2920, 2915, 2923, 2922, 2918, 2924, 2925, 2917, 2926, 2924, 2921, 2927, 2928, 2927, 2922, 2929, 2922, 2930, 2929, 2925, 2931, 2932, 2924, 2933, 2931, 2928, 2934, 2935, 2927, 2936, 2934, 2929, 2937, 2936, 2932, 2938, 2939, 2931, 2940, 2938, 2941, 2934, 2942, 2942, 2936, 2943, 2936, 2944, 2943, 2939, 2945, 2946, 2938, 2947, 2945, 2948, 2942, 2949, 2949, 2943, 2950, 2943, 2951, 2950, 2946, 2952, 2953, 2945, 2954, 2952, 2948, 2955, 2956, 2949, 2957, 2955, 2957, 2951, 2958, 2959, 2960, 2961, 2960, 2962, 2961, 2956, 2963, 2964, 2955, 2965, 2963, 2965, 2958, 2966, 2959, 2967, 2968, 2967, 2962, 2969, 2970, 2963, 2971, 2971, 2965, 2972, 2973, 2968, 2974, 2968, 2975, 2974, 2975, 2969, 2976, 2970, 2977, 2978, 2971, 2979, 2977, 2973, 2980, 2981, 2974, 2982, 2980, 2975, 2983, 2982, 2978, 2984, 2985, 2977, 2986, 2984, 2979, 2987, 2986, 2980, 2988, 2989, 2982, 2990, 2988, 2991, 2984, 2992, 2992, 2986, 2993, 2986, 2994, 2993, 2989, 2995, 2996, 2995, 2990, 2997, 2991, 2998, 2999, 2998, 2993, 3000, 3000, 2994, 3001, 2996, 3002, 3003, 2995, 3004, 3002, 2999, 3005, 3006, 2998, 3007, 3005, 3000, 3008, 3007, 3003, 3009, 3010, 3002, 3011, 3009, 3012, 3005, 3013, 3013, 3007, 3014, 3014, 3008, 3015, 3016, 3017, 3018, 3019, 3020, 3017, 2810, 3013, 2811, 3013, 2812, 2811, 3014, 3021, 2812, 3018, 2816, 2814, 3017, 3022, 2816, 2792, 2795, 2793, 2795, 2797, 2796, 2797, 2813, 2798, 2799, 2815, 2800, 2800, 2817, 2802, 2803, 2794, 2793, 2804, 2793, 2796, 2805, 2796, 2798, 2799, 2801, 2807, 2801, 2802, 2809, 2810, 2811, 2795, 2811, 2812, 2797, 2812, 3021, 2813, 2814, 2816, 2800, 2816, 3022, 2817, 2803, 2804, 2818, 2804, 2805, 2820, 2820, 2805, 2806, 2808, 2807, 2822, 2807, 2809, 2824, 2825, 2819, 2818, 2826, 2818, 2820, 2827, 2820, 2821, 2823, 2822, 2829, 2829, 2822, 2824, 2832, 2825, 2826, 2833, 2826, 2827, 2827, 2828, 2835, 2836, 2830, 2829, 2829, 2831, 2838, 2832, 2833, 2839, 2839, 2833, 2834, 2841, 2834, 2835, 2843, 2846, 2844, 2846, 3023, 2847, 2848, 2840, 2839, 2849, 2839, 2841, 2841, 2842, 2851, 2845, 2844, 2852, 2844, 2847, 2854, 2848, 2849, 2855, 2855, 2849, 2850, 2850, 2851, 2858, 2853, 2852, 2859, 2852, 2854, 2861, 2862, 2856, 2855, 2863, 2855, 2857, 2857, 2858, 2865, 2860, 2859, 2866, 2866, 2859, 2861, 2862, 2863, 2869, 2863, 2864, 2871, 2871, 2864, 2865, 2867, 2866, 2873, 2866, 2868, 2875, 2870, 2869, 2876, 2869, 2871, 2878, 2878, 2871, 2872, 2874, 2873, 2880, 2880, 2873, 2875, 2883, 2877, 2876, 2884, 2876, 2878, 2885, 2878, 2879, 2881, 2880, 2887, 2887, 2880, 2882, 2883, 2884, 2890, 2890, 2884, 2885, 2892, 2885, 2886, 2888, 2887, 2894, 2894, 2887, 2889, 2897, 2891, 2890, 2890, 2892, 2899, 2892, 2893, 2900, 2901, 3024, 2902, 2902, 3024, 2904, 2897, 2898, 2906, 2906, 2898, 2899, 2899, 2900, 2909, 2903, 2902, 2910, 2910, 2902, 2905, 2907, 2906, 2913, 2906, 2908, 2915, 2915, 2908, 2909, 2911, 2910, 2917, 2910, 2912, 2919, 2914, 2913, 2920, 2913, 2915, 2922, 2915, 2916, 2923, 2918, 2917, 2924, 2917, 2919, 2926, 2921, 2920, 2927, 2927, 2920, 2922, 2922, 2923, 2930, 2925, 2924, 2931, 2924, 2926, 2933, 2928, 2927, 2934, 2927, 2929, 2936, 2929, 2930, 2937, 2932, 2931, 2938, 2931, 2933, 2940, 2941, 2935, 2934, 2942, 2934, 2936, 2936, 2937, 2944, 2939, 2938, 2945, 2938, 2940, 2947, 2948, 2941, 2942, 2949, 2942, 2943, 2943, 2944, 2951, 2946, 2945, 2952, 2945, 2947, 2954, 2948, 2949, 2955, 2949, 2950, 2957, 2957, 2950, 2951, 2959, 3025, 2960, 2960, 3026, 2962, 2956, 2955, 2963, 2955, 2957, 2965, 2965, 2957, 2958, 2959, 2961, 2967, 2967, 2961, 2962, 2970, 2964, 2963, 2971, 2963, 2965, 2972, 2965, 2966, 2968, 2967, 2975, 2975, 2967, 2969, 2970, 2971, 2977, 2971, 2972, 2979, 2973, 2974, 2980, 2974, 2975, 2982, 2975, 2976, 2983, 2978, 2977, 2984, 2977, 2979, 2986, 2981, 2980, 2989, 2980, 2982, 2988, 2982, 2983, 2990, 2991, 2985, 2984, 2992, 2984, 2986, 2986, 2987, 2994, 2989, 2988, 2995, 2995, 2988, 2990, 2991, 2992, 2998, 2998, 2992, 2993, 3000, 2993, 2994, 2996, 2995, 3002, 2995, 2997, 3004, 2999, 2998, 3005, 2998, 3000, 3007, 3000, 3001, 3008, 3003, 3002, 3009, 3002, 3004, 3011, 3012, 3006, 3005, 3013, 3005, 3007, 3014, 3007, 3008, 3016, 3019, 3017, 3019, 3027, 3020, 2810, 3012, 3013, 3013, 3014, 2812, 3014, 3015, 3021, 3018, 3017, 2816, 3017, 3020, 3022, 3028, 3029, 3030, 3031, 3032, 3029, 3033, 3034, 3032, 3035, 3036, 3037, 3036, 3038, 3037, 3030, 3039, 3040, 3029, 3041, 3039, 3032, 3042, 3041, 3035, 3043, 3044, 3043, 3038, 3045, 3046, 3031, 3028, 3047, 3033, 3031, 3048, 3049, 3033, 3050, 3036, 3051, 3036, 3052, 3053, 3040, 3054, 3055, 3054, 3041, 3056, 3056, 3042, 3057, 3044, 3058, 3059, 3058, 3045, 3060, 3061, 3054, 3062, 3062, 3056, 3063, 3056, 3064, 3063, 3059, 3065, 3066, 3065, 3060, 3067, 3061, 3068, 3069, 3062, 3070, 3068, 3063, 3071, 3070, 3066, 3072, 3073, 3065, 3074, 3072, 3069, 3075, 3076, 3068, 3077, 3075, 3070, 3078, 3077, 3079, 3080, 3081, 3080, 3082, 3081, 3083, 3075, 3084, 3084, 3077, 3085, 3085, 3078, 3086, 3079, 3087, 3088, 3081, 3089, 3087, 3083, 3090, 3091, 3090, 3085, 3092, 3085, 3093, 3092, 3088, 3094, 3095, 3087, 3096, 3094, 3097, 3090, 3098, 3098, 3092, 3099, 3092, 3100, 3099, 3095, 3101, 3102, 3101, 3096, 3103, 3097, 3104, 3105, 3098, 3106, 3104, 3106, 3100, 3107, 3102, 3108, 3109, 3101, 3110, 3108, 3105, 3111, 3112, 3104, 3113, 3111, 3106, 3114, 3113, 3109, 3115, 3116, 3115, 3110, 3117, 3118, 3111, 3119, 3119, 3113, 3120, 3120, 3114, 3121, 3116, 3122, 3123, 3122, 3117, 3124, 3118, 3125, 3126, 3125, 3120, 3127, 3120, 3128, 3127, 3123, 3129, 3130, 3129, 3124, 3131, 3126, 3132, 3133, 3132, 3127, 3134, 3127, 3135, 3134, 3136, 3137, 3138, 3138, 3139, 3140, 3141, 3132, 3142, 3142, 3134, 3143, 3134, 3144, 3143, 3136, 3145, 3146, 3145, 3140, 3147, 3148, 3142, 3149, 3149, 3143, 3150, 3150, 3144, 3151, 3146, 3152, 3153, 3145, 3154, 3152, 3148, 3155, 3156, 3149, 3157, 3155, 3150, 3158, 3157, 3153, 3159, 3160, 3159, 3154, 3161, 3156, 3162, 3163, 3162, 3157, 3164, 3157, 3165, 3164, 3160, 3166, 3167, 3166, 3161, 3168, 3169, 3162, 3170, 3162, 3171, 3170, 3164, 3172, 3171, 3167, 3173, 3174, 3166, 3175, 3173, 3176, 3170, 3177, 3177, 3171, 3178, 3171, 3179, 3178, 3174, 3180, 3181, 3180, 3175, 3182, 3176, 3183, 3184, 3183, 3178, 3185, 3185, 3179, 3186, 3187, 3180, 3188, 3180, 3189, 3188, 3184, 3190, 3191, 3190, 3185, 3192, 3192, 3186, 3193, 3194, 3195, 3196, 3197, 3198, 3195, 3199, 3190, 3200, 3190, 3201, 3200, 3201, 3193, 3202, 3196, 3203, 3204, 3195, 3205, 3203, 3206, 3200, 3207, 3207, 3201, 3208, 3208, 3202, 3209, 3204, 3210, 3211, 3210, 3205, 3212, 3213, 3207, 3214, 3214, 3208, 3215, 3215, 3209, 3216, 3211, 3217, 3218, 3217, 3212, 3219, 3213, 3220, 3221, 3214, 3222, 3220, 3215, 3223, 3222, 3218, 3224, 3225, 3217, 3226, 3224, 3227, 3220, 3228, 3228, 3222, 3229, 3222, 3230, 3229, 3225, 3231, 3232, 3224, 3233, 3231, 3227, 3234, 3235, 3234, 3229, 3236, 3236, 3230, 3237, 3238, 3231, 3239, 3231, 3240, 3239, 3235, 3241, 3242, 3234, 3243, 3241, 3236, 3244, 3243, 3238, 3245, 3246, 3239, 3247, 3245, 3248, 3241, 3249, 3249, 3243, 3250, 3250, 3244, 3251, 3252, 3253, 3254, 3255, 3256, 3253, 3046, 3249, 3047, 3249, 3048, 3047, 3250, 3257, 3048, 3254, 3258, 3050, 3253, 3052, 3258, 3028, 3031, 3029, 3031, 3033, 3032, 3033, 3049, 3034, 3035, 3051, 3036, 3036, 3053, 3038, 3030, 3029, 3039, 3029, 3032, 3041, 3032, 3034, 3042, 3035, 3037, 3043, 3043, 3037, 3038, 3046, 3047, 3031, 3047, 3048, 3033, 3048, 3257, 3049, 3050, 3258, 3036, 3036, 3258, 3052, 3040, 3039, 3054, 3054, 3039, 3041, 3056, 3041, 3042, 3044, 3043, 3058, 3058, 3043, 3045, 3061, 3055, 3054, 3062, 3054, 3056, 3056, 3057, 3064, 3059, 3058, 3065, 3065, 3058, 3060, 3061, 3062, 3068, 3062, 3063, 3070, 3063, 3064, 3071, 3066, 3065, 3072, 3065, 3067, 3074, 3069, 3068, 3075, 3068, 3070, 3077, 3070, 3071, 3078, 3079, 3259, 3080, 3080, 3260, 3082, 3083, 3076, 3075, 3084, 3075, 3077, 3085, 3077, 3078, 3079, 3081, 3087, 3081, 3082, 3089, 3083, 3084, 3090, 3090, 3084, 3085, 3085, 3086, 3093, 3088, 3087, 3094, 3087, 3089, 3096, 3097, 3091, 3090, 3098, 3090, 3092, 3092, 3093, 3100, 3095, 3094, 3101, 3101, 3094, 3096, 3097, 3098, 3104, 3098, 3099, 3106, 3106, 3099, 3100, 3102, 3101, 3108, 3101, 3103, 3110, 3105, 3104, 3111, 3104, 3106, 3113, 3106, 3107, 3114, 3109, 3108, 3115, 3115, 3108, 3110, 3118, 3112, 3111, 3119, 3111, 3113, 3120, 3113, 3114, 3116, 3115, 3122, 3122, 3115, 3117, 3118, 3119, 3125, 3125, 3119, 3120, 3120, 3121, 3128, 3123, 3122, 3129, 3129, 3122, 3124, 3126, 3125, 3132, 3132, 3125, 3127, 3127, 3128, 3135, 3136, 3261, 3137, 3138, 3137, 3139, 3141, 3133, 3132, 3142, 3132, 3134, 3134, 3135, 3144, 3136, 3138, 3145, 3145, 3138, 3140, 3148, 3141, 3142, 3149, 3142, 3143, 3150, 3143, 3144, 3146, 3145, 3152, 3145, 3147, 3154, 3148, 3149, 3155, 3149, 3150, 3157, 3150, 3151, 3158, 3153, 3152, 3159, 3159, 3152, 3154, 3156, 3155, 3162, 3162, 3155, 3157, 3157, 3158, 3165, 3160, 3159, 3166, 3166, 3159, 3161, 3169, 3163, 3162, 3162, 3164, 3171, 3164, 3165, 3172, 3167, 3166, 3173, 3166, 3168, 3175, 3176, 3169, 3170, 3177, 3170, 3171, 3171, 3172, 3179, 3174, 3173, 3180, 3180, 3173, 3175, 3176, 3177, 3183, 3183, 3177, 3178, 3185, 3178, 3179, 3187, 3181, 3180, 3180, 3182, 3189, 3184, 3183, 3190, 3190, 3183, 3185, 3192, 3185, 3186, 3194, 3197, 3195, 3197, 3262, 3198, 3199, 3191, 3190, 3190, 3192, 3201, 3201, 3192, 3193, 3196, 3195, 3203, 3195, 3198, 3205, 3206, 3199, 3200, 3207, 3200, 3201, 3208, 3201, 3202, 3204, 3203, 3210, 3210, 3203, 3205, 3213, 3206, 3207, 3214, 3207, 3208, 3215, 3208, 3209, 3211, 3210, 3217, 3217, 3210, 3212, 3213, 3214, 3220, 3214, 3215, 3222, 3215, 3216, 3223, 3218, 3217, 3224, 3217, 3219, 3226, 3227, 3221, 3220, 3228, 3220, 3222, 3222, 3223, 3230, 3225, 3224, 3231, 3224, 3226, 3233, 3227, 3228, 3234, 3234, 3228, 3229, 3236, 3229, 3230, 3238, 3232, 3231, 3231, 3233, 3240, 3235, 3234, 3241, 3234, 3236, 3243, 3236, 3237, 3244, 3238, 3239, 3245, 3239, 3240, 3247, 3248, 3242, 3241, 3249, 3241, 3243, 3250, 3243, 3244, 3252, 3255, 3253, 3255, 3263, 3256, 3046, 3248, 3249, 3249, 3250, 3048, 3250, 3251, 3257, 3254, 3253, 3258, 3253, 3256, 3052]
            rel material:binding = </EStopButton/Looks/Scene___Root>
            normal3f[] normals = [(-0.99353224, -0.11355103, 2.5213393e-17), (-0.9935331, -0.113543004, 2.5211611e-17), (-0.9935335, -0.11354005, 2.5210956e-17), (-0.9935333, -0.11354103, -0.000019000005), (-0.9935333, -0.11354103, -0.000019000005), (-0.9935332, -0.11354202, -0.000014000003), (0.9935332, -0.11354202, 2.5211393e-17), (0.9935332, -0.11354202, 2.5211393e-17), (0.9935332, -0.11354202, 2.5211393e-17), (0.99353355, -0.11353906, -0.000021000013), (0.99353355, -0.11353906, -0.000021000013), (0.99353355, -0.11353906, -0.000021000013), (0.9935313, -0.11355904, 2.5215172e-17), (0.9935313, -0.11355904, 2.5215172e-17), (0.9935313, -0.11355904, 2.5215172e-17), (0.9935333, -0.11354103, 0.000012000004), (0.9935333, -0.11354103, 0.000012000004), (0.9935333, -0.11354103, 0.000012000004), (0.9935333, -0.11354103, 0.000011000003), (0.9935333, -0.11354103, 0.000011000003), (-0.0000010000001, -0.11354202, -0.9935332), (9.999999e-7, -0.113543995, -0.993533), (9.999999e-7, -0.113543995, -0.993533), (-0.000017000004, -0.11355103, -0.99353224), (-0.000017000004, -0.11355103, -0.99353224), (-0.000017000004, -0.11355103, -0.99353224), (-0.9935337, -0.11353797, -0.000016999995), (-0.9935337, -0.11353797, -0.000016999995), (-0.9935337, -0.11353797, -0.000016999995), (-0.99353224, -0.11355103, 2.5213393e-17), (-0.99353224, -0.11355103, 2.5213393e-17), (-0.9935332, -0.11354202, 0.000019000001), (-0.9935332, -0.11354202, 0.000019000001), (-0.9935332, -0.11354202, 0.000019000001), (-0.99353355, -0.11353896, -0.000019999992), (-0.99353355, -0.11353896, -0.000019999992), (-0.99353355, -0.11353896, -0.000019999992), (-0.9935332, -0.11354202, -0.000014000003), (-0.9935332, -0.11354202, -0.000014000003), (-0.0000050000017, -0.5640331, 0.8257522), (-0.0000050000017, -0.5640331, 0.8257522), (0, -0.5640308, 0.82575375), (-0.0006860002, -0.113556035, 0.99353135), (-0.0006860002, -0.113556035, 0.99353135), (-0.0006860002, -0.113556035, 0.99353135), (0, -0.11354794, 0.99353254), (0, -0.11354794, 0.99353254), (0, -0.11354202, 0.9935332), (0, -0.11485997, -0.99338174), (0, -0.11485997, -0.99338174), (0, -0.11485997, -0.99338174), (0.0000050000012, -0.11353203, -0.9935343), (0.0000050000012, -0.11353203, -0.9935343), (0.0000050000012, -0.11353203, -0.9935343), (-0.000016999993, -0.113503955, -0.99353755), (-0.000016999993, -0.113503955, -0.99353755), (-0.000016999993, -0.113503955, -0.99353755), (-0.9935522, -0.113376014, -0.000026000005), (-0.9935522, -0.113376014, -0.000026000005), (-0.9935522, -0.113376014, -0.000026000005), (-0.9848996, -0.1731269, 3.8441895e-17), (-0.9848996, -0.1731269, 3.8441895e-17), (-0.9848996, -0.1731269, 3.8441895e-17), (-0.9935332, -0.11354202, -0.000011000002), (-0.9935332, -0.11354202, -0.000011000002), (-0.9935332, -0.11354202, -0.000011000002), (-0.9935333, -0.11354103, 2.5211173e-17), (-0.9935333, -0.11354103, 2.5211173e-17), (-0.9935333, -0.11354103, 2.5211173e-17), (-0.9935335, -0.11354005, 2.5210956e-17), (-0.9935335, -0.11354005, 2.5210956e-17), (0.9935333, -0.11354103, 0.000006000002), (0.9935333, -0.11354103, 0.000006000002), (0.9935333, -0.11354103, 0.000006000002), (-0.9935333, -0.11354103, 0.000013000004), (-0.9935333, -0.11354103, 0.000013000004), (-0.9935333, -0.11354103, 0.000013000004), (-0.9935331, -0.113543004, 2.5211611e-17), (-0.9935331, -0.113543004, 2.5211611e-17), (-0.9935331, -0.113543004, 2.5211611e-17), (-0.9935333, -0.11354103, 0.000013000004), (-0.9935333, -0.11354103, 0.000013000004), (-0.9935333, -0.11354103, 0.000013000004), (-0.9935331, -0.113543004, -0.000019), (-0.9935331, -0.113543004, -0.000019), (-0.9935331, -0.113543004, -0.000019), (0, -0.11354202, 0.9935332), (0, -0.11354202, 0.9935332), (-0.0000010000003, -0.11354103, 0.9935333), (-0.000005, -0.113543004, -0.9935331), (0.000002, -0.11354499, -0.9935329), (0.000002, -0.11354499, -0.9935329), (0.00003700001, -0.11348102, -0.9935401), (0.00003700001, -0.11348102, -0.9935401), (0.00003700001, -0.11348102, -0.9935401), (0.000006999998, -0.11353797, -0.9935337), (0.000006999998, -0.11353797, -0.9935337), (0.000006999998, -0.11353797, -0.9935337), (-0.0000020000002, -0.11354202, -0.9935332), (-0.0000020000002, -0.11354202, -0.9935332), (0, -0.113327965, -0.9935577), (0, -0.113327965, -0.9935577), (0, -0.113327965, -0.9935577), (-0.0000050000017, -0.11353303, -0.99353427), (-0.0000050000017, -0.11353303, -0.99353427), (0, -0.11354103, -0.9935333), (-0.9935332, -0.11354202, 2.5211393e-17), (-0.9935332, -0.11354202, 2.5211393e-17), (0.9935371, -0.113508016, 2.5203843e-17), (0.9935371, -0.113508016, 2.5203843e-17), (0.9935371, -0.113508016, 2.5203843e-17), (0.9935332, -0.11354202, 0.000020000005), (0.9935332, -0.11354202, 0.000020000005), (0.9935332, -0.11354202, 0.000020000005), (0.99320346, -0.11639094, 2.5843981e-17), (0.99320346, -0.11639094, 2.5843981e-17), (0.99320346, -0.11639094, 2.5843981e-17), (0.9935332, -0.11354202, 2.5211393e-17), (0.9935332, -0.11354202, 2.5211393e-17), (0.9935349, -0.11352699, 2.5208056e-17), (0.9935349, -0.11352699, 2.5208056e-17), (0.9935349, -0.11352699, 2.5208056e-17), (0.8257497, -0.56403685, 0.000010999996), (0.8257497, -0.56403685, 0.000010999996), (0.8257497, -0.56403685, 0.000010999996), (-0.000004999998, -0.56403685, -0.8257497), (-0.000004999998, -0.56403685, -0.8257497), (-0.000004999998, -0.56403685, -0.8257497), (-9.999997e-7, -0.11353797, 0.9935337), (-9.999997e-7, -0.11353797, 0.9935337), (-9.999997e-7, -0.11353797, 0.9935337), (-0.000012000004, -0.11355103, 0.99353224), (-0.000012000004, -0.11355103, 0.99353224), (-0.000012000004, -0.11355103, 0.99353224), (-0.00008500003, -0.11355103, 0.99353224), (-0.00008500003, -0.11355103, 0.99353224), (-0.00008500003, -0.11355103, 0.99353224), (-0.9935331, -0.113543004, 2.5211611e-17), (-0.9935331, -0.113543004, 2.5211611e-17), (-0.9935332, -0.11354202, 2.5211393e-17), (0.0000010000001, -0.11354202, -0.9935332), (0.0000010000001, -0.11354202, -0.9935332), (0.0000010000001, -0.11354202, -0.9935332), (-0.000009999999, -0.113543995, 0.993533), (-0.000009999999, -0.113543995, 0.993533), (-0.000009999999, -0.113543995, 0.993533), (0.0000020000002, -0.11354202, 0.9935332), (-0.000006999997, -0.11353896, 0.99353355), (0.000005000002, -0.11354005, 0.9935335), (0, -0.11291002, 0.9936052), (0, -0.11291002, 0.9936052), (0, -0.11291002, 0.9936052), (0.0000050000017, -0.11353105, 0.99353445), (0.0000050000017, -0.11353105, 0.99353445), (0.0000050000017, -0.11353105, 0.99353445), (-0.99353355, -0.11353896, -0.000006999997), (-0.99353355, -0.11353896, -0.000006999997), (-0.99353355, -0.11353896, -0.000006999997), (-0.99353176, -0.11355496, 2.5214267e-17), (-0.99353176, -0.11355496, 2.5214267e-17), (-0.99353176, -0.11355496, 2.5214267e-17), (-0.9935329, -0.11354499, -0.00002), (-0.9935329, -0.11354499, -0.00002), (-0.9935329, -0.11354499, -0.00002), (-0.9858685, -0.16752093, 3.7197118e-17), (-0.9858685, -0.16752093, 3.7197118e-17), (-0.9858685, -0.16752093, 3.7197118e-17), (-0.9935333, -0.11354103, 2.5211173e-17), (-0.9935333, -0.11354103, 2.5211173e-17), (-0.9935355, -0.11352206, 2.5206961e-17), (-0.9935355, -0.11352206, 2.5206961e-17), (-0.9935355, -0.11352206, 2.5206961e-17), (-0.8257474, -0.5640402, -0.000010000003), (-0.8257474, -0.5640402, -0.000010000003), (-0.8257474, -0.5640402, -0.000010000003), (-0.000006999997, -0.11353896, 0.99353355), (-0.000006999997, -0.11353896, 0.99353355), (0.000011999997, -0.11351197, -0.99353665), (0.000011999997, -0.11351197, -0.99353665), (0.000011999997, -0.11351197, -0.99353665), (0.000006999999, -0.11353599, -0.99353397), (0.000006999999, -0.11353599, -0.99353397), (0.00008499997, -0.113536954, -0.9935338), (0.00008499997, -0.113536954, -0.9935338), (0.00008499997, -0.113536954, -0.9935338), (-0.0000020000007, -0.11354103, -0.9935333), (-0.0000020000007, -0.11354103, -0.9935333), (0.9935331, -0.113543004, 0.000019), (0.9935331, -0.113543004, 0.000019), (0.9935331, -0.113543004, 0.000019), (-0.99352926, -0.11357703, 2.5219167e-17), (-0.99352926, -0.11357703, 2.5219167e-17), (-0.99352926, -0.11357703, 2.5219167e-17), (-0.9935337, -0.11353797, 2.5210493e-17), (-0.9935333, -0.11354103, 0.000006000002), (-0.9935337, -0.11353797, 2.5210493e-17), (0.000001, -0.113543004, 0.9935331), (-0.0000010000005, -0.11353906, 0.99353355), (-0.0000010000005, -0.11353906, 0.99353355), (0.000052, -0.11359501, 0.9935271), (0.000052, -0.11359501, 0.9935271), (0.000052, -0.11359501, 0.9935271), (0.9935333, -0.11354103, 2.5211173e-17), (0.9935332, -0.11354202, 2.5211393e-17), (0.9935332, -0.11354202, 2.5211393e-17), (0.9935349, -0.11352699, 2.5208056e-17), (0.9935349, -0.11352699, 2.5208056e-17), (0.9935349, -0.11352699, 2.5208056e-17), (0.99353147, -0.113557056, -0.00034000017), (0.99353147, -0.113557056, -0.00034000017), (0.99353147, -0.113557056, -0.00034000017), (-0.9935331, -0.113543004, 0.00002), (-0.9935331, -0.113543004, 0.00002), (-0.9935331, -0.113543004, 0.00002), (-0.99353176, -0.11355496, 2.5214267e-17), (-0.99353176, -0.11355496, 2.5214267e-17), (-0.99353176, -0.11355496, 2.5214267e-17), (-0.82574815, -0.5640391, 0.000011000001), (-0.82574815, -0.5640391, 0.000011000001), (-0.82574815, -0.5640391, 0.000011000001), (-0.00009199996, -0.11357395, 0.9935295), (-0.00009199996, -0.11357395, 0.9935295), (-0.00009199996, -0.11357395, 0.9935295), (0.000012000004, -0.11355103, 0.99353224), (0.000012000004, -0.11355103, 0.99353224), (0.000012000004, -0.11355103, 0.99353224), (0.0000019999998, -0.113534994, 0.99353397), (0.0000010000005, -0.11353906, 0.99353355), (0.0000019999998, -0.113534994, 0.99353397), (0.000010000001, -0.5640391, -0.82574815), (0.000010000001, -0.5640391, -0.82574815), (0.000010000001, -0.5640391, -0.82574815), (-0.9935333, -0.11354103, 2.5211173e-17), (-0.9935335, -0.11354005, 0.000010000004), (-0.9935335, -0.11354005, 0.000010000004), (-0.9935313, -0.11355904, 2.5215172e-17), (-0.9935313, -0.11355904, 2.5215172e-17), (-0.9935313, -0.11355904, 2.5215172e-17), (-0.9935333, -0.11354103, -0.000017000006), (-0.9935333, -0.11354103, -0.000017000006), (-0.9935333, -0.11354103, -0.000017000006), (-0.9935332, -0.11354202, 0.0000020000002), (-0.9935332, -0.11354202, 0.0000020000002), (0, -0.11366797, -0.9935188), (0, -0.11366797, -0.9935188), (0, -0.11366797, -0.9935188), (0.9935333, -0.11354103, -0.000019000005), (0.9935333, -0.11354103, -0.000019000005), (0.9935333, -0.11354103, -0.000019000005), (0.9935333, -0.11354103, 0.00002700001), (0.9935333, -0.11354103, 0.00002700001), (0.9935333, -0.11354103, 0.00002700001), (0.000005, -0.56402904, 0.825755), (0.000005, -0.56402904, 0.825755), (0.000005, -0.56402904, 0.825755), (-0.000004, -0.56402904, 0.825755), (-0.000004, -0.56402904, 0.825755), (0.9935337, -0.11353797, -0.000012999995), (0.9935337, -0.11353797, -0.000012999995), (0.9935337, -0.11353797, -0.000012999995), (0.9935337, -0.11353797, -0.000012999995), (0.9935337, -0.11353797, -0.000012999995), (0.9935337, -0.11353797, -0.000012999995), (0.9935332, -0.11354202, 0.000019000001), (0.9935332, -0.11354202, 0.000019000001), (0.9935332, -0.11354202, 0.000019000001), (0, -0.11353797, -0.9935337), (0, -0.11353797, -0.9935337), (0.0000010000003, -0.11354103, -0.9935333), (0.0006859997, -0.11338696, 0.99355066), (0.0006859997, -0.11338696, 0.99355066), (0.0006859997, -0.11338696, 0.99355066), (-0.0000019999998, -0.113543995, 0.993533), (-0.0000019999998, -0.113543995, 0.993533), (-0.000036999987, -0.11345897, 0.99354273), (-0.000036999987, -0.11345897, 0.99354273), (-0.000036999987, -0.11345897, 0.99354273), (0.9935333, -0.11354103, 2.5211173e-17), (0.9935333, -0.11354103, 2.5211173e-17), (0.9935332, -0.11354202, 2.5211393e-17), (0.9935332, -0.11354202, 2.5211393e-17), (0.9935332, -0.11354202, 2.5211393e-17), (0.9935333, -0.11354103, 0.000011000003), (0.9935333, -0.11354103, 0.000011000003), (0.9935333, -0.11354103, 0.000011000003), (0.9855489, -0.16939099, 3.7612356e-17), (0.9855489, -0.16939099, 3.7612356e-17), (0.9855489, -0.16939099, 3.7612356e-17), (0.9935337, -0.11353797, 0.00002599999), (0.9935337, -0.11353797, 0.00002599999), (0.9935337, -0.11353797, 0.00002599999), (0.00006899997, -0.11361696, 0.9935246), (0.00006899997, -0.11361696, 0.9935246), (0.00006899997, -0.11361696, 0.9935246), (0.0000010000005, -0.11353906, 0.99353355), (-0.0000050000012, -0.11353203, 0.9935343), (-0.0000050000012, -0.11353203, 0.9935343), (0, -0.113052025, 0.9935891), (0, -0.113052025, 0.9935891), (0, -0.113052025, 0.9935891), (-0.000025000003, -0.11352602, -0.99353504), (-0.000025000003, -0.11352602, -0.99353504), (-0.000025000003, -0.11352602, -0.99353504), (0.000009999996, -0.5640308, -0.82575375), (0.000009999996, -0.5640308, -0.82575375), (0.000009999996, -0.5640308, -0.82575375), (0, -0.5640402, -0.8257474), (0, -0.5640402, -0.8257474), (0, -0.5640402, -0.8257474), (-0.9935343, -0.11353203, 2.5209175e-17), (-0.9935343, -0.11353203, 2.5209175e-17), (-0.9935343, -0.11353203, 2.5209175e-17), (-0.000052, -0.11359501, 0.9935271), (-0.000052, -0.11359501, 0.9935271), (-0.000052, -0.11359501, 0.9935271), (-0.000006999998, -0.5640308, -0.82575375), (-0.000006999998, -0.5640308, -0.82575375), (-0.000005, -0.564026, -0.825757), (0.000016999993, -0.113503955, -0.99353755), (0.000016999993, -0.113503955, -0.99353755), (0.000016999993, -0.113503955, -0.99353755), (0.9935335, -0.11354005, -0.0000110000055), (0.9935335, -0.11354005, -0.0000110000055), (0.9935335, -0.11354005, -0.0000110000055), (-0.9935333, -0.11354103, 0.000011000003), (-0.9935333, -0.11354103, 0.000011000003), (-0.9935333, -0.11354103, 0.000011000003), (-0.9935305, -0.113565944, 2.5216705e-17), (-0.9935305, -0.113565944, 2.5216705e-17), (-0.9935305, -0.113565944, 2.5216705e-17), (-0.00006899997, -0.11361696, 0.9935246), (-0.00006899997, -0.11361696, 0.9935246), (-0.00006899997, -0.11361696, 0.9935246), (0.993533, -0.113543995, -0.000018999997), (0.993533, -0.113543995, -0.000018999997), (0.993533, -0.113543995, -0.000018999997), (0.000017000004, -0.11355103, -0.99353224), (0.000017000004, -0.11355103, -0.99353224), (0.000017000004, -0.11355103, -0.99353224), (0, -0.5640379, 0.8257489), (0, -0.5640379, 0.8257489), (0, -0.5640379, 0.8257489), (0.000036999994, -0.11354596, 0.9935327), (0.000036999994, -0.11354596, 0.9935327), (0.000036999994, -0.11354596, 0.9935327), (0.99353355, -0.11353906, 0.000020000012), (0.99353355, -0.11353906, 0.000020000012), (0.99353355, -0.11353906, 0.000020000012), (-0.9935331, -0.113543004, 0.000017), (-0.9935331, -0.113543004, 0.000017), (-0.9935331, -0.113543004, 0.000017), (0.99353355, -0.11353896, -0.0000129999935), (0.99353355, -0.11353896, -0.0000129999935), (0.9935335, -0.11354005, -0.000017000008), (0, -0.11368302, -0.9935171), (0, -0.11368302, -0.9935171), (0, -0.11368302, -0.9935171), (-0.9935257, -0.113607965, 0.00034099992), (-0.9935257, -0.113607965, 0.00034099992), (-0.9935257, -0.113607965, 0.00034099992), (0.9935333, -0.11354103, 2.5211173e-17), (0.9935331, -0.113543004, -0.000002), (0.9935331, -0.113543004, -0.000002), (-0.000002000001, -0.11354005, -0.9935335), (-0.000002000001, -0.11354005, -0.9935335), (0, -0.11354005, -0.9935335), (-0.9935332, -0.11354202, 0.000019000001), (-0.9935332, -0.11354202, 0.000019000001), (-0.9935332, -0.11354202, 0.000019000001), (0.99353355, -0.11353896, 0.000016999993), (0.99353355, -0.11353896, 0.000016999993), (0.99353355, -0.11353896, 0.000016999993), (0.9935313, -0.11355904, 2.5215172e-17), (0.9935313, -0.11355904, 2.5215172e-17), (0.9935313, -0.11355904, 2.5215172e-17), (-0.9935338, -0.113536954, -0.000026999991), (-0.9935338, -0.113536954, -0.000026999991), (-0.9935338, -0.113536954, -0.000026999991), (0.9935337, -0.11353797, 0.0000029999992), (0.9935337, -0.11353797, 0.0000029999992), (0.000002, -0.113543004, -0.9935331), (0.000002, -0.113543004, -0.9935331), (0.0000050000012, -0.11354103, -0.9935333), (0, -0.11353896, -0.99353355), (0, -0.11353896, -0.99353355), (-0.000011999997, -0.11351197, -0.99353665), (-0.000011999997, -0.11351197, -0.99353665), (-0.000011999997, -0.11351197, -0.99353665), (-0.000005, -0.564026, -0.825757), (-0.000005, -0.564026, -0.825757), (0.9935335, -0.11354005, -0.000017000008), (0.9935335, -0.11354005, -0.000017000008), (-0.000006999997, -0.11353896, -0.99353355), (-0.000006999997, -0.11353896, -0.99353355), (-0.000006999997, -0.11353896, -0.99353355), (-0.00007699996, -0.11355695, -0.99353147), (-0.00007699996, -0.11355695, -0.99353147), (-0.00007699996, -0.11355695, -0.99353147), (0.8257474, -0.5640402, -0.000010000003), (0.8257474, -0.5640402, -0.000010000003), (0.8257474, -0.5640402, -0.000010000003), (0.99353176, -0.11355496, 2.5214267e-17), (0.99353176, -0.11355496, 2.5214267e-17), (0.99353176, -0.11355496, 2.5214267e-17), (0.9935331, -0.113543004, -0.00002), (0.9935331, -0.113543004, -0.00002), (0.9935331, -0.113543004, -0.00002), (0.9935333, -0.11354103, 2.5211173e-17), (0.9935333, -0.11354103, 2.5211173e-17), (0.0000050000012, -0.5640301, 0.8257542), (0.0000050000012, -0.5640301, 0.8257542), (0.0000050000012, -0.5640301, 0.8257542), (-0.9935333, -0.11354103, 2.5211173e-17), (-0.9935333, -0.11354103, 2.5211173e-17), (-0.9935332, -0.11354202, 2.5211393e-17), (-0.82575095, -0.56403494, 1.2524092e-16), (-0.82575095, -0.56403494, 1.2524092e-16), (-0.82575095, -0.56403494, 1.2524092e-16), (-0.8257529, -0.564032, 0.0000039999995), (-0.9935335, -0.11354005, 2.5210956e-17), (-0.9935335, -0.11354005, 2.5210956e-17), (-0.9935332, -0.11354202, 2.5211393e-17), (0.9935332, -0.11354202, 2.5211393e-17), (0.9935332, -0.11354202, 2.5211393e-17), (0.9935332, -0.11354202, 2.5211393e-17), (0.000002000001, -0.11354005, -0.9935335), (0.000002000001, -0.11354005, -0.9935335), (-0.000006999998, -0.113536954, -0.9935338), (0.0000049999967, -0.56402963, -0.8257545), (0.0000049999967, -0.56402963, -0.8257545), (0.0000049999967, -0.56402963, -0.8257545), (0, -0.5640272, -0.82575625), (0.8257497, -0.56403685, 1.2524134e-16), (0.8257497, -0.56403685, 1.2524134e-16), (0.8257497, -0.56403685, 1.2524134e-16), (0.82575095, -0.56403494, 1.2524092e-16), (0.9935333, -0.11354103, 2.5211173e-17), (0.9935333, -0.11354103, 2.5211173e-17), (0.99353224, -0.11355103, 2.5213393e-17), (0.9935332, -0.11354202, 2.5211393e-17), (0, -0.5640331, -0.8257522), (0, -0.5640331, -0.8257522), (0, -0.5640331, -0.8257522), (0, -0.564032, -0.8257529), (-0.9935332, -0.11354202, 2.5211393e-17), (-0.9935332, -0.11354202, 2.5211393e-17), (-0.9935332, -0.11354202, 2.5211393e-17), (-0.9935332, -0.11354202, 2.5211393e-17), (0.82575095, -0.56403494, 1.2524092e-16), (0.82575095, -0.56403494, 1.2524092e-16), (0.82575095, -0.56403494, 1.2524092e-16), (0.8257542, -0.5640301, -0.000003000001), (-0.9935332, -0.11354202, 2.5211393e-17), (-0.9935332, -0.11354202, 2.5211393e-17), (-0.9935333, -0.11354103, 2.5211173e-17), (0, -0.5640272, -0.82575625), (0, -0.5640272, -0.82575625), (0, -0.5640272, -0.82575625), (-0.000003, -0.56402904, -0.825755), (0.993533, -0.113543995, 2.5211831e-17), (0.993533, -0.113543995, 2.5211831e-17), (0.9935332, -0.11354202, 2.5211393e-17), (-0.000006999997, -0.11353896, 0.99353355), (-0.000006999997, -0.11353896, 0.99353355), (0.0000020000007, -0.11354103, 0.9935333), (0.9935333, -0.11354103, 2.5211173e-17), (0.9935333, -0.11354103, 2.5211173e-17), (0.9935332, -0.11354202, 2.5211393e-17), (-0.8257554, -0.5640283, 1.2523945e-16), (-0.8257554, -0.5640283, 1.2523945e-16), (-0.8257554, -0.5640283, 1.2523945e-16), (-0.82575095, -0.56403494, 1.2524092e-16), (-0.0000020000007, -0.11354103, 0.9935333), (-0.0000020000007, -0.11354103, 0.9935333), (0.000006999998, -0.113536954, 0.9935338), (0.000005000002, -0.11354005, 0.9935335), (0.000005000002, -0.11354005, 0.9935335), (0, -0.11354103, 0.9935333), (0.99353224, -0.11355103, 2.5213393e-17), (0.99353224, -0.11355103, 2.5213393e-17), (0.9935331, -0.113543004, 2.5211611e-17), (0.9935333, -0.11354103, 2.5211173e-17), (0.9935333, -0.11354103, 2.5211173e-17), (0.9935333, -0.11354103, 2.5211173e-17), (0.9935332, -0.11354202, 2.5211393e-17), (-0.8257529, -0.564032, 1.2524027e-16), (-0.8257529, -0.564032, 1.2524027e-16), (-0.8257529, -0.564032, 1.2524027e-16), (-0.8257514, -0.56403434, 1.2524078e-16), (-0.82575375, -0.5640308, 1.2524e-16), (-0.9935335, -0.11354005, -0.000006000003), (-0.9935335, -0.11354005, -0.000006000003), (-0.9935333, -0.11354103, 2.5211173e-17), (-0.9935332, -0.11354202, 2.5211393e-17), (0, -0.11354005, -0.9935335), (0, -0.11354005, -0.9935335), (0.000005, -0.113543004, -0.9935331), (0, -0.11354202, -0.9935332), (0.0000050000012, -0.11354103, -0.9935333), (0.0000050000012, -0.11354103, -0.9935333), (-0.000002, -0.113543004, -0.9935331), (-0.000002, -0.113543004, -0.9935331), (0, -0.5640338, 0.8257517), (0, -0.5640338, 0.8257517), (0, -0.5640338, 0.8257517), (0.0000050000017, -0.5640331, 0.8257522), (0.000001, -0.56402904, 0.825755), (0.9935333, -0.11354103, 2.5211173e-17), (0.9935333, -0.11354103, 2.5211173e-17), (0.993533, -0.113543995, 2.5211831e-17), (0.993533, -0.113543995, 2.5211831e-17), (0.8257529, -0.564032, 1.2524027e-16), (0.8257529, -0.564032, 1.2524027e-16), (0.8257529, -0.564032, 1.2524027e-16), (0.82575095, -0.56403494, 1.2524092e-16), (0.82575095, -0.56403494, 1.2524092e-16), (-0.000005, -0.113543004, -0.9935331), (-0.000005, -0.113543004, -0.9935331), (0, -0.11353906, -0.99353355), (0, -0.11353906, -0.99353355), (-0.82575095, -0.56403494, 1.2524092e-16), (-0.82575095, -0.56403494, 1.2524092e-16), (-0.82575095, -0.56403494, 1.2524092e-16), (-0.8257517, -0.5640338, 1.2524066e-16), (-0.8257542, -0.5640301, 0.000006000002), (0.9935337, -0.11353797, 2.5210493e-17), (0.9935337, -0.11353797, 2.5210493e-17), (0.9935337, -0.11353797, 2.5210493e-17), (0.9935332, -0.11354202, 2.5211393e-17), (0.9935333, -0.11354103, 2.5211173e-17), (0, -0.11354202, 0.9935332), (0, -0.11354202, 0.9935332), (-0.0000050000012, -0.11354103, 0.9935333), (0.000009000005, -0.11354005, 0.9935335), (0.8257514, -0.56403434, 1.2524078e-16), (0.8257514, -0.56403434, 1.2524078e-16), (0.8257514, -0.56403434, 1.2524078e-16), (0.8257529, -0.564032, 1.2524027e-16), (0.8257517, -0.5640338, -0.0000059999984), (0.000002, -0.113543004, -0.9935331), (0.000002, -0.113543004, -0.9935331), (0.000002, -0.113543004, -0.9935331), (-0.000005, -0.113543004, -0.9935331), (0.9935332, -0.11354202, -0.0000030000006), (0.9935332, -0.11354202, -0.0000030000006), (0.9935333, -0.11354103, 2.5211173e-17), (0.9935332, -0.11354202, 2.5211393e-17), (0, -0.11354499, 0.9935329), (0, -0.11354499, 0.9935329), (0, -0.11354499, 0.9935329), (0.000005000003, -0.11353906, 0.99353355), (-0.9935333, -0.11354103, 2.5211173e-17), (-0.9935333, -0.11354103, 2.5211173e-17), (-0.9935329, -0.11354499, 2.5212053e-17), (-0.9935329, -0.11354499, 2.5212053e-17), (0, -0.56402963, 0.8257545), (0, -0.56402963, 0.8257545), (0, -0.56402963, 0.8257545), (0, -0.5640338, 0.8257517), (-0.000004999998, -0.5640308, 0.82575375), (0.9935332, -0.11354202, 2.5211393e-17), (0.9935332, -0.11354202, 2.5211393e-17), (0.9935331, -0.113543004, 2.5211611e-17), (0.9935331, -0.113543004, 2.5211611e-17), (0.9935333, -0.11354103, 2.5211173e-17), (-0.9935332, -0.11354202, 2.5211393e-17), (-0.9935332, -0.11354202, 2.5211393e-17), (-0.99353355, -0.11353896, 2.5210713e-17), (-0.99353355, -0.11353896, 2.5210713e-17), (-0.9935333, -0.11354103, 2.5211173e-17), (-0.9935333, -0.11354103, 0.000006000002), (-0.9935333, -0.11354103, 0.000006000002), (-0.9935335, -0.11354005, 2.5210956e-17), (-0.9935335, -0.11354005, 2.5210956e-17), (-0.9935329, -0.11354499, 2.5212053e-17), (-0.9935333, -0.11354103, 2.5211173e-17), (0.000001, -0.113543004, 0.9935331), (0.000001, -0.113543004, 0.9935331), (-0.000004000002, -0.11354005, 0.9935335), (0, -0.11354202, 0.9935332), (0, -0.11354202, 0.9935332), (0, -0.11354103, 0.9935333), (-0.0000030000006, -0.11354202, -0.9935332), (-0.0000030000006, -0.11354202, -0.9935332), (-0.0000030000006, -0.11354202, -0.9935332), (0.000005999998, -0.11353896, -0.99353355), (-0.000005, -0.113543004, -0.9935331), (-0.000005, -0.113543004, -0.9935331), (-0.000001, -0.113543004, -0.9935331), (0, -0.11353896, 0.99353355), (0, -0.11353896, 0.99353355), (0, -0.11353896, 0.99353355), (-0.0000010000003, -0.11354103, 0.9935333), (0, -0.11353797, 0.9935337), (0, -0.11353797, 0.9935337), (0, -0.11354103, 0.9935333), (0, -0.11354103, 0.9935333), (0, -0.11354103, 0.9935333), (-0.0000010000005, -0.11354005, 0.9935335), (0.0000010000005, -0.11354005, 0.9935335), (0.0000010000005, -0.11354005, 0.9935335), (-0.0000059999998, -0.11354499, 0.9935329), (-0.0000010000001, -0.11354202, -0.9935332), (-0.0000010000001, -0.11354202, -0.9935332), (0.000005999998, -0.11353896, -0.99353355), (0, -0.11354103, -0.9935333), (0, -0.11354103, -0.9935333), (-0.0000010000003, -0.11354103, -0.9935333), (0.0000010000005, -0.11353906, 0.99353355), (0.0000010000005, -0.11353906, 0.99353355), (-0.000002, -0.11353599, 0.99353397), (-0.000002, -0.11353599, 0.99353397), (0.000006999998, -0.113536954, 0.9935338), (-0.000002000001, -0.11354005, 0.9935335), (0.0000010000005, -0.11353906, 0.99353355), (0.0000010000005, -0.11353906, 0.99353355), (-0.0000040000004, -0.11354202, 0.9935332), (0.0000049999994, -0.113543995, 0.993533), (0.0000049999994, -0.113543995, 0.993533), (-9.999997e-7, -0.11353797, 0.9935337), (0, -0.11354103, -0.9935333), (0, -0.11354103, -0.9935333), (0.000003000001, -0.11354103, -0.9935333), (0.0000010000003, -0.11354103, -0.9935333), (0.0000010000003, -0.11354103, -0.9935333), (0.0000059999998, -0.11354499, -0.9935329), (0, -0.11353896, -0.99353355), (0, -0.11353896, -0.99353355), (0, -0.11353896, -0.99353355), (0.0000010000003, -0.11354103, -0.9935333), (0.0000010000003, -0.11354103, -0.9935333), (0.0000010000003, -0.11354103, -0.9935333), (0, -1, 2.220446e-16), (0, -1, 2.220446e-16), (0, -1, 2.220446e-16), (0, -1, 2.220446e-16), (0, -1, 2.220446e-16), (0, -1, 2.220446e-16), (0, -1, 2.220446e-16), (0, -1, 2.220446e-16), (0, -1, 2.220446e-16), (0, -1, 2.220446e-16), (0, -1, 2.220446e-16), (0, -1, 2.220446e-16), (0, -1, 2.220446e-16), (0, -1, 2.220446e-16), (0, -1, 2.220446e-16), (0, -1, 2.220446e-16), (0, -1, 2.220446e-16), (0, -1, 2.220446e-16), (0, -1, 2.220446e-16), (0, -1, 2.220446e-16), (0, -1, 2.220446e-16), (0, -1, 2.220446e-16), (0, -1, 2.220446e-16), (0, -1, 2.220446e-16), (0, -1, 2.220446e-16), (0, -1, 2.220446e-16), (0, -1, 2.220446e-16), (0, -1, 2.220446e-16), (0, -1, 2.220446e-16), (0, -1, 2.220446e-16), (0, -1, 2.220446e-16), (0, -1, 2.220446e-16), (0, -1, 2.220446e-16), (0, -1, 2.220446e-16), (0, -1, 2.220446e-16), (0, -1, 2.220446e-16), (0, -1, 2.220446e-16), (0, -1, 2.220446e-16), (0, -1, 2.220446e-16), (0, -1, 2.220446e-16), (0, -1, 2.220446e-16), (0, -1, 2.220446e-16), (0, -1, 2.220446e-16), (0, -1, 2.220446e-16), (0, -1, 2.220446e-16), (0, -1, 2.220446e-16), (0, -1, 2.220446e-16), (0, -1, 2.220446e-16), (0.000002, -1, 2.220446e-16), (-0.000001, -1, 2.220446e-16), (0.000001, -1, 2.220446e-16), (-0.000001, -1, 2.220446e-16), (0.000002, -1, 2.220446e-16), (0, -1, 2.220446e-16), (0, -1, 2.220446e-16), (0, -1, 2.220446e-16), (0, -1, 2.220446e-16), (0, -1, 2.220446e-16), (0, -1, 2.220446e-16), (0.000004, -1, 2.220446e-16), (0, -1, 2.220446e-16), (-0.000016, -1, 2.220446e-16), (0.000038, -1, 2.220446e-16), (0.000003, -1, 2.220446e-16), (-0.000002, -1, 2.220446e-16), (-0.000001, -1, 2.220446e-16), (0, -1, 2.220446e-16), (0, -1, 2.220446e-16), (0, -1, 2.220446e-16), (0, -1, 2.220446e-16), (0, -1, 2.220446e-16), (0, -1, 2.220446e-16), (0, -1, 2.220446e-16), (0, -1, 2.220446e-16), (0, -1, 2.220446e-16), (0.000006, -1, 2.220446e-16), (0, 1, -2.220446e-16), (0, 1, -2.220446e-16), (0, 1, -2.220446e-16), (0, 1, -2.220446e-16), (0, 1, -2.220446e-16), (0, 1, -2.220446e-16), (0, 1, -2.220446e-16), (0, 1, -2.220446e-16), (0, 1, -2.220446e-16), (0, 1, -2.220446e-16), (0, 1, -2.220446e-16), (0, 1, -2.220446e-16), (0, 1, -2.220446e-16), (0, 1, -2.220446e-16), (0, 1, -2.220446e-16), (0, 1, -2.220446e-16), (0, 1, -2.220446e-16), (0, 1, -2.220446e-16), (0, 1, -2.220446e-16), (0, 1, -2.220446e-16), (0, 1, -2.220446e-16), (0, 1, -2.220446e-16), (0, 1, -2.220446e-16), (0, 1, -2.220446e-16), (0, 1, -2.220446e-16), (0, 1, -2.220446e-16), (0, 1, -2.220446e-16), (0, 1, -2.220446e-16), (0, 1, -2.220446e-16), (0, 1, -2.220446e-16), (0, 1, -2.220446e-16), (0, 1, -2.220446e-16), (0, 1, -2.220446e-16), (0, 1, -2.220446e-16), (0, 1, -2.220446e-16), (0, 1, -2.220446e-16), (0, 1, -2.220446e-16), (0, 1, -2.220446e-16), (0, 1, -2.220446e-16), (0, 1, -2.220446e-16), (0, 1, -2.220446e-16), (0, 1, -2.220446e-16), (0, 1, -2.220446e-16), (0, 1, -2.220446e-16), (0.065402, -2.2156921e-16, -0.997859), (-0.06540101, -2.2156923e-16, -0.9978591), (0.065402, -2.2156921e-16, -0.997859), (0.9978587, 1.4523045e-17, 0.06540598), (0.9978588, -1.4522825e-17, -0.06540499), (0.9978588, 1.4522825e-17, 0.06540499), (-0.997859, -1.4522162e-17, -0.065402), (-0.997859, 1.4522162e-17, 0.065402), (-0.997859, -1.4522162e-17, -0.065402), (-0.06540101, 2.2156923e-16, 0.9978591), (0.065402, 2.2156921e-16, 0.997859), (-0.06540101, 2.2156923e-16, 0.9978591), (-0.06540101, -2.2156923e-16, -0.9978591), (-0.25881898, -2.1447863e-16, -0.9659259), (-0.25881898, -2.1447863e-16, -0.9659259), (-0.49999976, -1.922963e-16, -0.86602557), (-0.50000095, -1.9229616e-16, -0.8660249), (-0.7071048, -1.5700969e-16, -0.7071088), (-0.70710677, -1.5700924e-16, -0.70710677), (-0.866026, -1.1102208e-16, -0.499999), (-0.7071048, -1.5700969e-16, -0.7071088), (-0.866026, -1.1102208e-16, -0.499999), (-0.96592635, -5.7468936e-17, -0.25881708), (-0.9659262, -5.7469154e-17, -0.25881806), (-0.25881708, 2.1447873e-16, 0.96592635), (-0.25881898, 2.1447863e-16, 0.9659259), (-0.499999, 1.922964e-16, 0.866026), (-0.50000215, 1.9229599e-16, 0.86602414), (-0.70710623, 1.5700935e-16, 0.70710725), (-0.70710623, 1.5700935e-16, 0.70710725), (-0.8660253, 1.1102234e-16, 0.5000002), (-0.70710623, 1.5700935e-16, 0.70710725), (-0.8660249, 1.1102251e-16, 0.50000095), (-0.96592635, 5.7468936e-17, 0.25881708), (-0.96592665, 5.746868e-17, 0.2588159), (-0.997859, 1.4522162e-17, 0.065402), (0.9659253, 5.746982e-17, 0.25882107), (0.9659256, 5.7469564e-17, 0.2588199), (0.86602646, -0.0000010000005, 0.49999827), (0.70710725, 1.5700912e-16, 0.70710623), (0.70710826, -0.0000010000003, 0.7071052), (0.70710826, -0.0000010000003, 0.7071052), (0.50000095, 1.9229616e-16, 0.8660249), (0.49999976, -9.999995e-7, 0.86602557), (0.25881898, 2.1447863e-16, 0.9659259), (0.25881898, 2.1447863e-16, 0.9659259), (0.065402, 2.2156921e-16, 0.997859), (0.25881806, -2.144787e-16, -0.9659262), (0.5000002, 0.000002000001, -0.8660253), (0.49999976, 9.999995e-7, -0.86602557), (0.70710677, 9.999997e-7, -0.70710677), (0.70710725, -1.5700912e-16, -0.70710623), (0.70710725, -1.5700912e-16, -0.70710623), (0.866026, 0.000001, -0.499999), (0.866026, 0.000002, -0.499999), (0.9659253, -5.746982e-17, -0.25882107), (0.9659256, -5.7469564e-17, -0.2588199), (0.9978588, -1.4522825e-17, -0.06540499), (-0.70710677, -1.5700924e-16, -0.70710677), (-0.50000215, 1.9229599e-16, 0.86602414), (0.8660253, -0.000002000001, 0.5000002), (0.50000095, 1.9229616e-16, 0.8660249), (0.2588199, -2.1447856e-16, -0.9659256), (0.866026, 0.000001, -0.499999), (0.9807848, -4.331934e-17, -0.19509296), (0.9238798, -8.497268e-17, -0.38268292), (0.9238806, -8.497222e-17, -0.38268086), (-0.98078495, -4.331912e-17, -0.19509198), (-1, 2.220446e-22, 0.000001), (-1, 2.220446e-22, 0.000001), (0, -2.220446e-16, -1), (-0.19508892, -2.1777814e-16, -0.98078555), (-0.19508892, -2.1777814e-16, -0.98078555), (-0.3826779, -2.0514298e-16, -0.9238818), (-0.38267997, -2.0514278e-16, -0.92388093), (0.19508909, -2.1777813e-16, -0.9807855), (0, -2.220446e-16, -1), (-0.55557036, -1.8462331e-16, -0.8314695), (-0.55557287, -1.8462295e-16, -0.83146787), (-0.70710576, -1.5700947e-16, -0.7071078), (-0.70710677, -1.5700924e-16, -0.70710677), (-0.70710677, -1.5700924e-16, -0.70710677), (-0.83146906, -1.2336155e-16, -0.555571), (-0.8314699, -1.233613e-16, -0.5555699), (-0.9238793, -8.4972936e-17, -0.38268408), (-0.9238793, -8.4972936e-17, -0.38268408), (-0.9807848, -4.331934e-17, -0.19509296), (-0.98078555, 4.3318443e-17, 0.19508892), (-0.98078555, 4.3318443e-17, 0.19508892), (-0.9238806, 8.497222e-17, 0.38268086), (-0.9238806, 8.497222e-17, 0.38268086), (-0.8314699, 1.233613e-16, 0.5555699), (-0.8314699, 1.233613e-16, 0.5555699), (-0.7071048, 1.5700969e-16, 0.7071088), (-0.7071052, 1.5700957e-16, 0.70710826), (-0.7071052, 1.5700957e-16, 0.70710826), (-0.555568, 1.8462368e-16, 0.83147115), (-0.5555699, 1.846234e-16, 0.8314699), (-0.38268408, 2.0514242e-16, 0.9238793), (-0.38268495, 2.0514233e-16, 0.9238789), (-0.19509104, 2.1777806e-16, 0.9807852), (-0.19509104, 2.1777806e-16, 0.9807852), (0, 2.220446e-16, 1), (0, 2.220446e-16, 1), (0.19508794, 2.1777818e-16, 0.9807857), (0.19508892, 2.1777814e-16, 0.98078555), (0.38268203, 2.0514259e-16, 0.9238801), (0.38268408, 2.0514242e-16, 0.9238793), (0.5555658, 1.84624e-16, 0.8314726), (0.555568, 1.8462368e-16, 0.83147115), (0.70710677, 1.5700924e-16, 0.70710677), (0.7071078, 1.5700902e-16, 0.70710576), (0.7071078, 1.5700902e-16, 0.70710576), (0.8314704, 1.2336114e-16, 0.5555692), (0.8314699, 1.233613e-16, 0.5555699), (0.9238793, 8.4972936e-17, 0.38268408), (0.9238793, 8.4972936e-17, 0.38268408), (0.9807848, 4.331934e-17, 0.19509296), (0.98078495, 4.331912e-17, 0.19509198), (1, -2.220446e-22, -0.000001), (1, -2.220446e-22, -0.000001), (0.9807844, -4.3319813e-17, -0.19509509), (0.8314699, -1.233613e-16, -0.5555699), (0.83147115, -1.2336087e-16, -0.555568), (0.70710975, -1.570086e-16, -0.70710385), (0.70711076, -1.5700837e-16, -0.70710284), (0.70711076, -1.5700837e-16, -0.70710284), (0.55556697, -1.8462383e-16, -0.8314718), (0.555568, -1.8462368e-16, -0.83147115), (0.38268578, -2.0514225e-16, -0.92387855), (0.38268703, -2.0514214e-16, -0.9238781), (0.19509007, -2.177781e-16, -0.98078537), (-0.83146906, -1.2336155e-16, -0.555571), (-0.555568, 1.8462368e-16, 0.83147115), (0.8314704, 1.2336114e-16, 0.5555692), (0.55556697, -1.8462383e-16, -0.8314718), (0.98078495, 4.331912e-17, 0.19509198), (1, -2.220446e-22, -0.000001), (1, -2.220446e-22, -0.000001), (-0.9807848, 4.331934e-17, 0.19509296), (-0.9238798, 8.497268e-17, 0.38268292), (-0.9238806, 8.497222e-17, 0.38268086), (0.19509007, 2.177781e-16, 0.98078537), (0.38268292, 2.0514253e-16, 0.9238798), (0.38268408, 2.0514242e-16, 0.9238793), (0.5555699, 1.846234e-16, 0.8314699), (0.555571, 1.8462322e-16, 0.83146906), (-0.000001, 2.220446e-16, 1), (0.19509007, 2.177781e-16, 0.98078537), (0.7071078, 1.5700902e-16, 0.70710576), (0.7071088, 1.570088e-16, 0.7071048), (0.7071088, 1.570088e-16, 0.7071048), (0.8314718, 1.2336065e-16, 0.55556697), (0.8314718, 1.2336065e-16, 0.55556697), (0.9238793, 8.4972936e-17, 0.38268408), (0.9238793, 8.4972936e-17, 0.38268408), (0.9807848, 4.331934e-17, 0.19509296), (0.9807844, -4.3319813e-17, -0.19509509), (0.9807848, -4.331934e-17, -0.19509296), (0.9238798, -8.497268e-17, -0.38268292), (0.9238806, -8.497222e-17, -0.38268086), (0.8314699, -1.233613e-16, -0.5555699), (0.8314704, -1.2336114e-16, -0.5555692), (0.7071048, -1.5700969e-16, -0.7071088), (0.70710576, -1.5700947e-16, -0.7071078), (0.70710576, -1.5700947e-16, -0.7071078), (0.555565, -1.846241e-16, -0.83147305), (0.555568, -1.8462368e-16, -0.83147115), (0.38268292, -2.0514253e-16, -0.9238798), (0.38268578, -2.0514225e-16, -0.92387855), (0.19509007, -2.177781e-16, -0.98078537), (0.19509104, -2.1777806e-16, -0.9807852), (0, -2.220446e-16, -1), (0, -2.220446e-16, -1), (-0.19509104, -2.1777806e-16, -0.9807852), (-0.19509104, -2.1777806e-16, -0.9807852), (-0.38268495, -2.0514233e-16, -0.9238789), (-0.38268408, -2.0514242e-16, -0.9238793), (-0.5555658, -1.84624e-16, -0.8314726), (-0.55556697, -1.8462383e-16, -0.8314718), (-0.70710677, -1.5700924e-16, -0.70710677), (-0.70710826, -1.570089e-16, -0.7071052), (-0.70710826, -1.570089e-16, -0.7071052), (-0.8314699, -1.233613e-16, -0.5555699), (-0.8314699, -1.233613e-16, -0.5555699), (-0.9238793, -8.4972936e-17, -0.38268408), (-0.9238801, -8.497248e-17, -0.38268203), (-0.98078555, -4.3318443e-17, -0.19508892), (-0.98078614, -4.33178e-17, -0.19508603), (-1, 2.220446e-22, 0.000001), (-1, 2.220446e-22, 0.000001), (-0.9807844, 4.3319813e-17, 0.19509509), (-0.8314699, 1.233613e-16, 0.5555699), (-0.83146906, 1.2336155e-16, 0.555571), (-0.70710677, 1.5700924e-16, 0.70710677), (-0.70710576, 1.5700947e-16, 0.7071078), (-0.70710576, 1.5700947e-16, 0.7071078), (-0.555568, 1.8462368e-16, 0.83147115), (-0.55556875, 1.8462355e-16, 0.83147055), (-0.38268086, 2.051427e-16, 0.9238806), (-0.38268292, 2.0514253e-16, 0.9238798), (-0.19508794, 2.1777818e-16, 0.9807857), (-0.19509007, 2.177781e-16, 0.98078537), (-0.000001, 2.220446e-16, 1), (0.8314718, 1.2336065e-16, 0.55556697), (0.555565, -1.846241e-16, -0.83147305), (-0.8314699, -1.233613e-16, -0.5555699), (-0.555568, 1.8462368e-16, 0.83147115), (-0.19509007, -2.177781e-16, -0.98078537), (-0.38268292, -2.0514253e-16, -0.9238798), (-0.38268408, -2.0514242e-16, -0.9238793), (-0.5555699, -1.846234e-16, -0.8314699), (-0.555571, -1.8462322e-16, -0.83146906), (0.000001, -2.220446e-16, -1), (-0.19509007, -2.177781e-16, -0.98078537), (-0.7071078, -1.5700902e-16, -0.70710576), (-0.7071088, -1.570088e-16, -0.7071048), (-0.7071088, -1.570088e-16, -0.7071048), (-0.8314718, -1.2336065e-16, -0.55556697), (-0.8314718, -1.2336065e-16, -0.55556697), (-0.9238793, -8.4972936e-17, -0.38268408), (-0.9238793, -8.4972936e-17, -0.38268408), (-0.9807848, -4.331934e-17, -0.19509296), (-0.98078495, -4.331912e-17, -0.19509198), (-1, 2.220446e-22, 0.000001), (-1, 2.220446e-22, 0.000001), (-0.9807848, 4.331934e-17, 0.19509296), (-0.9238798, 8.497268e-17, 0.38268292), (-0.9238806, 8.497222e-17, 0.38268086), (-0.8314699, 1.233613e-16, 0.5555699), (-0.8314704, 1.2336114e-16, 0.5555692), (-0.7071048, 1.5700969e-16, 0.7071088), (-0.70710576, 1.5700947e-16, 0.7071078), (-0.70710576, 1.5700947e-16, 0.7071078), (-0.555565, 1.846241e-16, 0.83147305), (-0.555568, 1.8462368e-16, 0.83147115), (-0.38268292, 2.0514253e-16, 0.9238798), (-0.38268578, 2.0514225e-16, 0.92387855), (-0.19509007, 2.177781e-16, 0.98078537), (-0.19509104, 2.1777806e-16, 0.9807852), (-0, 2.220446e-16, 1), (-0, 2.220446e-16, 1), (0.19509104, 2.1777806e-16, 0.9807852), (0.19509104, 2.1777806e-16, 0.9807852), (0.38268495, 2.0514233e-16, 0.9238789), (0.38268408, 2.0514242e-16, 0.9238793), (0.5555658, 1.84624e-16, 0.8314726), (0.55556697, 1.8462383e-16, 0.8314718), (0.70710677, 1.5700924e-16, 0.70710677), (0.70710826, 1.570089e-16, 0.7071052), (0.70710826, 1.570089e-16, 0.7071052), (0.8314699, 1.233613e-16, 0.5555699), (0.8314699, 1.233613e-16, 0.5555699), (0.9238793, 8.4972936e-17, 0.38268408), (0.9238801, 8.497248e-17, 0.38268203), (0.98078555, 4.3318443e-17, 0.19508892), (0.98078614, 4.33178e-17, 0.19508603), (1, -2.220446e-22, -0.000001), (1, -2.220446e-22, -0.000001), (0.9807844, -4.3319813e-17, -0.19509509), (0.9807848, -4.331934e-17, -0.19509296), (0.9238806, -8.497222e-17, -0.38268086), (0.8314699, -1.233613e-16, -0.5555699), (0.83146906, -1.2336155e-16, -0.555571), (0.70710677, -1.5700924e-16, -0.70710677), (0.70710576, -1.5700947e-16, -0.7071078), (0.70710576, -1.5700947e-16, -0.7071078), (0.555568, -1.8462368e-16, -0.83147115), (0.55556875, -1.8462355e-16, -0.83147055), (0.38268086, -2.051427e-16, -0.9238806), (0.38268292, -2.0514253e-16, -0.9238798), (0.19508794, -2.1777818e-16, -0.9807857), (0.19509007, -2.177781e-16, -0.98078537), (0.000001, -2.220446e-16, -1), (0.9238798, -8.497268e-17, -0.38268292), (-0.9807844, 4.3319813e-17, 0.19509509), (-0.8314718, -1.2336065e-16, -0.55556697), (-0.555565, 1.846241e-16, 0.83147305), (0.8314699, 1.233613e-16, 0.5555699), (0.555568, -1.8462368e-16, -0.83147115), (-0.9807848, 4.331934e-17, 0.19509296), (-0.9238798, 8.497268e-17, 0.38268292), (-0.9238806, 8.497222e-17, 0.38268086), (-0, 2.220446e-16, 1), (0.19508892, 2.1777814e-16, 0.98078555), (0.19508892, 2.1777814e-16, 0.98078555), (0.3826779, 2.0514298e-16, 0.9238818), (0.38267997, 2.0514278e-16, 0.92388093), (-0.19508909, 2.1777813e-16, 0.9807855), (-0, 2.220446e-16, 1), (0.55557036, 1.8462331e-16, 0.8314695), (0.55557287, 1.8462295e-16, 0.83146787), (0.70710576, 1.5700947e-16, 0.7071078), (0.70710677, 1.5700924e-16, 0.70710677), (0.70710677, 1.5700924e-16, 0.70710677), (0.83146906, 1.2336155e-16, 0.555571), (0.8314699, 1.233613e-16, 0.5555699), (0.9238793, 8.4972936e-17, 0.38268408), (0.9238793, 8.4972936e-17, 0.38268408), (0.9807848, 4.331934e-17, 0.19509296), (0.98078495, 4.331912e-17, 0.19509198), (1, -2.220446e-22, -0.000001), (0.98078555, -4.3318443e-17, -0.19508892), (0.98078555, -4.3318443e-17, -0.19508892), (0.92388046, -8.49723e-17, -0.38268122), (0.9238806, -8.497222e-17, -0.38268086), (0.8314699, -1.233613e-16, -0.5555699), (0.8314699, -1.233613e-16, -0.5555699), (0.7071048, -1.5700969e-16, -0.7071088), (0.7071052, -1.5700957e-16, -0.70710826), (0.7071052, -1.5700957e-16, -0.70710826), (0.555568, -1.8462368e-16, -0.83147115), (0.5555699, -1.846234e-16, -0.8314699), (0.38268408, -2.0514242e-16, -0.9238793), (0.38268495, -2.0514233e-16, -0.9238789), (0.19509104, -2.1777806e-16, -0.9807852), (0.19509104, -2.1777806e-16, -0.9807852), (0, -2.220446e-16, -1), (0, -2.220446e-16, -1), (-0.19508794, -2.1777818e-16, -0.9807857), (-0.19508892, -2.1777814e-16, -0.98078555), (-0.38268203, -2.0514259e-16, -0.9238801), (-0.38268408, -2.0514242e-16, -0.9238793), (-0.5555658, -1.84624e-16, -0.8314726), (-0.555568, -1.8462368e-16, -0.83147115), (-0.70710677, -1.5700924e-16, -0.70710677), (-0.7071078, -1.5700902e-16, -0.70710576), (-0.7071078, -1.5700902e-16, -0.70710576), (-0.8314704, -1.2336114e-16, -0.5555692), (-0.8314699, -1.233613e-16, -0.5555699), (-0.9238793, -8.4972936e-17, -0.38268408), (-0.9238793, -8.4972936e-17, -0.38268408), (-0.9807848, -4.331934e-17, -0.19509296), (-0.98078495, -4.331912e-17, -0.19509198), (-1, 2.220446e-22, 0.000001), (-1, 2.220446e-22, 0.000001), (-0.9807844, 4.3319813e-17, 0.19509509), (-0.8314699, 1.233613e-16, 0.5555699), (-0.83147115, 1.2336087e-16, 0.555568), (-0.70710975, 1.570086e-16, 0.70710385), (-0.70711076, 1.5700837e-16, 0.70710284), (-0.70711076, 1.5700837e-16, 0.70710284), (-0.55556697, 1.8462383e-16, 0.8314718), (-0.555568, 1.8462368e-16, 0.83147115), (-0.38268578, 2.0514225e-16, 0.92387855), (-0.38268703, 2.0514214e-16, 0.9238781), (-0.19509007, 2.177781e-16, 0.98078537), (1, -2.220446e-22, -0.000001), (0.83146906, 1.2336155e-16, 0.555571), (0.555568, -1.8462368e-16, -0.83147115), (-0.8314704, -1.2336114e-16, -0.5555692), (-0.55556697, 1.8462383e-16, 0.8314718), (0.039260004, -2.2187342e-16, -0.9992291), (0.15643406, -2.1931089e-16, -0.9876884), (0.039260004, -2.2187342e-16, -0.9992291), (-0.9992291, -8.71725e-18, -0.039259005), (-0.9992291, 8.71725e-18, 0.039259005), (-0.99922895, -8.717692e-18, -0.039260995), (-0.039260004, -2.2187342e-16, -0.9992291), (-0.15643406, -2.1931089e-16, -0.9876884), (-0.039260004, -2.2187342e-16, -0.9992291), (0.15643406, -2.1931089e-16, -0.9876884), (0.30901685, -2.1117697e-16, -0.95105654), (0.99922895, 8.717692e-18, 0.039260995), (0.98768824, 3.4735557e-17, 0.15643504), (0.9992291, 8.71725e-18, 0.039259005), (0.98768824, 3.4735557e-17, 0.15643504), (0.9510561, 6.861579e-17, 0.30901805), (0.9510569, 6.8615327e-17, 0.30901596), (0.89100677, 1.0080602e-16, 0.45398995), (0.89100677, 1.0080602e-16, 0.45398995), (0.80901664, 1.3051465e-16, 0.5877857), (0.8090175, 1.3051441e-16, 0.58778465), (0.70710677, 1.5700924e-16, 0.70710677), (0.70710677, 1.5700924e-16, 0.70710677), (0.58778507, 1.7963789e-16, 0.8090171), (0.70710677, 1.5700924e-16, 0.70710677), (0.58778507, 1.7963789e-16, 0.8090171), (0.45399073, 1.9784317e-16, 0.8910064), (0.45399112, 1.9784313e-16, 0.89100623), (0.30901805, 2.1117688e-16, 0.9510561), (0.30901685, 2.1117697e-16, 0.95105654), (0.15643406, 2.1931089e-16, 0.9876884), (0.15643406, 2.1931089e-16, 0.9876884), (0.039260004, 2.2187342e-16, 0.9992291), (-0.039260004, 2.2187342e-16, 0.9992291), (0.039260004, 2.2187342e-16, 0.9992291), (-0.039260004, 2.2187342e-16, 0.9992291), (-0.15643406, 2.1931089e-16, 0.9876884), (-0.15643406, 2.1931089e-16, 0.9876884), (-0.30901685, 2.1117697e-16, 0.95105654), (-0.30901805, 2.1117688e-16, 0.9510561), (-0.45399112, 1.9784313e-16, 0.89100623), (-0.45399073, 1.9784317e-16, 0.8910064), (-0.58778507, 1.7963789e-16, 0.8090171), (-0.58778507, 1.7963789e-16, 0.8090171), (-0.70710677, 1.5700924e-16, 0.70710677), (-0.70710677, 1.5700924e-16, 0.70710677), (-0.8090171, 1.305145e-16, 0.58778507), (-0.70710677, 1.5700924e-16, 0.70710677), (-0.80901664, 1.3051465e-16, 0.5877857), (-0.89100677, 1.0080602e-16, 0.45398995), (-0.89100677, 1.0080602e-16, 0.45398995), (-0.95105654, 6.8615525e-17, 0.30901685), (-0.98768824, 3.4735557e-17, 0.15643504), (-0.99922895, 8.717692e-18, 0.039260995), (-0.98768824, 3.4735557e-17, 0.15643504), (0.30901805, -2.1117688e-16, -0.9510561), (0.45399112, -1.9784313e-16, -0.89100623), (-0.98768824, -3.4735557e-17, -0.15643504), (-0.98768824, -3.4735557e-17, -0.15643504), (-0.9510561, -6.861579e-17, -0.30901805), (-0.9510569, -6.8615327e-17, -0.30901596), (-0.80901664, -1.3051465e-16, -0.5877857), (-0.89100677, -1.0080602e-16, -0.45398995), (-0.8090175, -1.3051441e-16, -0.58778465), (-0.70710677, -1.5700924e-16, -0.70710677), (-0.70710677, -1.5700924e-16, -0.70710677), (-0.58778507, -1.7963789e-16, -0.8090171), (-0.70710677, -1.5700924e-16, -0.70710677), (-0.58778507, -1.7963789e-16, -0.8090171), (-0.45399073, -1.9784317e-16, -0.8910064), (-0.45399112, -1.9784313e-16, -0.89100623), (-0.30901805, -2.1117688e-16, -0.9510561), (-0.30901685, -2.1117697e-16, -0.95105654), (-0.15643406, -2.1931089e-16, -0.9876884), (0.45399073, -1.9784317e-16, -0.8910064), (0.58778507, -1.7963789e-16, -0.8090171), (0.58778507, -1.7963789e-16, -0.8090171), (0.70710677, -1.5700924e-16, -0.70710677), (0.70710677, -1.5700924e-16, -0.70710677), (0.8090171, -1.305145e-16, -0.58778507), (0.70710677, -1.5700924e-16, -0.70710677), (0.80901664, -1.3051465e-16, -0.5877857), (0.89100677, -1.0080602e-16, -0.45398995), (0.89100677, -1.0080602e-16, -0.45398995), (0.95105654, -6.8615525e-17, -0.30901685), (0.9510561, -6.861579e-17, -0.30901805), (0.98768824, -3.4735557e-17, -0.15643504), (0.98768824, -3.4735557e-17, -0.15643504), (0.99922895, -8.717692e-18, -0.039260995), (0.9992291, -8.71725e-18, -0.039259005), (-0.9510561, 6.861579e-17, 0.30901805), (-0.89100677, -1.0080602e-16, -0.45398995), (0.8090175, 1.3051441e-16, 0.58778465), (-0.58778507, 1.7963789e-16, 0.8090171), (-0.70710677, -1.5700924e-16, -0.70710677), (0.58778507, -1.7963789e-16, -0.8090171), (-0.95105654, 6.8615525e-17, 0.30901685), (-0.9876882, 3.4735776e-17, 0.15643603), (-0.95105654, 6.8615525e-17, 0.30901685), (0.9992291, 8.71725e-18, 0.039259005), (0.9992291, -8.71725e-18, -0.039259005), (0.99922895, 8.717692e-18, 0.039260995), (-0.15643406, 2.1931089e-16, 0.9876884), (-0.30901685, 2.1117697e-16, 0.95105654), (-0.15643504, 2.1931085e-16, 0.98768824), (-0.30901805, 2.1117688e-16, 0.9510561), (-0.45399112, 1.9784313e-16, 0.89100623), (-0.45398995, 1.9784325e-16, 0.89100677), (-0.58778507, 1.7963789e-16, 0.8090171), (-0.58778507, 1.7963789e-16, 0.8090171), (-0.70710677, 1.5700924e-16, 0.70710677), (-0.70710725, 1.5700912e-16, 0.70710623), (-0.80901664, 1.3051465e-16, 0.5877857), (-0.70710677, 1.5700924e-16, 0.70710677), (-0.80901664, 1.3051465e-16, 0.5877857), (-0.89100623, 1.0080628e-16, 0.45399112), (-0.89100623, 1.0080628e-16, 0.45399112), (-0.039260004, 2.2187342e-16, 0.9992291), (0.039260004, 2.2187342e-16, 0.9992291), (-0.039260004, 2.2187342e-16, 0.9992291), (0.30901685, 2.1117697e-16, 0.95105654), (0.15643406, 2.1931089e-16, 0.9876884), (0.30901805, 2.1117688e-16, 0.9510561), (0.9876882, 3.4735776e-17, 0.15643603), (0.95105654, 6.8615525e-17, 0.30901685), (0.9876884, 3.473534e-17, 0.15643406), (0.95105654, 6.8615525e-17, 0.30901685), (0.89100623, 1.0080628e-16, 0.45399112), (0.89100623, 1.0080628e-16, 0.45399112), (0.80901664, 1.3051465e-16, 0.5877857), (0.80901664, 1.3051465e-16, 0.5877857), (0.70710725, 1.5700912e-16, 0.70710623), (0.70710677, 1.5700924e-16, 0.70710677), (0.58778507, 1.7963789e-16, 0.8090171), (0.70710725, 1.5700912e-16, 0.70710623), (0.58778507, 1.7963789e-16, 0.8090171), (0.45398995, 1.9784325e-16, 0.89100677), (0.45399112, 1.9784313e-16, 0.89100623), (0.95105654, -6.8615525e-17, -0.30901685), (0.9876882, -3.4735776e-17, -0.15643603), (0.95105654, -6.8615525e-17, -0.30901685), (0.15643504, 2.1931085e-16, 0.98768824), (0.039260004, 2.2187342e-16, 0.9992291), (0.15643406, -2.1931089e-16, -0.9876884), (0.30901685, -2.1117697e-16, -0.95105654), (0.15643504, -2.1931085e-16, -0.98768824), (0.30901805, -2.1117688e-16, -0.9510561), (0.45399112, -1.9784313e-16, -0.89100623), (0.45398995, -1.9784325e-16, -0.89100677), (0.58778507, -1.7963789e-16, -0.8090171), (0.58778507, -1.7963789e-16, -0.8090171), (0.70710677, -1.5700924e-16, -0.70710677), (0.70710725, -1.5700912e-16, -0.70710623), (0.80901664, -1.3051465e-16, -0.5877857), (0.70710677, -1.5700924e-16, -0.70710677), (0.80901664, -1.3051465e-16, -0.5877857), (0.89100623, -1.0080628e-16, -0.45399112), (0.89100623, -1.0080628e-16, -0.45399112), (0.039260004, -2.2187342e-16, -0.9992291), (0.039260004, -2.2187342e-16, -0.9992291), (-0.039260004, -2.2187342e-16, -0.9992291), (-0.9992291, -8.71725e-18, -0.039259005), (-0.9992291, 8.71725e-18, 0.039259005), (-0.99922895, -8.717692e-18, -0.039260995), (-0.9876884, 3.473534e-17, 0.15643406), (-0.99922895, 8.717692e-18, 0.039260995), (-0.95105654, -6.8615525e-17, -0.30901685), (-0.9876882, -3.4735776e-17, -0.15643603), (-0.95105654, -6.8615525e-17, -0.30901685), (-0.89100623, -1.0080628e-16, -0.45399112), (-0.89100623, -1.0080628e-16, -0.45399112), (-0.80901664, -1.3051465e-16, -0.5877857), (-0.80901664, -1.3051465e-16, -0.5877857), (-0.70710725, -1.5700912e-16, -0.70710623), (-0.70710677, -1.5700924e-16, -0.70710677), (-0.58778507, -1.7963789e-16, -0.8090171), (-0.70710677, -1.5700924e-16, -0.70710677), (-0.58778507, -1.7963789e-16, -0.8090171), (-0.45398995, -1.9784325e-16, -0.89100677), (-0.45399112, -1.9784313e-16, -0.89100623), (-0.30901805, -2.1117688e-16, -0.9510561), (-0.30901685, -2.1117697e-16, -0.95105654), (-0.9876884, -3.473534e-17, -0.15643406), (-0.15643406, -2.1931089e-16, -0.9876884), (-0.15643504, -2.1931085e-16, -0.98768824), (0.9876884, -3.473534e-17, -0.15643406), (0.99922895, -8.717692e-18, -0.039260995), (-0.039260004, -2.2187342e-16, -0.9992291), (-0.70710725, 1.5700912e-16, 0.70710623), (0.70710677, 1.5700924e-16, 0.70710677), (0.70710725, -1.5700912e-16, -0.70710623), (-0.58778507, -1.7963789e-16, -0.8090171), (0.078782, -0.5949559, 0.79988796), (0.1568049, -0.5949556, 0.78831464), (0.15680504, -0.59495616, 0.7883142), (0.23331892, -0.59495586, 0.76914877), (0.23331892, -0.59495586, 0.76914877), (0.307585, -0.594957, 0.74257505), (0.307585, -0.594957, 0.74257505), (0.37888807, -0.5949571, 0.7088511), (0.37888807, -0.5949571, 0.7088511), (0.4465439, -0.59495586, 0.66830087), (0.4465439, -0.59495586, 0.66830087), (0.5098989, -0.59495574, 0.6213138), (0.5098981, -0.5949572, 0.6213131), (0.568343, -0.594956, 0.568343), (0.568343, -0.594956, 0.568343), (0.568343, -0.594956, 0.568343), (0.6213128, -0.59495676, 0.5098989), (0.6213128, -0.59495676, 0.5098989), (0.66830087, -0.59495586, 0.4465439), (0.66830087, -0.59495586, 0.4465439), (0.708852, -0.594956, 0.37888804), (0.7088511, -0.5949571, 0.37888807), (0.74257475, -0.5949569, 0.30758595), (0.74257505, -0.594957, 0.307585), (0.76914793, -0.59495693, 0.23331897), (0.76914793, -0.59495693, 0.23331897), (0.7883142, -0.59495616, 0.15680504), (0.7883142, -0.59495616, 0.15680504), (0.79988796, -0.5949559, 0.078782), (0.79988754, -0.5949566, 0.07878096), (0.8037582, -0.59495616, 1.321068e-16), (0.803759, -0.594955, 0.000001), (0.7998875, -0.5949566, -0.07878195), (0.7998871, -0.5949571, -0.078782015), (0.7883141, -0.5949561, -0.15680604), (0.7883136, -0.5949567, -0.15680593), (0.76914793, -0.59495693, -0.23331897), (0.7691481, -0.59495705, -0.23331805), (0.74257594, -0.59495586, -0.30758494), (0.74257594, -0.59495586, -0.30758494), (0.7088513, -0.5949562, -0.37888914), (0.7088508, -0.5949569, -0.37888893), (0.66830003, -0.59495604, -0.4465451), (0.66830087, -0.59495586, -0.4465439), (0.6213138, -0.59495574, -0.5098989), (0.62131405, -0.5949561, -0.5098981), (0.568343, -0.594956, -0.568343), (0.568343, -0.594956, -0.568343), (0.5098981, -0.5949572, -0.6213131), (0.568343, -0.594956, -0.568343), (0.5098981, -0.5949561, -0.62131405), (0.4465439, -0.59495586, -0.66830087), (0.4465439, -0.59495586, -0.66830087), (0.37888804, -0.594956, -0.708852), (0.37888804, -0.594956, -0.708852), (0.30758384, -0.5949567, -0.7425757), (0.30758408, -0.5949572, -0.74257517), (0.23331897, -0.59495693, -0.76914793), (0.23331805, -0.59495705, -0.7691481), (0.15680504, -0.59495616, -0.7883142), (0.15680504, -0.59495616, -0.7883142), (0.07878096, -0.5949566, -0.79988754), (0.078781, -0.594956, -0.7998881), (0, -0.59495616, -0.8037582), (0, -0.594955, -0.803759), (-0.07878299, -0.5949559, -0.7998879), (-0.07878301, -0.59495705, -0.7998871), (-0.15680604, -0.5949561, -0.7883141), (-0.15680604, -0.5949561, -0.7883141), (-0.23332006, -0.5949561, -0.7691482), (-0.23331988, -0.5949556, -0.7691486), (-0.30758587, -0.5949557, -0.74257565), (-0.30758515, -0.5949563, -0.7425754), (-0.37888977, -0.59495664, -0.70885056), (-0.37889004, -0.594956, -0.708851), (-0.44654506, -0.594956, -0.6683), (-0.44654498, -0.59495497, -0.6683009), (-0.50989914, -0.5949561, -0.62131315), (-0.50989914, -0.5949561, -0.62131315), (-0.56834334, -0.59495634, -0.5683423), (-0.56834334, -0.59495634, -0.5683423), (-0.56834334, -0.59495634, -0.5683423), (-0.62131405, -0.5949561, -0.5098981), (-0.62131405, -0.5949561, -0.5098981), (-0.66830087, -0.59495586, -0.4465439), (-0.66830087, -0.59495586, -0.4465439), (-0.7088522, -0.59495515, -0.37888908), (-0.7088522, -0.59495515, -0.37888908), (-0.74257594, -0.59495586, -0.30758494), (-0.74257594, -0.59495586, -0.30758494), (-0.76914895, -0.5949559, -0.23331799), (-0.76914936, -0.5949553, -0.2333181), (-0.7883147, -0.5949557, -0.15680492), (-0.7883142, -0.59495616, -0.15680504), (-0.79988796, -0.5949559, -0.078782), (-0.79988796, -0.5949559, -0.078782), (-0.803759, -0.594955, 1.3210655e-16), (-0.8037585, -0.5949556, 1.3210669e-16), (-0.7998881, -0.594956, 0.078781), (-0.7998881, -0.594956, 0.078781), (-0.7883147, -0.5949557, 0.15680492), (-0.7883147, -0.5949557, 0.15680492), (-0.76914895, -0.5949559, 0.23331799), (-0.76914895, -0.5949559, 0.23331799), (-0.7425762, -0.5949561, 0.30758405), (-0.7425762, -0.5949561, 0.30758405), (-0.708852, -0.594956, 0.37888804), (-0.7088523, -0.5949562, 0.37888715), (-0.66830117, -0.59495616, 0.44654313), (-0.66830117, -0.59495616, 0.44654313), (-0.62131375, -0.5949567, 0.5098978), (-0.62131405, -0.5949561, 0.5098981), (-0.56834394, -0.5949559, 0.5683419), (-0.56834394, -0.5949559, 0.5683419), (-0.56834394, -0.5949559, 0.5683419), (-0.50990015, -0.5949562, 0.62131226), (-0.50990015, -0.5949552, 0.6213132), (-0.44654584, -0.5949557, 0.6682997), (-0.44654584, -0.5949557, 0.6682997), (-0.37889084, -0.59495574, 0.7088508), (-0.37889084, -0.59495574, 0.7088508), (-0.307587, -0.594956, 0.742575), (-0.307587, -0.594956, 0.742575), (-0.23332104, -0.5949571, 0.7691471), (-0.23332104, -0.5949571, 0.7691471), (-0.156808, -0.5949559, 0.78831387), (-0.156808, -0.5949559, 0.78831387), (-0.078784026, -0.5949553, 0.7998883), (-0.078784026, -0.5949553, 0.7998883), (-0.000001, -0.594955, 0.803759), (-0.0000010000002, -0.59495616, 0.8037582), (0.078782, -0.5949559, 0.79988796), (0.568343, -0.594956, 0.568343), (0.568343, -0.594956, -0.568343), (-0.56834334, -0.59495634, -0.5683423), (-0.56834394, -0.5949559, 0.5683419), (-0.09801994, 2.2097534e-16, 0.9951845), (-0.000001, 2.220446e-16, 1), (-0.09801896, 2.2097537e-16, 0.9951846), (-0.38268408, -2.0514242e-16, -0.9238793), (-0.47139782, -1.9582573e-16, -0.8819207), (-0.38268408, -2.0514242e-16, -0.9238793), (0.83146906, 1.2336155e-16, 0.555571), (0.88192177, 1.04670905e-16, 0.47139585), (0.8314695, 1.233614e-16, 0.55557036), (-0.9569406, -6.445597e-17, -0.2902839), (-0.98078537, -4.3318698e-17, -0.19509007), (-0.9569406, -6.445597e-17, -0.2902839), (0.95694023, -6.445623e-17, -0.29028505), (0.9238798, -8.497268e-17, -0.38268292), (0.95693994, -6.4456435e-17, -0.29028597), (-0.8314704, 1.2336114e-16, 0.5555692), (-0.7730113, 1.4086338e-16, 0.63439226), (-0.83147055, 1.2336104e-16, 0.55556875), (0.38268292, -2.0514253e-16, -0.9238798), (0.29028416, -2.1248348e-16, -0.95694053), (0.38268292, -2.0514253e-16, -0.9238798), (0.19509007, 2.177781e-16, 0.98078537), (0.29028505, 2.1248342e-16, 0.95694023), (0.19509007, 2.177781e-16, 0.98078537), (-0.47139704, -1.9582581e-16, -0.88192105), (-0.555571, -1.8462322e-16, -0.83146906), (0.88192177, 1.04670905e-16, 0.47139585), (0.9238794, 8.497286e-17, 0.38268375), (-0.9807852, -4.3318913e-17, -0.19509104), (-0.9951848, -2.1764141e-17, -0.09801698), (0.9238798, -8.497268e-17, -0.38268292), (0.8819215, -1.04671e-16, -0.47139627), (-0.7730113, 1.4086338e-16, 0.63439226), (-0.70710826, 1.570089e-16, 0.7071052), (0.29028416, -2.1248348e-16, -0.95694053), (0.19509007, -2.177781e-16, -0.98078537), (0.29028505, 2.1248342e-16, 0.95694023), (0.38268375, 2.0514243e-16, 0.9238794), (-0.555571, -1.8462322e-16, -0.83146906), (-0.63439393, -1.7164268e-16, -0.7730099), (0.9238794, 8.497286e-17, 0.38268375), (0.95694023, 6.445623e-17, 0.29028505), (-0.99518466, -2.176436e-17, -0.09801796), (-1, -2.220446e-22, -0.000001), (0.88192105, -1.0467117e-16, -0.47139704), (0.83146906, -1.2336155e-16, -0.555571), (-0.70710826, 1.570089e-16, 0.7071052), (-0.634395, 1.7164248e-16, 0.773009), (-0.70710826, 1.570089e-16, 0.7071052), (0.19508909, -2.1777813e-16, -0.9807855), (0.09801598, -2.2097542e-16, -0.99518484), (0.38268408, 2.0514242e-16, 0.9238793), (0.47139627, 1.9582592e-16, 0.8819215), (-0.63439393, -1.7164268e-16, -0.7730099), (-0.7071078, -1.5700902e-16, -0.70710576), (0.95694023, 6.445623e-17, 0.29028505), (0.9807855, 4.331848e-17, 0.19508909), (-1, -0, 0), (-0.99518484, 2.176392e-17, 0.09801598), (0.83146906, -1.2336155e-16, -0.555571), (0.77301085, -1.408635e-16, -0.6343928), (-0.634395, 1.7164248e-16, 0.773009), (-0.55557215, 1.8462306e-16, 0.83146834), (0.09801598, -2.2097542e-16, -0.99518484), (-0.000001, -2.220446e-16, -1), (0.47139627, 1.9582592e-16, 0.8819215), (0.5555699, 1.846234e-16, 0.8314699), (-0.7071078, -1.5700902e-16, -0.70710576), (-0.7730113, -1.4086338e-16, -0.63439226), (-0.7071078, -1.5700902e-16, -0.70710576), (0.98078537, 4.3318698e-17, 0.19509007), (0.9951848, 2.1764141e-17, 0.09801698), (-0.9951848, 2.1764141e-17, 0.09801698), (-0.98078555, 4.3318443e-17, 0.19508892), (0.77301043, -1.4086362e-16, -0.63439333), (0.70710677, -1.5700924e-16, -0.70710677), (-0.55557215, 1.8462306e-16, 0.83146834), (-0.47139904, 1.9582559e-16, 0.88192004), (-0.000001, -2.220446e-16, -1), (-0.09801796, -2.2097538e-16, -0.99518466), (0.5555699, 1.846234e-16, 0.8314699), (0.63439333, 1.716428e-16, 0.77301043), (-0.77301085, -1.408635e-16, -0.6343928), (-0.8314699, -1.233613e-16, -0.5555699), (0.9951848, 2.1764141e-17, 0.09801698), (1, 0, 0), (-0.98078537, 4.3318698e-17, 0.19509007), (-0.9569409, 6.4455766e-17, 0.29028296), (0.70710576, -1.5700947e-16, -0.7071078), (0.6343928, -1.7164289e-16, -0.77301085), (0.70710677, -1.5700924e-16, -0.70710677), (-0.47139904, 1.9582559e-16, 0.88192004), (-0.3826862, 2.0514222e-16, 0.92387843), (-0.09801796, -2.2097538e-16, -0.99518466), (-0.19509104, -2.1777806e-16, -0.9807852), (0.63439333, 1.716428e-16, 0.77301043), (0.70710677, 1.5700924e-16, 0.70710677), (-0.8314699, -1.233613e-16, -0.5555699), (-0.88192105, -1.0467117e-16, -0.47139704), (1, 0, 0), (0.9951848, -2.1764141e-17, -0.09801698), (-0.9569406, 6.445597e-17, 0.2902839), (-0.9238801, 8.497248e-17, 0.38268203), (0.6343928, -1.7164289e-16, -0.77301085), (0.5555699, -1.846234e-16, -0.8314699), (-0.3826862, 2.0514222e-16, 0.92387843), (-0.2902881, 2.1248322e-16, 0.95693934), (-0.19509104, -2.1777806e-16, -0.9807852), (-0.29028597, -2.1248335e-16, -0.95693994), (0.70710677, 1.5700924e-16, 0.70710677), (0.77301043, 1.4086362e-16, 0.63439333), (0.70710677, 1.5700924e-16, 0.70710677), (-0.88192177, -1.04670905e-16, -0.47139585), (-0.9238798, -8.497268e-17, -0.38268292), (0.9951848, -2.1764141e-17, -0.09801698), (0.9807852, -4.3318913e-17, -0.19509104), (-0.9238801, 8.497248e-17, 0.38268203), (-0.8819221, 1.0467072e-16, 0.47139502), (0.5555699, -1.846234e-16, -0.8314699), (0.47139585, -1.9582597e-16, -0.88192177), (-0.2902881, 2.1248322e-16, 0.95693934), (-0.19509296, 2.1777797e-16, 0.9807848), (-0.29028597, -2.1248335e-16, -0.95693994), (0.7730099, 1.4086375e-16, 0.63439393), (-0.9238798, -8.497268e-17, -0.38268292), (0.98078537, -4.3318698e-17, -0.19509007), (-0.8819221, 1.0467072e-16, 0.47139502), (0.09801698, 2.2097541e-16, 0.9951848), (0.09801698, 2.2097541e-16, 0.9951848), (0.47139585, -1.9582597e-16, -0.88192177), (-0.19509296, 2.1777797e-16, 0.9807848), (-0.000001, 2.220446e-16, 1), (-0.70710826, 1.570089e-16, 0.7071052), (-0.7071078, -1.5700902e-16, -0.70710576), (0.70710576, -1.5700947e-16, -0.7071078), (0.70710677, 1.5700924e-16, 0.70710677), (0, -1, 2.220446e-16), (0, -1, 2.220446e-16), (0, -1, 2.220446e-16), (0, -1, 2.220446e-16), (0, -1, 2.220446e-16), (0, -1, 2.220446e-16), (0, -1, 2.220446e-16), (0, -1, 2.220446e-16), (0, -1, 2.220446e-16), (0, -1, 2.220446e-16), (0, -1, 2.220446e-16), (0, -1, 2.220446e-16), (0, -1, 2.220446e-16), (0, -1, 2.220446e-16), (0, -1, 2.220446e-16), (0, -1, 2.220446e-16), (0, -1, 2.220446e-16), (0, -1, 2.220446e-16), (0, -1, 2.220446e-16), (0, -1, 2.220446e-16), (0, -1, 2.220446e-16), (0, -1, 2.220446e-16), (0, -1, 2.220446e-16), (0, -1, 2.220446e-16), (0, -1, 2.220446e-16), (0, -1, 2.220446e-16), (0, -1, 2.220446e-16), (0, -1, 2.220446e-16), (0, -1, 2.220446e-16), (0, -1, 2.220446e-16), (0, -1, 2.220446e-16), (0, -1, 2.220446e-16), (0, -1, 2.220446e-16), (0, -1, 2.220446e-16), (0, -1, 2.220446e-16), (0, -1, 2.220446e-16), (0, -1, 2.220446e-16), (0, -1, 2.220446e-16), (0, -1, 2.220446e-16), (0, -1, 2.220446e-16), (0, -1, 2.220446e-16), (0, -1, 2.220446e-16), (0, -1, 2.220446e-16), (0, -1, 2.220446e-16), (0, -1, 2.220446e-16), (0, -1, 2.220446e-16), (0, -1, 2.220446e-16), (0, -1, 2.220446e-16), (0, -1, 2.220446e-16), (0, -1, 2.220446e-16), (0, -1, 2.220446e-16), (0, -1, 2.220446e-16), (0, -1, 2.220446e-16), (0, -1, 2.220446e-16), (0, -1, 2.220446e-16), (0, -1, 2.220446e-16), (0, -1, 2.220446e-16), (0, -1, 2.220446e-16), (0, -1, 2.220446e-16), (0, -1, 2.220446e-16), (0, -1, 2.220446e-16), (0, -1, 2.220446e-16), (0, -1, 2.220446e-16), (0, -1, 2.220446e-16), (0, -1, 2.220446e-16), (0, -1, 2.220446e-16), (0, -1, 2.220446e-16), (0, -1, 2.220446e-16), (0, -1, 2.220446e-16), (0, -1, 2.220446e-16), (0, -1, 2.220446e-16), (0, -1, 2.220446e-16), (0, -1, 2.220446e-16), (0, -1, 2.220446e-16), (0, -1, 2.220446e-16), (0, -1, 2.220446e-16), (0, -1, 2.220446e-16), (0, -1, 2.220446e-16), (0, -1, 2.220446e-16), (0, -1, 2.220446e-16), (0, -1, 2.220446e-16), (0, -1, 2.220446e-16), (0, -1, 2.220446e-16), (0, -1, 2.220446e-16), (0, -1, 2.220446e-16), (0, -1, 2.220446e-16), (0, -1, 2.220446e-16), (0, -1, 2.220446e-16), (0, -1, 2.220446e-16), (0, -1, 2.220446e-16), (0, -1, 2.220446e-16), (0, -1, 2.220446e-16), (0, -1, 2.220446e-16), (0, -1, 2.220446e-16), (0, -1, 2.220446e-16), (0, -1, 2.220446e-16), (0, -1, 2.220446e-16), (0, -1, 2.220446e-16), (0, -1, 2.220446e-16), (0, -1, 2.220446e-16), (0, -1, 2.220446e-16), (0, -1, 2.220446e-16), (0, -1, 2.220446e-16), (0, -1, 2.220446e-16), (0, -1, 2.220446e-16), (0, -1, 2.220446e-16), (0, -1, 2.220446e-16), (0, -1, 2.220446e-16), (0, -1, 2.220446e-16), (0, -1, 2.220446e-16), (0, -1, 2.220446e-16), (0, -1, 2.220446e-16), (0, -1, 2.220446e-16), (0, -1, 2.220446e-16), (0, -1, 2.220446e-16), (0, -1, 2.220446e-16), (0, -1, 2.220446e-16), (0, -1, 2.220446e-16), (0, -1, 2.220446e-16), (0, -1, 2.220446e-16), (0, -1, 2.220446e-16), (0, -1, 2.220446e-16), (0, -1, 2.220446e-16), (0, -1, 2.220446e-16), (0, -1, 2.220446e-16), (0, -1, 2.220446e-16), (0, -1, 2.220446e-16), (0, -1, 2.220446e-16), (-0.99518484, 2.176392e-17, 0.09801598), (-0.9807855, 4.331848e-17, 0.19508909), (-0.98078537, 4.3318698e-17, 0.19509007), (0.77301085, -1.408635e-16, -0.6343928), (0.70710623, -1.5700935e-16, -0.70710725), (0.70710623, -1.5700935e-16, -0.70710725), (-0.9569406, 6.445597e-17, 0.2902839), (-0.95694053, 6.445603e-17, 0.29028416), (0.6343928, -1.7164289e-16, -0.77301085), (0.6343928, -1.7164289e-16, -0.77301085), (-0.9238801, 8.497248e-17, 0.38268203), (-0.9238798, 8.497268e-17, 0.38268292), (0.5555692, -1.8462351e-16, -0.8314704), (0.5555692, -1.8462351e-16, -0.8314704), (-0.8819228, 1.04670475e-16, 0.4713939), (-0.88192105, 1.0467117e-16, 0.47139704), (0.47139704, -1.9582581e-16, -0.88192105), (0.47139704, -1.9582581e-16, -0.88192105), (-0.000001, 2.220446e-16, 1), (0.09801698, 2.2097541e-16, 0.9951848), (0.09801698, 2.2097541e-16, 0.9951848), (-0.83147115, 1.2336087e-16, 0.555568), (-0.8314704, 1.2336114e-16, 0.5555692), (0.38268292, -2.0514253e-16, -0.9238798), (0.38268292, -2.0514253e-16, -0.9238798), (0.19509007, 2.177781e-16, 0.98078537), (0.19509007, 2.177781e-16, 0.98078537), (-0.7730113, 1.4086338e-16, 0.63439226), (-0.77301174, 1.4086327e-16, 0.6343918), (0.2902839, -2.124835e-16, -0.9569406), (0.2902839, -2.124835e-16, -0.9569406), (0.29028505, 2.1248342e-16, 0.95694023), (0.29028505, 2.1248342e-16, 0.95694023), (-0.70710826, 1.570089e-16, 0.7071052), (-0.7071078, 1.5700902e-16, 0.70710576), (0.2902839, -2.124835e-16, -0.9569406), (0.19508892, -2.1777814e-16, -0.98078555), (0.19508892, -2.1777814e-16, -0.98078555), (0.38268375, 2.0514243e-16, 0.9238794), (0.38268292, 2.0514253e-16, 0.9238798), (-0.634395, 1.7164248e-16, 0.773009), (-0.634395, 1.7164248e-16, 0.773009), (0.09801598, -2.2097542e-16, -0.99518484), (0.09801598, -2.2097542e-16, -0.99518484), (0.47139704, 1.9582581e-16, 0.88192105), (0.47139704, 1.9582581e-16, 0.88192105), (-0.55557287, 1.8462295e-16, 0.83146787), (-0.55557287, 1.8462295e-16, 0.83146787), (-0.000001, -2.220446e-16, -1), (-0.000001, -2.220446e-16, -1), (0.5555699, 1.846234e-16, 0.8314699), (0.5555699, 1.846234e-16, 0.8314699), (-0.47139904, 1.9582559e-16, 0.88192004), (-0.47139904, 1.9582559e-16, 0.88192004), (-0.09801796, -2.2097538e-16, -0.99518466), (-0.09801796, -2.2097538e-16, -0.99518466), (0.63439226, 1.71643e-16, 0.7730113), (0.63439333, 1.716428e-16, 0.77301043), (-0.3826862, 2.0514222e-16, 0.92387843), (-0.3826862, 2.0514222e-16, 0.92387843), (-0.19509007, -2.177781e-16, -0.98078537), (-0.19509007, -2.177781e-16, -0.98078537), (0.70710677, 1.5700924e-16, 0.70710677), (0.7071078, 1.5700902e-16, 0.70710576), (-0.2902881, 2.1248322e-16, 0.95693934), (-0.2902881, 2.1248322e-16, 0.95693934), (-0.29028597, -2.1248335e-16, -0.95693994), (-0.29028597, -2.1248335e-16, -0.95693994), (0.7730099, 1.4086375e-16, 0.63439393), (0.77301085, 1.408635e-16, 0.6343928), (-0.2902881, 2.1248322e-16, 0.95693934), (-0.19509296, 2.1777797e-16, 0.9807848), (-0.19509296, 2.1777797e-16, 0.9807848), (-0.38268495, -2.0514233e-16, -0.9238789), (-0.38268495, -2.0514233e-16, -0.9238789), (0.83146906, 1.2336155e-16, 0.555571), (0.83146906, 1.2336155e-16, 0.555571), (-0.09801896, 2.2097537e-16, 0.9951846), (-0.09801896, 2.2097537e-16, 0.9951846), (-0.47139782, -1.9582573e-16, -0.8819207), (-0.47139782, -1.9582573e-16, -0.8819207), (0.88192105, 1.0467117e-16, 0.47139704), (0.88192177, 1.04670905e-16, 0.47139585), (-0.000001, 2.220446e-16, 1), (-0.555571, -1.8462322e-16, -0.83146906), (-0.555571, -1.8462322e-16, -0.83146906), (0.9238798, 8.497268e-17, 0.38268292), (0.9238798, 8.497268e-17, 0.38268292), (-0.63439393, -1.7164268e-16, -0.7730099), (-0.63439393, -1.7164268e-16, -0.7730099), (0.95694053, 6.445603e-17, 0.29028416), (0.95694053, 6.445603e-17, 0.29028416), (-0.7071078, -1.5700902e-16, -0.70710576), (-0.70710725, -1.5700912e-16, -0.70710623), (0.95694053, 6.445603e-17, 0.29028416), (0.98078537, 4.3318698e-17, 0.19509007), (0.9807857, 4.3318224e-17, 0.19508794), (-0.7730113, -1.4086338e-16, -0.63439226), (-0.77301085, -1.408635e-16, -0.6343928), (0.99518466, 2.176436e-17, 0.09801796), (0.9951848, 2.1764141e-17, 0.09801698), (-0.8314695, -1.233614e-16, -0.55557036), (-0.8314699, -1.233613e-16, -0.5555699), (1, 2.220446e-22, 0.000001), (1, -2.220446e-22, -0.000001), (-0.8819215, -1.04671e-16, -0.47139627), (-0.88192177, -1.04670905e-16, -0.47139585), (0.9951848, -2.1764141e-17, -0.09801698), (0.9951846, -2.1764581e-17, -0.09801896), (-0.9238798, -8.497268e-17, -0.38268292), (-0.9238794, -8.497286e-17, -0.38268375), (0.98078537, -4.3318698e-17, -0.19509007), (0.98078537, -4.3318698e-17, -0.19509007), (-0.95694053, -6.445603e-17, -0.29028416), (-0.9569409, -6.4455766e-17, -0.29028296), (0.95694053, -6.445603e-17, -0.29028416), (0.95693994, -6.4456435e-17, -0.29028597), (-0.9569409, -6.4455766e-17, -0.29028296), (-0.98078537, -4.3318698e-17, -0.19509007), (-0.98078537, -4.3318698e-17, -0.19509007), (0.9238798, -8.497268e-17, -0.38268292), (0.9238793, -8.4972936e-17, -0.38268408), (-0.9951848, -2.1764141e-17, -0.09801698), (-0.9951846, -2.1764581e-17, -0.09801896), (0.88192177, -1.04670905e-16, -0.47139585), (0.88192105, -1.0467117e-16, -0.47139704), (-1, -0, 0), (-1, -2.220446e-22, -0.000001), (0.83146906, -1.2336155e-16, -0.555571), (0.8314695, -1.233614e-16, -0.55557036), (-0.9951848, 2.1764141e-17, 0.09801698), (0.7730099, -1.4086375e-16, -0.63439393), (0.2902839, -2.124835e-16, -0.9569406), (-0.2902881, 2.1248322e-16, 0.95693934), (0.95694053, 6.445603e-17, 0.29028416), (-0.95694053, -6.445603e-17, -0.29028416), (0, -1, 2.220446e-16), (0, -1, 2.220446e-16), (0, -1, 2.220446e-16), (-0.000016, -1, 2.220446e-16), (-0.000002, -1, 2.220446e-16), (0.000014, -1, 2.220446e-16), (-0.000001, -1, 2.220446e-16), (0, -1, 2.220446e-16), (0.000004, -1, 2.220446e-16), (0.000001, -1, 2.220446e-16), (0.000001, -1, 2.220446e-16), (-0.000003, -1, 2.220446e-16), (0.000001, -1, 2.220446e-16), (-0.000002, -1, 2.220446e-16), (-0.000006, -1, 2.220446e-16), (0, -1, 2.220446e-16), (-0.000002, -1, 2.220446e-16), (0, -1, 2.220446e-16), (0.000001, -1, 2.220446e-16), (0, -1, 2.220446e-16), (-0.000001, -1, 2.220446e-16), (0, -1, 2.220446e-16), (0, -1, 2.220446e-16), (0, -1, 2.220446e-16), (0, -1, 2.220446e-16), (0, -1, 2.220446e-16), (0.000001, -1, 2.220446e-16), (0, -1, 2.220446e-16), (0, -1, 2.220446e-16), (0, -1, 2.220446e-16), (0.000001, -1, 2.220446e-16), (0, -1, 2.220446e-16), (0, -1, 2.220446e-16), (0, -1, 2.220446e-16), (-0.000002, -1, 2.220446e-16), (-0.000002, -1, 2.220446e-16), (0.000001, -1, 2.220446e-16), (0, -1, 2.220446e-16), (0, -1, 2.220446e-16), (0, -1, 2.220446e-16), (0, -1, 2.220446e-16), (0, -1, 2.220446e-16), (0.000002, -1, 2.220446e-16), (0, -1, 2.220446e-16), (0, -1, 2.220446e-16), (-0.000002, -1, 2.220446e-16), (0, -1, 2.220446e-16), (0, -1, 2.220446e-16), (0, -1, 2.220446e-16), (0, -1, 2.220446e-16), (0.000001, -1, 2.220446e-16), (-0.000001, -1, 2.220446e-16), (0, -1, 2.220446e-16), (0, -1, 2.220446e-16), (0, -1, 2.220446e-16), (0, -1, 2.220446e-16), (-0.000002, -1, 2.220446e-16), (0, -1, 2.220446e-16), (0.000002, -1, 2.220446e-16), (0.000001, -1, 2.220446e-16), (-0.000001, -1, 2.220446e-16), (0, -1, 2.220446e-16), (-0.000001, -1, 2.220446e-16), (0.000004, -1, 2.220446e-16), (0, -1, 2.220446e-16), (0, -1, 2.220446e-16), (0, -1, 2.220446e-16), (0, -1, 2.220446e-16), (0.000001, -1, 2.220446e-16), (-0.000001, -1, 2.220446e-16), (0, -1, 2.220446e-16), (0, -1, 2.220446e-16), (0, -1, 2.220446e-16), (0, -1, 2.220446e-16), (0, -1, 2.220446e-16), (0, -1, 2.220446e-16), (0.000002, -1, 2.220446e-16), (-0.000002, -1, 2.220446e-16), (0.000001, -1, 2.220446e-16), (0.000006, -1, 2.220446e-16), (0, -1, 2.220446e-16), (0.000002, -1, 2.220446e-16), (0.000003, -1, 2.220446e-16), (0, -1, 2.220446e-16), (0.000007, -1, 2.220446e-16), (-0.000003, -1, 2.220446e-16), (0.000005, -1, 2.220446e-16), (-0.000024, -1, 2.220446e-16), (-0.000002, -1, 2.220446e-16), (0.00001, -1, 2.220446e-16), (0.000001, -1, 2.220446e-16), (0.000003, -1, 2.220446e-16), (0, -1, 2.220446e-16), (0, -1, 2.220446e-16), (0, -1, 2.220446e-16), (0, -1, 2.220446e-16), (0, -1, 2.220446e-16), (0, -1, 2.220446e-16), (0, -1, 2.220446e-16), (0, -1, 2.220446e-16), (0, -1, 2.220446e-16), (0.000034, -1, 2.220446e-16), (0, -1, 2.220446e-16), (-0.000001, -1, 2.220446e-16), (0, -1, 2.220446e-16), (0.000002, -1, 2.220446e-16), (-0.000007, -1, 2.220446e-16), (0.000006, -1, 2.220446e-16), (0.000004, -1, 2.220446e-16), (0, -1, 2.220446e-16), (-0.000001, -1, 2.220446e-16), (0.000001, -1, 2.220446e-16), (-0.000002, -1, 2.220446e-16), (-0.000001, -1, 2.220446e-16), (0, -1, 2.220446e-16), (0, -1, 2.220446e-16), (0, -1, 2.220446e-16), (0, -1, 2.220446e-16), (0, -1, 2.220446e-16), (0, -1, 2.220446e-16), (0, -1, 2.220446e-16), (0, -1, 2.220446e-16), (0.000002, -1, 2.220446e-16), (0, -1, 2.220446e-16), (-0.000001, -1, 2.220446e-16), (0, -1, 2.220446e-16), (0, -1, 2.220446e-16), (0, -1, 2.220446e-16), (0, -1, 2.220446e-16), (0, -1, 2.220446e-16), (0, -1, 2.220446e-16), (0, -1, 2.220446e-16), (0.000002, -1, 2.220446e-16), (-0.000004, -1, 2.220446e-16), (0.000002, -1, 2.220446e-16), (-0.000003, -1, 2.220446e-16), (-0.000006, -1, 2.220446e-16), (0.000003, -1, 2.220446e-16), (0.000001, -1, 2.220446e-16), (-0.000002, -1, 2.220446e-16), (0, -1, 2.220446e-16), (0, -1, 2.220446e-16), (0, -1, 2.220446e-16), (0.000002, -1, 2.220446e-16), (0, -1, 2.220446e-16), (0, -1, 2.220446e-16), (0, -1, 2.220446e-16), (0, -1, 2.220446e-16), (0, -1, 2.220446e-16), (0, -1, 2.220446e-16), (0, -1, 2.220446e-16), (0, -1, 2.220446e-16), (0, -1, 2.220446e-16), (0, -1, 2.220446e-16), (0, -1, 2.220446e-16), (0.000006, -1, 2.220446e-16), (0, -1, 2.220446e-16), (0.000003, -1, 2.220446e-16), (-0.000001, -1, 2.220446e-16), (0.000004, -1, 2.220446e-16), (0, -1, 2.220446e-16), (0, -1, 2.220446e-16), (0, -1, 2.220446e-16), (0, -1, 2.220446e-16), (0, -1, 2.220446e-16), (0, -1, 2.220446e-16), (0.000007, -1, 2.220446e-16), (-0.000006, -1, 2.220446e-16), (-0.000002, -1, 2.220446e-16), (-0.000001, -1, 2.220446e-16), (0.000008, -1, 2.220446e-16), (0, -1, 2.220446e-16), (-0.12239199, -0.94747686, -0.29547897), (-0.062393993, -0.94747686, -0.31367898), (-0.08890004, -0.9471245, -0.3083051), (-0.000002000001, -0.94747734, -0.31982312), (-0.000008999997, -0.94747764, -0.31982192), (-0.031437006, -0.94700724, -0.31967008), (-0.051064007, -0.984401, -0.16836601), (-0.106084034, -0.96079934, -0.25614607), (-0.08273204, -0.9585545, -0.2726331), (-0.154029, -0.96079487, -0.23053898), (-0.17768294, -0.94747764, -0.2659229), (0.05380601, -0.9608122, -0.27192807), (0.026847009, -0.96019536, -0.27803612), (0.031502996, -0.94700885, -0.31965894), (-0.042652998, -0.99548393, -0.08480799), (-0.06357097, -0.98610467, -0.15348093), (-0.09228998, -0.98610485, -0.13812996), (-0.19605295, -0.9607948, -0.19605295), (-0.22614795, -0.9474778, -0.22614795), (-0.23053995, -0.9607947, -0.15402895), (-0.26592195, -0.9474778, -0.17768298), (-0.25614607, -0.96079934, -0.106084034), (-0.29547688, -0.94747764, -0.12239096), (-0.3083099, -0.94712466, -0.08888097), (-0.31367502, -0.9474781, -0.062395006), (-0.31966412, -0.9470084, -0.03146601), (-0.31982103, -0.947478, 2.1038238e-16), (-0.31367502, -0.9474781, 0.062395006), (-0.3196652, -0.94700754, 0.031480014), (-0.271988, -0.960778, 0.054111), (-0.29547802, -0.94747716, 0.12239202), (-0.25614607, -0.96079934, 0.106084034), (-0.23051088, -0.9608014, 0.1540299), (-0.26592588, -0.94747657, 0.1776839), (-0.22615197, -0.94747686, 0.22614796), (-0.19605295, -0.9607948, 0.19605295), (-0.17768502, -0.94747716, 0.26592305), (-0.15402895, -0.9607947, 0.23053995), (-0.106084034, -0.96079934, 0.25614607), (-0.122389086, -0.9474775, 0.29547817), (-0.08887796, -0.94712657, 0.30830485), (-0.062392022, -0.94747734, 0.31367815), (-0.03147199, -0.94700855, 0.31966284), (-0.0000030000012, -0.94747734, 0.31982312), (0.06239298, -0.94747764, 0.3136769), (0.031479, -0.94700587, 0.31966996), (0.054202016, -0.9607653, 0.27201506), (0.12239404, -0.9474772, 0.2954771), (0.106084034, -0.96079934, 0.25614607), (0.15402895, -0.9607947, 0.23053995), (0.17768294, -0.94747764, 0.2659229), (0.19605295, -0.9607948, 0.19605295), (0.22614601, -0.947478, 0.22614901), (0.23053898, -0.96079487, 0.154029), (0.265924, -0.94747704, 0.177684), (0.25614607, -0.96079934, 0.106084034), (0.29547897, -0.947477, 0.122390985), (0.31367812, -0.9474772, 0.062393017), (0.27189595, -0.9608059, 0.05407999), (0.27799502, -0.960191, 0.027421001), (0.31966305, -0.9470082, 0.031481005), (0.3198258, -0.9474764, 9.999994e-7), (0.31982192, -0.94747764, 0.0000029999992), (0.31965688, -0.94700974, -0.031496994), (0.29548112, -0.94747627, -0.12239104), (0.31368107, -0.9474762, -0.06239401), (0.30829304, -0.94713014, -0.08888201), (0.23053995, -0.9607947, -0.15402895), (0.265928, -0.94747597, -0.17768398), (0.22614999, -0.94747686, -0.22614999), (0.19605295, -0.9607948, -0.19605295), (0.17768304, -0.9474772, -0.2659241), (0.154029, -0.96079487, -0.23053898), (0.12239001, -0.94747704, -0.295479), (0.106084034, -0.96079934, -0.25614607), (0.062393993, -0.94747686, -0.31367898), (0.063519, -0.97333395, -0.22042297), (-0.057397004, -0.99549204, -0.075506), (-0.11746797, -0.9861047, -0.11746797), (-0.13812996, -0.98610485, -0.09228998), (-0.15348093, -0.98610467, -0.06357097), (-0.16837111, -0.98439956, -0.05107603), (-0.27263597, -0.9585569, -0.082694), (-0.22045305, -0.9733203, 0.063625015), (-0.27813506, -0.9601501, 0.027436005), (-0.13812996, -0.98610485, 0.09228998), (-0.11746797, -0.9861047, 0.11746797), (-0.09228998, -0.98610485, 0.13812996), (-0.06357097, -0.98610467, 0.15348093), (-0.051092003, -0.98440003, 0.168363), (-0.08269098, -0.9585578, 0.27263394), (0.063713014, -0.97331226, 0.22046305), (0.027602008, -0.96011513, 0.27823907), (0.09228998, -0.98610485, 0.13812996), (0.11746797, -0.9861047, 0.11746797), (0.13812996, -0.98610485, 0.09228998), (0.15348093, -0.98610455, 0.06357197), (0.16836497, -0.9844008, 0.051070992), (0.22040997, -0.9733299, 0.06362699), (0.16835304, -0.98440313, -0.05106601), (0.25614607, -0.96079934, -0.106084034), (0.27261594, -0.9585628, -0.08269198), (0.15348093, -0.98610467, -0.06357097), (0.13812996, -0.98610485, -0.09228998), (0.11746797, -0.9861047, -0.11746797), (0.09228998, -0.98610485, -0.13812996), (0.06357097, -0.98610467, -0.15348093), (0.05107001, -0.98440117, -0.16836305), (-0.06023297, -0.9954695, -0.07356896), (-0.06361698, -0.99549973, -0.07023598), (-0.07552199, -0.99549, -0.057410996), (-0.08480901, -0.99548423, -0.04264401), (-0.08480603, -0.9954844, 0.042646013), (-0.15348093, -0.98610455, 0.06357197), (-0.16836305, -0.98440117, 0.051071007), (-0.07550403, -0.9954914, 0.057412013), (-0.07352498, -0.99546367, 0.060382977), (-0.07020297, -0.9954975, 0.06368897), (-0.057384994, -0.99549294, 0.07550399), (-0.042653993, -0.9954839, 0.084807985), (0.042641014, -0.9954844, 0.08480903), (0.06354097, -0.98610646, 0.15348092), (0.05106201, -0.9844013, 0.16836506), (0.057419006, -0.9954911, 0.07550201), (0.069379985, -0.99554574, 0.063835986), (0.048475005, -0.99786705, 0.043722), (0.07548599, -0.99549294, 0.057407994), (0.08481002, -0.9954841, 0.042645007), (0.084803976, -0.9954847, -0.042643987), (0.075524025, -0.9954903, -0.05740402), (0.063417025, -0.9955142, -0.070212014), (0.059798997, -0.9954989, -0.073525995), (0.057395026, -0.99549234, -0.075504035), (0.042644013, -0.9954841, -0.08481002), (0.038015977, -0.99814653, 0.047519974), (0, -1, 2.220446e-16), (-0.319824, -0.947477, -9.999999e-7), (0.0000010000005, -0.94747734, 0.31982312), (-0.17768596, -0.94747674, -0.26592398), (-0.106084034, -0.96079934, -0.25614607), (-0.154029, -0.96079487, -0.23053898), (-0.12239199, -0.94747686, -0.29547897), (-0.05420203, -0.96078146, -0.2719581), (-0.22614908, -0.94747734, -0.22614908), (-0.19605295, -0.9607948, -0.19605295), (-0.09228998, -0.98610485, -0.13812996), (-0.06357097, -0.98610467, -0.15348093), (-0.06239101, -0.94747716, -0.31367904), (-0.03150199, -0.9470076, -0.31966284), (-0.063713014, -0.97331226, -0.22046305), (-0.23053995, -0.9607947, -0.15402895), (-0.265924, -0.94747704, -0.177684), (-0.042640015, -0.9954844, -0.08481004), (-0.057416014, -0.9954914, -0.07550103), (-0.053805016, -0.96080434, 0.27195606), (-0.026848001, -0.96019304, 0.278044), (-0.031490996, -0.9470079, 0.31966296), (-9.999999e-7, -0.947477, 0.319824), (-0.0000039999986, -0.9474767, 0.31982487), (0.031508014, -0.9470045, 0.31967115), (0.12238997, -0.94747674, 0.29547998), (0.06239299, -0.947477, 0.313679), (0.08890704, -0.9471284, 0.3082911), (0.1776859, -0.94747645, 0.26592484), (0.106084034, -0.96079934, 0.25614607), (0.15402895, -0.9607947, 0.23053995), (0.22615093, -0.9474767, 0.22614995), (0.19605295, -0.9607948, 0.19605295), (0.265925, -0.94747686, 0.17768398), (0.23053898, -0.96079487, 0.154029), (0.29547986, -0.94747657, 0.122391954), (0.25614607, -0.96079934, 0.106084034), (0.30828613, -0.94713235, 0.08888203), (0.31367385, -0.9474785, 0.06239496), (0.31966406, -0.9470082, 0.031471003), (0.31982192, -0.94747764, 9.999997e-7), (0.31367898, -0.94747686, -0.06239499), (0.3196641, -0.9470073, -0.03149701), (0.27192402, -0.9607981, -0.054079), (0.25614607, -0.96079934, -0.106084034), (0.29547897, -0.94747686, -0.12239199), (0.23053995, -0.9607947, -0.15402895), (0.265925, -0.94747686, -0.17768398), (0.19605295, -0.9607948, -0.19605295), (0.22615097, -0.94747686, -0.22614898), (0.17768502, -0.94747716, -0.26592305), (0.154029, -0.96079487, -0.23053898), (0.106084034, -0.96079934, -0.25614607), (0.12239001, -0.94747704, -0.295479), (0.08887902, -0.9471262, -0.3083061), (0.062387995, -0.94747794, -0.31367698), (0.031452004, -0.9470071, -0.31966904), (0, -0.94747734, -0.31982312), (-0.25614607, -0.96079934, -0.106084034), (-0.29547897, -0.947477, -0.122390985), (-0.3136769, -0.94747764, -0.06239298), (-0.27195302, -0.96079326, -0.054018006), (-0.2781221, -0.96015847, -0.027275011), (-0.31966808, -0.94700634, -0.03148401), (-0.31982192, -0.94747764, 2.103823e-16), (-0.319824, -0.947477, -9.999999e-7), (-0.3196749, -0.9470037, 0.031492993), (-0.29547897, -0.947477, 0.122390985), (-0.31367806, -0.94747716, 0.06239501), (-0.30827916, -0.9471345, 0.08888304), (-0.23051088, -0.9608014, 0.1540299), (-0.26592696, -0.9474759, 0.17768598), (-0.22614901, -0.94747704, 0.22615002), (-0.19605295, -0.9607948, 0.19605295), (-0.15402895, -0.9607947, 0.23053995), (-0.177684, -0.94747704, 0.265924), (-0.106084034, -0.96079934, 0.25614607), (-0.122391954, -0.94747657, 0.29547986), (-0.06239499, -0.94747686, 0.31367898), (-0.027602004, -0.9601621, -0.27807704), (-0.05106197, -0.98440146, -0.16836393), (-0.13812996, -0.98610485, -0.09228998), (-0.11746797, -0.9861047, -0.11746797), (-0.06967102, -0.99552435, -0.063853025), (-0.06351696, -0.9733335, 0.22042586), (0.051057003, -0.984401, 0.168368), (0.08272497, -0.95856166, 0.2726099), (0.06357097, -0.98610467, 0.15348093), (0.09228998, -0.98610485, 0.13812996), (0.11746797, -0.9861047, 0.11746797), (0.13812996, -0.98610485, 0.09228998), (0.15348093, -0.98610455, 0.06357197), (0.16835506, -0.98440236, 0.05107402), (0.272597, -0.9585679, 0.082695), (0.22041893, -0.9733277, -0.06362899), (0.27804494, -0.96017784, -0.027376994), (0.13812996, -0.98610485, -0.09228998), (0.11746797, -0.9861047, -0.11746797), (0.09228998, -0.98610485, -0.13812996), (0.06357097, -0.98610467, -0.15348093), (0.05109499, -0.98439974, -0.16836396), (0.08269098, -0.9585578, -0.27263394), (-0.15348093, -0.98610467, -0.06357097), (-0.168362, -0.984401, -0.051077005), (-0.22040191, -0.9733325, -0.06361497), (-0.16837704, -0.9843983, 0.05108002), (-0.25614607, -0.96079934, 0.106084034), (-0.27259094, -0.9585697, 0.08269397), (-0.13812996, -0.98610485, 0.09228998), (-0.15348093, -0.98610455, 0.06357197), (-0.09228998, -0.98610485, 0.13812996), (-0.11746797, -0.9861047, 0.11746797), (-0.06357097, -0.98610467, 0.15348093), (-0.051070027, -0.9844014, 0.16836207), (-0.07550504, -0.99549145, -0.05740902), (0.042662982, -0.9954836, 0.08480796), (0.05740002, -0.99549234, 0.07550104), (0.060505014, -0.9954583, 0.07349803), (0.06374401, -0.9954942, 0.07020002), (0.07551099, -0.9954909, 0.05741099), (0.08480902, -0.99548435, 0.042642012), (0.08481202, -0.99548423, -0.042640015), (0.15348093, -0.98610467, -0.06357097), (0.168368, -0.98440003, -0.051076002), (0.075501986, -0.99549174, -0.05740799), (0.07350303, -0.9954724, -0.060267027), (0.07019099, -0.9955019, -0.06363299), (0.057384994, -0.99549294, -0.07550399), (0.042656988, -0.99548376, -0.08480798), (-0.084804974, -0.9954848, -0.04264099), (-0.084804974, -0.9954848, 0.04264099), (-0.07551301, -0.99549127, 0.057401013), (-0.063704975, -0.9954956, 0.07021598), (-0.057394017, -0.99549216, 0.07550701), (-0.04263398, -0.9954846, 0.08480997), (-0.049899016, -0.9977923, -0.04382501), (-0.044309005, -0.997864, -0.048001003), (0, -1, 2.220446e-16), (0.0000019999993, -0.94747764, -0.31982192), (0.3198261, -0.94747627, 0.000003000001), (-0.060423974, -0.9954605, 0.07353397), (-0.22615209, -0.9474764, 0.2261501), (-0.23051088, -0.9608014, 0.1540299), (-0.19605295, -0.9607948, 0.19605295), (-0.29547808, -0.94747734, 0.12239005), (-0.2659249, -0.9474767, 0.17768495), (-0.15402895, -0.9607947, 0.23053995), (-0.17768703, -0.9474762, 0.26592502), (-0.13812996, -0.98610485, 0.09228998), (-0.11746797, -0.9861047, 0.11746797), (-0.31367812, -0.9474772, 0.062393017), (-0.25614607, -0.96079934, 0.106084034), (-0.15348093, -0.98610455, 0.06357197), (-0.12239001, -0.94747704, 0.295479), (-0.106084034, -0.96079934, 0.25614607), (-0.09228998, -0.98610485, 0.13812996), (-0.07551697, -0.9954907, 0.057406977), (-0.050693974, -0.99776846, 0.043452974), (-0.06981897, -0.9955245, 0.06368897), (0.062393017, -0.9474772, -0.31367812), (0.031427007, -0.9470083, -0.31966808), (0.0000010000005, -0.94747734, -0.31982312), (-0.062395994, -0.94747686, -0.31367895), (-0.031501994, -0.94700885, -0.31965894), (-0.053835988, -0.9608108, -0.27192694), (-0.106084034, -0.96079934, -0.25614607), (-0.12239199, -0.94747686, -0.29547897), (-0.177684, -0.94747704, -0.265924), (-0.154029, -0.96079487, -0.23053898), (-0.22614908, -0.94747734, -0.22614908), (-0.19605295, -0.9607948, -0.19605295), (-0.23051088, -0.9608014, -0.1540299), (-0.2659249, -0.9474767, -0.17768495), (-0.29547995, -0.9474767, -0.12239096), (-0.25614607, -0.96079934, -0.106084034), (-0.30829412, -0.9471293, -0.08888703), (-0.31368193, -0.9474759, -0.062393986), (-0.31966016, -0.9470085, -0.031502012), (-0.31982487, -0.9474767, 9.999997e-7), (-0.31966302, -0.9470081, 0.031482004), (-0.2719521, -0.9607883, 0.054110017), (-0.054171994, -0.9607828, 0.27195895), (-0.062395994, -0.94747686, 0.31367895), (-0.027531998, -0.960161, 0.27808797), (-0.031490996, -0.94700694, 0.319666), (-0.0000029999992, -0.9474767, 0.31982487), (-0.0000059999998, -0.947477, 0.319824), (0.031519007, -0.9470032, 0.31967404), (0.122388996, -0.947477, 0.29547998), (0.06239299, -0.947477, 0.313679), (0.08886797, -0.9471356, 0.3082799), (0.17768094, -0.94747764, 0.26592392), (0.106084034, -0.96079934, 0.25614607), (0.15402895, -0.9607947, 0.23053995), (0.19605295, -0.9607948, 0.19605295), (0.22614901, -0.94747704, 0.22615002), (0.26592788, -0.9474756, 0.17768595), (0.23051088, -0.9608014, 0.1540299), (0.29547897, -0.94747686, 0.12239199), (0.25614607, -0.96079934, 0.106084034), (0.27195302, -0.96079326, 0.054018006), (0.313676, -0.94747794, 0.062393993), (0.27801284, -0.9601905, 0.027259985), (0.3196649, -0.9470077, 0.03147699), (0.31982225, -0.9474775, 2.1038227e-16), (0.31982487, -0.9474767, 0.0000029999992), (0.319653, -0.947011, -0.031498004), (0.29547897, -0.94747686, -0.12239199), (0.31367597, -0.9474778, -0.062394988), (0.308307, -0.94712514, -0.08888601), (0.23053995, -0.9607947, -0.15402895), (0.26592794, -0.9474758, -0.17768496), (0.19605295, -0.9607948, -0.19605295), (0.22615194, -0.9474767, -0.22614893), (0.17768298, -0.9474778, -0.26592195), (0.154029, -0.96079487, -0.23053898), (0.12239202, -0.94747716, -0.29547802), (0.106084034, -0.96079934, -0.25614607), (0.08889696, -0.94712454, -0.30830586), (-0.22039692, -0.9733327, 0.06362899), (-0.08481398, -0.9954839, 0.042643998), (-0.06357097, -0.98610467, 0.15348093), (-0.057396002, -0.99549204, 0.075507), (-0.048098978, -0.99771255, 0.047497977), (0, -1, 2.220446e-16), (-0.06357403, -0.9733334, -0.22041008), (-0.026839007, -0.9601953, -0.2780371), (-0.06357097, -0.98610467, -0.15348093), (-0.09228998, -0.98610485, -0.13812996), (-0.11746797, -0.9861047, -0.11746797), (-0.13812996, -0.98610485, -0.09228998), (-0.15348093, -0.98610467, -0.06357097), (-0.16836199, -0.9844009, -0.051078998), (-0.27262098, -0.95856094, -0.082697), (-0.2781099, -0.9601577, 0.02742799), (-0.051097006, -0.98440015, 0.16836104), (-0.06368597, -0.97332156, 0.22042991), (0.051054984, -0.98440063, 0.16837095), (0.082668036, -0.9585714, 0.2725931), (0.06357097, -0.98610467, 0.15348093), (0.11746797, -0.9861047, 0.11746797), (0.09228998, -0.98610485, 0.13812996), (0.13812996, -0.98610485, 0.09228998), (0.15348093, -0.98610455, 0.06357197), (0.16836494, -0.9844007, 0.051072985), (0.22047104, -0.97331613, 0.063626006), (0.16835299, -0.98440295, -0.051070996), (0.25614607, -0.96079934, -0.106084034), (0.27263194, -0.9585578, -0.082696974), (0.13812996, -0.98610485, -0.09228998), (0.15348093, -0.98610467, -0.06357097), (0.11746797, -0.9861047, -0.11746797), (0.09228998, -0.98610485, -0.13812996), (0.051063005, -0.98440003, -0.168372), (0.08273099, -0.958554, -0.27263498), (-0.16836499, -0.9844009, 0.051069994), (-0.042647008, -0.9954841, 0.08480902), (-0.042651996, -0.99548393, -0.08480899), (-0.051095005, -0.98440003, -0.168362), (-0.057402994, -0.9954919, -0.07550299), (-0.059932005, -0.99548906, -0.07355101), (-0.063484, -0.995509, -0.070225), (-0.07553195, -0.9954894, -0.05740797), (-0.08480396, -0.9954846, -0.04264498), (0.042641986, -0.99548453, 0.084806964), (0.057409972, -0.99549145, 0.07550395), (0.07020696, -0.99549645, 0.06369996), (0.075507, -0.9954911, 0.057413004), (0.08480902, -0.9954841, 0.042646006), (0.08480903, -0.9954844, -0.042641014), (0.075515985, -0.9954908, -0.057406988), (0.06384102, -0.99548334, -0.07026602), (0.057398, -0.99549204, -0.075506), (0.042653993, -0.9954839, -0.084807985), (0.06357097, -0.98610467, -0.15348093), (0.000007000003, -0.94747734, -0.31982312), (-0.31982103, -0.947478, 0.000003), (0.07350904, -0.99546343, 0.060407028), (0.06069499, -0.9954368, -0.073632985), (-0.122390985, -0.947477, 0.29547897), (-0.106084034, -0.96079934, 0.25614607), (-0.08887401, -0.9471311, 0.30829203), (-0.062393993, -0.94747686, 0.31367898), (-0.031528007, -0.9470063, 0.3196641), (0.0000019999998, -0.947477, 0.319824), (-0.15402895, -0.9607947, 0.23053995), (-0.05109301, -0.9843992, 0.16836803), (-0.08267503, -0.9585642, 0.27261606), (0.06239699, -0.94747674, 0.31367892), (0.03147002, -0.94700855, 0.3196632), (0.05383598, -0.9608027, 0.2719559), (-0.17768203, -0.94747716, 0.26592502), (-0.19605295, -0.9607948, 0.19605295), (-0.09228998, -0.98610485, 0.13812996), (-0.06357097, -0.98610467, 0.15348093), (-0.04265899, -0.99548376, 0.08480698), (0.106084034, -0.96079934, 0.25614607), (0.12239199, -0.94747686, 0.29547897), (0.063585, -0.9733281, 0.22043002), (0.026838994, -0.96019477, 0.27803895), (-0.265924, -0.94747704, 0.177684), (-0.22614807, -0.94747734, 0.2261501), (-0.11746797, -0.9861047, 0.11746797), (-0.057397015, -0.9954922, 0.07550401), (0.15402895, -0.9607947, 0.23053995), (0.17768304, -0.9474772, 0.2659241), (0.22614995, -0.9474767, 0.22615093), (0.19605295, -0.9607948, 0.19605295), (0.23053898, -0.96079487, 0.154029), (0.26592696, -0.9474759, 0.17768598), (0.29547897, -0.947477, 0.122390985), (0.25614607, -0.96079934, 0.106084034), (0.30828208, -0.9471333, 0.088885024), (0.3136781, -0.9474772, 0.062394015), (0.31967402, -0.94700414, 0.031489003), (0.31982312, -0.94747734, 2.1038223e-16), (0.3136769, -0.94747764, -0.06239298), (0.31966808, -0.94700634, -0.03148401), (0.271989, -0.960783, -0.054019), (0.25614607, -0.96079934, -0.106084034), (0.29547998, -0.94747674, -0.12238997), (0.23051088, -0.9608014, -0.1540299), (0.2659261, -0.94747627, -0.17768504), (0.22615209, -0.9474764, -0.2261501), (0.19605295, -0.9607948, -0.19605295), (0.154029, -0.96079487, -0.23053898), (0.17768596, -0.94747674, -0.26592398), (0.12239005, -0.94747734, -0.29547808), (0.106084034, -0.96079934, -0.25614607), (0.054171994, -0.9607828, -0.27195895), (0.062393017, -0.9474772, -0.31367812), (0.027530994, -0.9601648, -0.27807495), (0.031501994, -0.9470068, -0.31966496), (0.0000010000005, -0.94747734, -0.31982312), (-0.0000039999995, -0.947477, -0.319824), (-0.031481005, -0.94700724, -0.3196661), (-0.122388996, -0.947477, -0.29547998), (-0.062387977, -0.94747764, -0.3136779), (-0.08886804, -0.9471314, -0.30829313), (-0.1776809, -0.94747746, -0.26592484), (-0.106084034, -0.96079934, -0.25614607), (-0.154029, -0.96079487, -0.23053898), (-0.19605295, -0.9607948, -0.19605295), (-0.22614901, -0.94747704, -0.22615002), (-0.26592794, -0.9474758, -0.17768496), (-0.23053995, -0.9607947, -0.15402895), (-0.29547897, -0.94747686, -0.12239199), (-0.25614607, -0.96079934, -0.106084034), (-0.2718959, -0.9608076, -0.05404898), (-0.31367898, -0.94747686, -0.062393993), (-0.27802896, -0.9601849, -0.027293999), (-0.3196661, -0.94700724, -0.031480007), (-0.31982487, -0.9474767, 2.1038209e-16), (-0.31982312, -0.94747734, -0.0000010000005), (-0.319672, -0.94700503, 0.031485002), (-0.29547802, -0.94747716, 0.12239202), (-0.31367806, -0.94747716, 0.06239501), (-0.30831516, -0.94712245, 0.088887036), (-0.23053898, -0.96079487, 0.154029), (-0.063943975, -0.9954767, 0.07026598), (-0.060919, -0.995423, 0.073633), (0.06357097, -0.98610467, 0.15348093), (0.042640015, -0.99548423, 0.08481202), (0.051098023, -0.98440033, 0.16836005), (0.09228998, -0.98610485, 0.13812996), (0.11746797, -0.9861047, 0.11746797), (0.13812996, -0.98610485, 0.09228998), (0.15348093, -0.98610455, 0.06357197), (0.16837399, -0.98439896, 0.051078), (0.2725951, -0.9585684, 0.08269603), (0.22045512, -0.9733205, -0.06361503), (0.27810204, -0.96016425, -0.027273005), (0.15348093, -0.98610467, -0.06357097), (0.13812996, -0.98610485, -0.09228998), (0.11746797, -0.9861047, -0.11746797), (0.09228998, -0.98610485, -0.13812996), (0.06357097, -0.98610467, -0.15348093), (0.051096972, -0.9844005, -0.16835892), (0.06368598, -0.97332174, -0.22042894), (-0.051054005, -0.984401, -0.168369), (-0.08267503, -0.9585642, -0.27261606), (-0.06357097, -0.98610467, -0.15348093), (-0.09228998, -0.98610485, -0.13812996), (-0.11746797, -0.9861047, -0.11746797), (-0.13812996, -0.98610485, -0.09228998), (-0.15348093, -0.98610467, -0.06357097), (-0.168363, -0.9844009, -0.051076997), (-0.22036609, -0.97333944, -0.06363202), (-0.168362, -0.984401, 0.051077005), (-0.25614607, -0.96079934, 0.106084034), (-0.27264908, -0.9585523, 0.08270503), (-0.13812996, -0.98610485, 0.09228998), (-0.07550296, -0.99549156, 0.057409976), (0.057403013, -0.9954914, 0.075510025), (0.060567997, -0.9954519, 0.07353199), (0.06377798, -0.9954908, 0.07021698), (0.07551899, -0.9954908, 0.05740199), (0.084805965, -0.9954846, 0.042641982), (0.084814996, -0.99548393, -0.042640995), (0.16836593, -0.9844005, -0.051072977), (0.07551696, -0.9954906, -0.05740798), (0.051095016, -0.9977503, -0.043402012), (0.06994103, -0.99551547, -0.06369703), (0.057396002, -0.99549204, -0.075507), (0.042647008, -0.9954841, -0.08480902), (-0.042641982, -0.9954846, -0.084805965), (-0.057410967, -0.99549145, -0.07550395), (-0.07019701, -0.9955022, -0.06362201), (-0.073501, -0.9954739, -0.060242996), (-0.07549403, -0.99549234, -0.057409026), (-0.084811024, -0.99548435, -0.04264001), (-0.084798984, -0.9954848, 0.042650994), (-0.15348093, -0.98610455, 0.06357197), (0.049702022, -0.99764746, -0.04721602), (0, -1, 2.220446e-16), (0.0000049999994, -0.94747597, 0.31982696), (0.31982487, -0.9474767, -9.999997e-7), (-0.92273253, -0.049855974, 0.3822028), (-0.96452594, -0.18134499, 0.191843), (-0.9795667, -0.04986098, 0.19484092), (-0.7839139, -0.52920085, 0.3246929), (-0.83218384, -0.5292248, 0.16550295), (-0.7839139, -0.52920085, 0.3246929), (-0.49865684, -0.86110574, 0.09918797), (-0.83218384, -0.5292248, 0.16550295), (-0.46972516, -0.8611063, 0.19456206), (-0.16712393, -0.9853756, 0.03323599), (-0.157419, -0.98537797, 0.06518899), (-0.048383977, -0.99878246, 0.0096259955), (-0.830429, -0.049824, 0.554892), (-0.9085623, -0.18134607, 0.37633514), (-0.8176851, -0.18131803, 0.5463651), (-0.705478, -0.529231, 0.47139704), (-0.42271695, -0.86112183, 0.28245294), (-0.14167105, -0.98537934, 0.09464103), (-0.04557298, -0.9987826, 0.018880993), (-0.69538635, -0.18131611, 0.69538635), (-0.705478, -0.529231, 0.47139704), (-0.59997684, -0.5292029, 0.59997684), (-0.12049002, -0.98537517, 0.12049002), (-0.04102101, -0.9987823, 0.027410006), (-0.7062356, -0.04982298, 0.7062216), (-0.5463651, -0.18131803, 0.8176851), (-0.69538635, -0.18131611, 0.69538635), (-0.59997684, -0.5292029, 0.59997684), (-0.47140476, -0.5292088, 0.7054897), (-0.3595208, -0.8611105, 0.35949078), (-0.2824528, -0.8611214, 0.42271772), (-0.09464103, -0.98537934, 0.14167105), (-0.034877986, -0.9987826, 0.034885984), (-0.3822079, -0.049830988, 0.9227318), (-0.5548891, -0.049853012, 0.8304292), (-0.37633675, -0.1813169, 0.90856755), (-0.47140476, -0.5292088, 0.7054897), (-0.32470092, -0.5292139, 0.78390175), (-0.06518899, -0.98537797, 0.157419), (-0.02740501, -0.9987824, 0.041023016), (-0.19484605, -0.049850006, 0.9795662), (-0.19184303, -0.18134402, 0.9645261), (-0.32470092, -0.5292139, 0.78390175), (-0.09918797, -0.86110574, 0.49865684), (-0.19455603, -0.86111414, 0.46971306), (-0.009618003, -0.9987823, 0.048389014), (-0.018884001, -0.9987821, 0.045583002), (0.19485497, -0.049861997, -0.9795639), (0, -0.18134493, -0.9834196), (0.19184408, -0.18131505, -0.9645313), (0.165506, -0.52920306, -0.83219707), (0, -0.52922523, -0.84848136), (0.09918595, -0.86111355, -0.49864373), (0.165506, -0.52920306, -0.83219707), (0, -0.8611151, -0.50841004), (0.03323499, -0.98537576, -0.16712296), (0, -0.9853769, -0.17038898), (0.009625003, -0.9987823, -0.048388015), (-0.19484892, -0.04980998, -0.97956765), (0.000001, -0.049864005, -0.99875605), (-0.19184408, -0.18131505, -0.9645313), (0, -0.52922523, -0.84848136), (-0.165506, -0.52920306, -0.83219707), (-0.03323499, -0.98537576, -0.16712296), (-0.0000030000008, -0.9987821, -0.049339008), (-0.37633476, -0.1813459, -0.90856254), (-0.165506, -0.52920306, -0.83219707), (-0.1945619, -0.8611065, -0.46972474), (-0.09918595, -0.86111355, -0.49864373), (-0.06518899, -0.98537797, -0.157419), (-0.018871007, -0.9987824, -0.045582015), (-0.009623001, -0.9987822, -0.048389006), (-0.55487835, -0.049819034, -0.8304385), (-0.38221794, -0.049843993, -0.92272687), (-0.47140476, -0.5292088, -0.7054897), (-0.32469505, -0.5292361, -0.7838891), (-0.32469505, -0.5292361, -0.7838891), (-0.28246, -0.861114, -0.42272803), (-0.09464103, -0.98537934, -0.14167105), (-0.69538635, -0.18131611, -0.69538635), (-0.54635125, -0.18131308, -0.81769544), (-0.59997773, -0.5292348, -0.5999477), (-0.47140476, -0.5292088, -0.7054897), (-0.35952088, -0.8611108, -0.3594899), (-0.12049002, -0.98537517, -0.12049002), (-0.02740901, -0.9987824, -0.041020017), (-0.8304338, -0.049801987, -0.5548868), (-0.69538635, -0.18131611, -0.69538635), (-0.70623714, -0.049765006, -0.70622414), (-0.705478, -0.529231, -0.47139704), (-0.59997773, -0.5292348, -0.5999477), (-0.42271703, -0.8611221, -0.28245202), (-0.14167093, -0.9853764, -0.094670944), (-0.041019015, -0.9987824, -0.02740901), (-0.03488501, -0.9987823, -0.034886006), (-0.90856755, -0.1813169, -0.37633675), (-0.81769544, -0.18131308, -0.54635125), (-0.78388923, -0.52923614, -0.32469508), (-0.705478, -0.529231, -0.47139704), (-0.4697248, -0.86110663, -0.19456092), (-0.157419, -0.98537797, -0.06518899), (-0.9227322, -0.04982301, -0.38220805), (-0.96452594, -0.18134499, -0.191843), (-0.8321748, -0.52923787, -0.16550694), (-0.78388923, -0.52923614, -0.32469508), (-0.8321748, -0.52923787, -0.16550694), (-0.16712394, -0.9853756, -0.033234984), (-0.045586, -0.998782, -0.018880002), (-0.99875873, -0.049808994, 9.999998e-7), (-0.9795663, -0.049853016, -0.19484507), (-0.84849524, -0.5292031, 1.175067e-16), (-0.5084239, -0.86110693, 1.9120415e-16), (-0.49865684, -0.86110574, -0.09918797), (-0.17035998, -0.9853819, 2.1879873e-16), (-0.049312018, -0.99878347, 2.2177448e-16), (-0.048396993, -0.9987818, -0.009625998), (-0.9834251, -0.181315, 4.026002e-17), (-0.84849524, -0.5292031, 1.175067e-16), (0, -0.9853769, 0.17038898), (-0.0000010000001, -0.9987822, 0.049337007), (-0.033234984, -0.9853756, 0.16712394), (0, -0.86110693, 0.5084239), (0, -0.52922475, 0.84848166), (0, -0.52922475, 0.84848166), (0, -0.18134493, 0.9834196), (0.0000010000001, -0.049842007, 0.9987571), (0.033234984, -0.9853756, 0.16712394), (0.009617003, -0.9987823, 0.048389014), (0.09918797, -0.86110574, 0.49865684), (0.16550694, -0.52923787, 0.8321748), (0.19184303, -0.18134402, 0.9645261), (0.16550694, -0.52923787, 0.8321748), (0.1948549, -0.049830973, 0.97956544), (0.06518899, -0.98537797, 0.157419), (0.018875007, -0.9987823, 0.04558201), (0.19456205, -0.86110616, 0.46972513), (0.3246929, -0.52920085, 0.7839139), (0.3246929, -0.52920085, 0.7839139), (0.37633675, -0.1813169, 0.90856755), (0.38220897, -0.049838997, 0.9227309), (0.09464103, -0.98537934, 0.14167105), (0.027419003, -0.998782, 0.041023), (0.2824528, -0.8611214, 0.42271772), (0.4713971, -0.5292311, 0.7054781), (0.54636186, -0.18134697, 0.8176809), (0.4713971, -0.5292311, 0.7054781), (0.5548841, -0.049847, 0.830433), (0.12049002, -0.98537517, 0.12049002), (0.034886003, -0.9987822, 0.034887005), (0.35948107, -0.86111814, 0.35951206), (0.59997684, -0.5292029, 0.59997684), (0.59997684, -0.5292029, 0.59997684), (0.69538635, -0.18131611, 0.69538635), (0.70622784, -0.04985899, 0.7062268), (0.14167106, -0.9853764, 0.09467105), (0.041016016, -0.9987824, 0.027411014), (0.42271695, -0.86112183, 0.28245294), (0.705478, -0.529231, 0.47139704), (0.59997684, -0.5292029, 0.59997684), (0.81769097, -0.18134299, 0.5463479), (0.705478, -0.529231, 0.47139704), (0.69538635, -0.18131611, 0.69538635), (0.8304365, -0.049852032, 0.55487835), (0.157419, -0.98537797, 0.06518899), (0.045576017, -0.9987824, 0.01888101), (0.46972516, -0.8611063, 0.19456206), (0.78388923, -0.52923614, 0.32469508), (0.90856755, -0.1813169, 0.37633675), (0.78388923, -0.52923614, 0.32469508), (0.9227342, -0.049833007, 0.38220206), (0.16712393, -0.9853756, 0.03323599), (0.048394997, -0.9987819, 0.009624999), (0.49865684, -0.86110574, 0.09918797), (0.83216995, -0.52923596, 0.165537), (0.83216995, -0.52923596, 0.165537), (0.96452594, -0.18134499, 0.191843), (0.97956526, -0.049847007, 0.19485204), (0.049322993, -0.9987829, 2.2177435e-16), (0.17038898, -0.9853769, 2.1879762e-16), (0.5084108, -0.86111474, 1.9120588e-16), (0.84848166, -0.52922475, 1.175115e-16), (0.84848166, -0.52922475, 1.175115e-16), (0.9834196, -0.18134493, 4.0266663e-17), (0.9987574, -0.04983497, 1.1065586e-17), (0.04837699, -0.99878275, -0.009624998), (0.16712394, -0.9853756, -0.033234984), (0.49865684, -0.86110574, -0.09918797), (0.8321972, -0.5292031, -0.16550505), (0.8321972, -0.5292031, -0.16550505), (0.9645313, -0.18131505, -0.19184408), (0.97956604, -0.049835004, -0.19485101), (0.045574974, -0.99878246, -0.01887999), (0.157419, -0.98537797, -0.06518899), (0.4697248, -0.86110663, -0.19456092), (0.783902, -0.529214, -0.3247), (0.90856755, -0.1813169, -0.37633675), (0.783902, -0.529214, -0.3247), (0.92273176, -0.04982499, -0.38220894), (0.14167093, -0.9853764, -0.094670944), (0.041022006, -0.9987822, -0.027411006), (0.42272884, -0.8611138, -0.2824599), (0.705478, -0.529231, -0.47139704), (0.81769544, -0.18131308, -0.54635125), (0.705478, -0.529231, -0.47139704), (0.8304333, -0.049818024, -0.55488616), (0.034888007, -0.9987821, -0.034888007), (0.12045999, -0.98537886, -0.12048997), (0.35948497, -0.86112785, -0.35948497), (0.59997684, -0.5292029, -0.59997684), (0.69538254, -0.18134588, -0.69538254), (0.59997684, -0.5292029, -0.59997684), (0.7062337, -0.049891982, -0.7062187), (0.027417002, -0.998782, -0.041023), (0.09467095, -0.98537654, -0.14166993), (0.28246, -0.861114, -0.42272803), (0.47140476, -0.5292088, -0.7054897), (0.47140476, -0.5292088, -0.7054897), (0.69538254, -0.18134588, -0.69538254), (0.54635125, -0.18131308, -0.81769544), (0.55488384, -0.049836982, -0.8304338), (0.06518899, -0.98537797, -0.157419), (0.018873006, -0.9987823, -0.04558301), (0.19455893, -0.8611268, -0.46968883), (0.32469505, -0.5292361, -0.7838891), (0.32469505, -0.5292361, -0.7838891), (0.37632397, -0.181341, -0.9085679), (0.38219598, -0.049808994, -0.92273796), (-0.7062356, -0.04982298, 0.7062216), (-0.59997684, -0.5292029, 0.59997684), (-0.165506, -0.52920306, 0.83219707), (-0.165506, -0.52920306, 0.83219707), (-0.70623714, -0.049765006, -0.70622414), (-0.59997773, -0.5292348, -0.5999477), (0.70622784, -0.04985899, 0.7062268), (0.59997684, -0.5292029, -0.59997684), (0.7062337, -0.049891982, -0.7062187), (0.009625003, -0.9987823, -0.048388015), (0, -0.9853769, -0.17038898), (0, -0.9987821, -0.04934001), (0.03323499, -0.98537576, -0.16712296), (0, -0.86110693, -0.5084239), (0.09918595, -0.86111355, -0.49864373), (0, -0.52922523, -0.84848136), (0, -0.52922523, -0.84848136), (0.19184408, -0.18131505, -0.9645313), (0, -0.18134493, -0.9834196), (-0.0000020000002, -0.04984301, -0.9987571), (-0.009619003, -0.9987823, -0.048389014), (-0.03323499, -0.98537576, -0.16712296), (-0.099186964, -0.86112666, -0.49862078), (-0.16550295, -0.5292248, -0.83218384), (-0.191843, -0.18134499, -0.96452594), (-0.16550295, -0.5292248, -0.83218384), (-0.19485497, -0.04986399, -0.9795638), (0.018863989, -0.99878246, -0.045581974), (0.06518899, -0.98537797, -0.157419), (0.19455613, -0.86111456, -0.46971232), (0.165506, -0.52920306, -0.83219707), (0.32468987, -0.5292578, -0.78387666), (0.165506, -0.52920306, -0.83219707), (0.37633306, -0.18137603, -0.90855724), (0.19484994, -0.049824987, -0.9795667), (-0.06518899, -0.98537797, -0.157419), (-0.018884001, -0.9987821, -0.045583002), (-0.19455893, -0.8611268, -0.46968883), (-0.32469505, -0.5292361, -0.7838891), (-0.37633675, -0.1813169, -0.90856755), (-0.32469505, -0.5292361, -0.7838891), (-0.38219598, -0.049808994, -0.92273796), (-0.027413001, -0.9987821, -0.041022003), (-0.09467095, -0.98537654, -0.14166993), (-0.2824529, -0.8611218, -0.4227169), (-0.47140476, -0.5292088, -0.7054897), (-0.54635125, -0.18131308, -0.81769544), (-0.47140476, -0.5292088, -0.7054897), (-0.55489194, -0.049842995, -0.83042794), (-0.03488101, -0.9987824, -0.03488801), (-0.12045999, -0.98537886, -0.12048997), (-0.35948497, -0.86112785, -0.35948497), (-0.599967, -0.529225, -0.599967), (-0.599967, -0.529225, -0.599967), (-0.69538254, -0.18134588, -0.69538254), (-0.7062233, -0.04989002, -0.7062292), (-0.14167093, -0.9853764, -0.094670944), (-0.041022006, -0.9987822, -0.027411006), (-0.42271703, -0.8611221, -0.28245202), (-0.705478, -0.529231, -0.47139704), (-0.599967, -0.529225, -0.599967), (-0.81769544, -0.18131308, -0.54635125), (-0.705478, -0.529231, -0.47139704), (-0.69538254, -0.18134588, -0.69538254), (-0.8304397, -0.049805984, -0.5548778), (-0.045574974, -0.99878246, -0.01887999), (-0.157419, -0.98537797, -0.06518899), (-0.4697248, -0.86110663, -0.19456092), (-0.78388923, -0.52923614, -0.32469508), (-0.9085623, -0.18134607, -0.37633514), (-0.78388923, -0.52923614, -0.32469508), (-0.9227309, -0.049838997, -0.38220897), (-0.16712394, -0.9853756, -0.033234984), (-0.048394997, -0.9987819, -0.009624999), (-0.49865684, -0.86110574, -0.09918797), (-0.8321972, -0.5292031, -0.16550505), (-0.9645313, -0.18131505, -0.19184408), (-0.8321972, -0.5292031, -0.16550505), (-0.9795656, -0.04983498, -0.19485292), (-0.049315017, -0.99878323, 2.2177443e-16), (-0.17035998, -0.9853819, 2.1879873e-16), (-0.5084108, -0.86111474, 1.9120588e-16), (-0.84848136, -0.52922523, 1.1751161e-16), (-0.9834196, -0.18134493, 4.0266663e-17), (-0.84848136, -0.52922523, 1.1751161e-16), (-0.9987574, -0.04983497, 1.1065586e-17), (-0.16712393, -0.9853756, 0.03323599), (-0.048398986, -0.9987817, 0.009624997), (-0.49865684, -0.86110574, 0.09918797), (-0.83217436, -0.5292383, 0.16550711), (-0.96452594, -0.18134499, 0.191843), (-0.83217436, -0.5292383, 0.16550711), (-0.9795658, -0.049835987, 0.19485195), (-0.157419, -0.98537797, 0.06518899), (-0.045584008, -0.9987821, 0.018881004), (-0.46972516, -0.8611063, 0.19456206), (-0.78390175, -0.5292139, 0.32470092), (-0.90856755, -0.1813169, 0.37633675), (-0.78390175, -0.5292139, 0.32470092), (-0.9227338, -0.04983999, 0.3822019), (-0.041020013, -0.9987823, 0.027410006), (-0.14167106, -0.9853764, 0.09467105), (-0.4227538, -0.8611027, 0.28245592), (-0.7054897, -0.5292088, 0.47140476), (-0.81769097, -0.18134299, 0.5463479), (-0.7054897, -0.5292088, 0.47140476), (-0.8304392, -0.049842015, 0.5548752), (-0.12049002, -0.98537517, 0.12049002), (-0.034886003, -0.9987822, 0.034887005), (-0.35948497, -0.86112785, 0.35948497), (-0.59995717, -0.5292121, 0.59998816), (-0.69538635, -0.18131611, 0.69538635), (-0.59995717, -0.5292121, 0.59998816), (-0.70622784, -0.04985899, 0.7062268), (-0.027417002, -0.998782, 0.041023), (-0.09464103, -0.98537934, 0.14167105), (-0.2824528, -0.8611214, 0.42271772), (-0.4713971, -0.5292311, 0.7054781), (-0.59995717, -0.5292121, 0.59998816), (-0.54636186, -0.18134697, 0.8176809), (-0.4713971, -0.5292311, 0.7054781), (-0.70622784, -0.04985899, 0.7062268), (-0.5548841, -0.049847, 0.830433), (-0.06518899, -0.98537797, 0.157419), (-0.018873006, -0.9987823, 0.04558301), (-0.19455603, -0.86111414, 0.46971306), (-0.3246929, -0.52920085, 0.7839139), (-0.37633675, -0.1813169, 0.90856755), (-0.3246929, -0.52920085, 0.7839139), (-0.38221693, -0.049833998, 0.92272794), (-0.033234984, -0.9853756, 0.16712394), (-0.009625, -0.9987821, 0.048390005), (-0.09918797, -0.86110574, 0.49865684), (-0.16553502, -0.5292001, 0.8321932), (-0.19184408, -0.18131505, 0.9645313), (-0.16553502, -0.5292001, 0.8321932), (-0.19484496, -0.04984399, 0.97956675), (0, -0.9853769, 0.17038898), (-0.0000010000001, -0.9987822, 0.049337007), (0, -0.86110693, 0.5084239), (0, -0.52922475, 0.84848166), (0, -0.18134493, 0.9834196), (0, -0.52922475, 0.84848166), (0.0000010000001, -0.049842007, 0.9987571), (0.033234984, -0.9853756, 0.16712394), (0.009617003, -0.9987823, 0.048389014), (0.09918797, -0.86110574, 0.49865684), (0.16550295, -0.5292248, 0.83218384), (0.19184408, -0.18131505, 0.9645313), (0.16550295, -0.5292248, 0.83218384), (0.19484998, -0.049820993, 0.9795669), (0.06518899, -0.98537797, 0.157419), (0.018884001, -0.9987821, 0.045583002), (0.19455603, -0.86111414, 0.46971306), (0.32469505, -0.5292361, 0.7838891), (0.37633476, -0.1813459, 0.90856254), (0.32469505, -0.5292361, 0.7838891), (0.3822038, -0.049847975, 0.92273253), (0.027413005, -0.9987821, 0.04102301), (0.09464103, -0.98537934, 0.14167105), (0.28245988, -0.86111367, 0.4227288), (0.4713971, -0.5292311, 0.7054781), (0.5463651, -0.18131803, 0.8176851), (0.4713971, -0.5292311, 0.7054781), (0.5548829, -0.04982999, 0.8304348), (0.034880016, -0.9987824, 0.034887012), (0.12049002, -0.98537517, 0.12049002), (0.35951704, -0.86110103, 0.35951704), (0.599967, -0.529225, 0.599967), (0.69538635, -0.18131611, 0.69538635), (0.599967, -0.529225, 0.599967), (0.7062421, -0.04982401, 0.7062151), (0.14167105, -0.98537934, 0.09464103), (0.04101702, -0.9987824, 0.027411014), (0.42271695, -0.86112183, 0.28245294), (0.7054897, -0.5292088, 0.47140476), (0.7054897, -0.5292088, 0.47140476), (0.69538635, -0.18131611, 0.69538635), (0.8176809, -0.18134697, 0.54636186), (0.8304277, -0.049859986, 0.5548909), (0.157419, -0.98537797, 0.06518899), (0.045584008, -0.9987821, 0.018881004), (0.46972516, -0.8611063, 0.19456206), (0.78390175, -0.5292139, 0.32470092), (0.90856254, -0.1813459, 0.37633476), (0.78390175, -0.5292139, 0.32470092), (0.9227316, -0.049858976, 0.38220483), (0.04842101, -0.9987812, 0.009558002), (0.16708992, -0.9853875, 0.033051986), (0.49871606, -0.86110306, 0.09891301), (0.49871606, -0.86110306, 0.09891301), (0.83223706, -0.529178, 0.165385), (0.9645316, -0.18134591, 0.19181392), (0.9795669, -0.049861997, 0.19483997), (0.17036006, -0.98538136, -0.0010380003), (0.049323987, -0.99878275, -0.00045699987), (0.50842404, -0.86110604, -0.0011290001), (0.848517, -0.529168, 0.00027500003), (0.50842404, -0.86110604, -0.0011290001), (0.9834194, -0.18134506, 0.0006100002), (0.9987556, -0.04987298, 0.00027599986), (0.16718094, -0.9853556, -0.033539988), (0.048377983, -0.9987817, -0.009731997), (0.49858525, -0.86108756, -0.099705055), (0.8320513, -0.5292981, -0.16593406), (0.9644849, -0.18140396, -0.19199395), (0.8320513, -0.5292981, -0.16593406), (0.9795567, -0.049875982, -0.19488794), (0.045573976, -0.9987826, -0.018879991), (0.157419, -0.98537797, -0.06518899), (0.4697248, -0.86110663, -0.19456092), (0.78388923, -0.52923614, -0.32469508), (0.90856755, -0.1813169, -0.37633675), (0.78388923, -0.52923614, -0.32469508), (0.92273575, -0.049803987, -0.3822019), (0.14167093, -0.9853764, -0.094670944), (0.041024007, -0.9987822, -0.027409006), (0.42271703, -0.8611221, -0.28245202), (0.705478, -0.529231, -0.47139704), (0.81769544, -0.18131308, -0.54635125), (0.705478, -0.529231, -0.47139704), (0.8304348, -0.049796984, -0.5548858), (0.12049002, -0.98537517, -0.12049002), (0.03488501, -0.9987823, -0.034886006), (0.3594899, -0.8611108, -0.35952088), (0.59997773, -0.5292348, -0.5999477), (0.69538635, -0.18131611, -0.69538635), (0.59997773, -0.5292348, -0.5999477), (0.7062268, -0.04978799, -0.7062329), (0.027417006, -0.9987821, -0.041020002), (0.09467095, -0.98537654, -0.14166993), (0.28246, -0.861114, -0.42272803), (0.47140476, -0.5292088, -0.7054897), (0.59997773, -0.5292348, -0.5999477), (0.54635125, -0.18131308, -0.81769544), (0.47140476, -0.5292088, -0.7054897), (0.69538635, -0.18131611, -0.69538635), (0.55488193, -0.049804993, -0.8304369), (0.32468987, -0.5292578, -0.78387666), (0.38220796, -0.04986599, -0.92272997), (-0.7062233, -0.04989002, -0.7062292), (-0.69538635, -0.18131611, 0.69538635), (0.599967, -0.529225, 0.599967), (0.7062421, -0.04982401, 0.7062151), (0.7062268, -0.04978799, -0.7062329), (-0.009625, -0.9987821, 0.048390005), (0, -0.9853769, 0.17038898), (-0.000001, -0.9987821, 0.049338005), (-0.033234984, -0.9853756, 0.16712394), (0, -0.86111474, 0.5084108), (-0.09918604, -0.86111337, 0.49864417), (0, -0.5292389, 0.8484729), (0, -0.5292389, 0.8484729), (-0.19184303, -0.18134402, 0.9645261), (0, -0.181315, 0.9834251), (0, -0.049823996, 0.998758), (0.03323599, -0.98538065, 0.16709396), (0.009617001, -0.9987822, 0.048391007), (0.09918797, -0.86110574, 0.49865684), (0.165506, -0.52920306, 0.83219707), (0.19184303, -0.18134402, 0.9645261), (0.165506, -0.52920306, 0.83219707), (0.19484094, -0.049839985, 0.97956777), (-0.01886299, -0.9987826, 0.045580983), (-0.06518899, -0.98537797, 0.157419), (-0.19455603, -0.86111414, 0.46971306), (-0.16550295, -0.5292248, 0.83218384), (-0.32469505, -0.5292361, 0.7838891), (-0.16550295, -0.5292248, 0.83218384), (-0.38220394, -0.049823992, 0.9227338), (-0.19485591, -0.049862977, 0.9795636), (0.06518899, -0.98537797, 0.157419), (0.018885, -0.998782, 0.045584), (0.19452702, -0.8611191, 0.46971607), (0.32469505, -0.5292361, 0.7838891), (0.37633476, -0.1813459, 0.90856254), (0.32469505, -0.5292361, 0.7838891), (0.38220704, -0.049832005, 0.92273206), (0.027416006, -0.9987821, 0.041022003), (0.09467105, -0.9853764, 0.14167106), (0.28245988, -0.86111367, 0.4227288), (0.47140476, -0.5292088, 0.7054897), (0.54635125, -0.18131308, 0.81769544), (0.47140476, -0.5292088, 0.7054897), (0.5548911, -0.049863014, 0.8304272), (0.12049002, -0.98537517, 0.12049002), (0.034888007, -0.9987821, 0.034889005), (0.35948497, -0.86112785, 0.35948497), (0.59994805, -0.52923405, 0.5999781), (0.69538254, -0.18134588, 0.69538254), (0.59994805, -0.52923405, 0.5999781), (0.70622385, -0.049874984, 0.70622975), (0.14167105, -0.98537934, 0.09464103), (0.041022006, -0.9987822, 0.027411006), (0.42271695, -0.86112183, 0.28245294), (0.70548815, -0.5292381, 0.4713741), (0.70548815, -0.5292381, 0.4713741), (0.69538254, -0.18134588, 0.69538254), (0.81769544, -0.18131308, 0.54635125), (0.8304397, -0.049805984, 0.5548778), (0.045575973, -0.9987824, 0.01888099), (0.157419, -0.98537797, 0.06518899), (0.46972516, -0.8611063, 0.19456206), (0.78390175, -0.5292139, 0.32470092), (0.9085623, -0.18134607, 0.37633514), (0.78390175, -0.5292139, 0.32470092), (0.9227309, -0.049838997, 0.38220897), (0.16712393, -0.9853756, 0.03323599), (0.048394997, -0.9987819, 0.009625999), (0.49865684, -0.86110574, 0.09918797), (0.83219707, -0.52920306, 0.165506), (0.9645313, -0.18131505, 0.19184408), (0.83219707, -0.52920306, 0.165506), (0.9795656, -0.04983498, 0.19485292), (0.049315017, -0.99878323, 2.2177443e-16), (0.17035998, -0.9853819, 2.1879873e-16), (0.5084108, -0.86111474, 1.9120588e-16), (0.84848166, -0.52922475, 1.175115e-16), (0.9834196, -0.18134493, 4.0266663e-17), (0.84848166, -0.52922475, 1.175115e-16), (0.9987574, -0.04983497, 1.1065586e-17), (0.16712394, -0.9853756, -0.033234984), (0.048398986, -0.9987817, -0.009624997), (0.49865684, -0.86110574, -0.09918797), (0.8321748, -0.52923787, -0.16550694), (0.96452594, -0.18134499, -0.191843), (0.8321748, -0.52923787, -0.16550694), (0.9795658, -0.04983499, -0.19485195), (0.157419, -0.98537797, -0.06518899), (0.045584008, -0.9987821, -0.018881004), (0.46971306, -0.86111414, -0.19455603), (0.78388923, -0.52923614, -0.32469508), (0.90856254, -0.1813459, -0.37633476), (0.78388923, -0.52923614, -0.32469508), (0.9227338, -0.04983999, -0.3822019), (0.041020013, -0.9987823, -0.027410006), (0.14167093, -0.9853764, -0.094670944), (0.42272884, -0.8611138, -0.2824599), (0.705478, -0.529231, -0.47139704), (0.8176809, -0.18134697, -0.54636186), (0.705478, -0.529231, -0.47139704), (0.83043927, -0.049841024, -0.55487525), (0.12049002, -0.98537517, -0.12049002), (0.034880016, -0.9987824, -0.034887012), (0.35952088, -0.8611108, -0.3594899), (0.59997684, -0.5292029, -0.59997684), (0.69538254, -0.18134588, -0.69538254), (0.59997684, -0.5292029, -0.59997684), (0.7062282, -0.049849015, -0.7062272), (0.09467095, -0.98537654, -0.14166993), (0.027415005, -0.9987821, -0.041022003), (0.28246, -0.861114, -0.42272803), (0.47140476, -0.5292088, -0.7054897), (0.47140476, -0.5292088, -0.7054897), (0.69538254, -0.18134588, -0.69538254), (0.5463618, -0.18134794, -0.81768066), (0.7062282, -0.049849015, -0.7062272), (0.5548841, -0.049847, -0.830433), (0.018875007, -0.9987823, -0.045581013), (0.06518899, -0.98537797, -0.157419), (0.19455613, -0.86111456, -0.46971232), (0.3246929, -0.52920085, -0.7839139), (0.3763371, -0.18131705, -0.90856725), (0.3246929, -0.52920085, -0.7839139), (0.38221693, -0.049833998, -0.92272794), (0.009619001, -0.9987822, -0.048390012), (0.03323499, -0.98537576, -0.16712296), (0.09918595, -0.86111355, -0.49864373), (0.165537, -0.52923596, -0.83216995), (0.191843, -0.18134499, -0.96452594), (0.165537, -0.52923596, -0.83216995), (0.19484401, -0.049841005, -0.97956705), (0, -0.9853769, -0.17038898), (0.0000010000001, -0.9987822, -0.049337007), (0, -0.86110693, -0.5084239), (0, -0.5292031, -0.84849524), (0, -0.181316, -0.9834249), (0, -0.5292031, -0.84849524), (0.0000010000001, -0.04984301, -0.9987571), (-0.03323499, -0.98537576, -0.16712296), (-0.009623001, -0.9987822, -0.048389006), (-0.09918797, -0.86110574, -0.49865684), (-0.16550295, -0.5292248, -0.83218384), (-0.19184408, -0.18131505, -0.9645313), (-0.16550295, -0.5292248, -0.83218384), (-0.19485101, -0.049834006, -0.97956604), (-0.018873006, -0.9987823, -0.04558201), (-0.06518899, -0.98537797, -0.157419), (-0.19455613, -0.86111456, -0.46971232), (-0.32469505, -0.5292361, -0.7838891), (-0.3763371, -0.18131705, -0.90856725), (-0.32469505, -0.5292361, -0.7838891), (-0.38219914, -0.049832024, -0.92273533), (-0.027417002, -0.998782, -0.041023), (-0.09464103, -0.98537934, -0.14167105), (-0.28246, -0.861114, -0.42272803), (-0.47140476, -0.5292088, -0.7054897), (-0.5463618, -0.18134794, -0.81768066), (-0.47140476, -0.5292088, -0.7054897), (-0.5548909, -0.049842983, -0.8304288), (-0.12049002, -0.98537517, -0.12049002), (-0.034886003, -0.9987822, -0.034887005), (-0.35951704, -0.86110103, -0.35951704), (-0.5999477, -0.5292348, -0.59997773), (-0.5999477, -0.5292348, -0.59997773), (-0.69538635, -0.18131611, -0.69538635), (-0.70624274, -0.04980498, -0.70621574), (-0.14167106, -0.9853794, -0.09464004), (-0.04102101, -0.9987823, -0.027410006), (-0.42272884, -0.8611138, -0.2824599), (-0.7054897, -0.5292088, -0.47140476), (-0.5999477, -0.5292348, -0.59997773), (-0.81769097, -0.18134299, -0.5463479), (-0.7054897, -0.5292088, -0.47140476), (-0.69538635, -0.18131611, -0.69538635), (-0.830435, -0.049870998, -0.554879), (-0.045584008, -0.9987821, -0.018881004), (-0.157419, -0.98537797, -0.06518899), (-0.4697248, -0.86110663, -0.19456092), (-0.783902, -0.529214, -0.3247), (-0.90856254, -0.1813459, -0.37633476), (-0.783902, -0.529214, -0.3247), (-0.92272645, -0.04986197, -0.38221678), (-0.04839998, -0.9987816, -0.009625996), (-0.16712394, -0.9853756, -0.033234984), (-0.49865684, -0.86110574, -0.09918797), (-0.8321972, -0.5292031, -0.16550505), (-0.96452594, -0.18134499, -0.191843), (-0.8321972, -0.5292031, -0.16550505), (-0.97956735, -0.04985602, -0.19483909), (-0.049313016, -0.99878335, 2.2177445e-16), (-0.17035998, -0.9853819, 2.1879873e-16), (-0.5084239, -0.86110693, 1.9120415e-16), (-0.84849524, -0.5292031, 1.175067e-16), (-0.9834251, -0.181315, 4.026002e-17), (-0.84849524, -0.5292031, 1.175067e-16), (-0.998759, -0.049805, -0.0000019999998), (-0.16712393, -0.9853756, 0.03323599), (-0.048396993, -0.9987818, 0.009625998), (-0.49865684, -0.86110574, 0.09918797), (-0.83217436, -0.5292383, 0.16550711), (-0.96452594, -0.18134499, 0.191843), (-0.83217436, -0.5292383, 0.16550711), (-0.97956604, -0.049851004, 0.19484702), (-0.045573976, -0.9987826, 0.018879991), (-0.157419, -0.98537797, 0.06518899), (-0.46972516, -0.8611063, 0.19456206), (-0.78388923, -0.52923614, 0.32469508), (-0.90856755, -0.1813169, 0.37633675), (-0.78388923, -0.52923614, 0.32469508), (-0.9227342, -0.049802013, 0.38220608), (-0.14167106, -0.9853764, 0.09467105), (-0.041024003, -0.9987821, 0.027410004), (-0.42271695, -0.86112183, 0.28245294), (-0.705478, -0.529231, 0.47139704), (-0.705478, -0.529231, 0.47139704), (-0.81769544, -0.18131308, 0.54635125), (-0.8304341, -0.049807005, 0.55488604), (-0.12049002, -0.98537517, 0.12049002), (-0.03488501, -0.9987823, 0.034886006), (-0.359494, -0.8611199, 0.359495), (-0.5999781, -0.52923405, 0.59994805), (-0.69538635, -0.18131611, 0.69538635), (-0.5999781, -0.52923405, 0.59994805), (-0.7062261, -0.04980801, 0.70623213), (-0.027418006, -0.9987821, 0.041021008), (-0.09467105, -0.9853764, 0.14167106), (-0.28245988, -0.86111367, 0.4227288), (-0.47140476, -0.5292088, 0.7054897), (-0.5999781, -0.52923405, 0.59994805), (-0.54635125, -0.18131308, 0.81769544), (-0.47140476, -0.5292088, 0.7054897), (-0.69538635, -0.18131611, 0.69538635), (-0.55488193, -0.04980599, 0.8304369), (-0.32469505, -0.5292361, 0.7838891), (-0.37633476, -0.1813459, 0.90856254), (0.59994805, -0.52923405, 0.5999781), (0.70622385, -0.049874984, 0.70622975), (0.59997684, -0.5292029, -0.59997684), (-0.70624274, -0.04980498, -0.70621574), (-0.7062261, -0.04980801, 0.70623213)] (
                interpolation = "vertex"
            )
            uniform token physics:approximation = "convexHull"
            point3f[] points = [(120.54792, 161.49579, 126.57163), (120.65144, 162.40154, 122.52924), (119.08588, 148.7024, 119.960106), (120.66398, 162.51149, 110.24081), (120.65144, 162.40152, 109.03441), (119.08588, 148.70238, 111.686295), (117.70163, 148.7024, 119.960106), (117.70163, 148.7024, 116.515335), (116.10265, 162.69395, 119.17336), (116.09384, 162.77101, 118.12309), (116.10265, 162.69395, 119.17336), (117.70163, 148.7024, 116.515335), (116.23729, 161.51575, 126.4977), (116.239586, 161.49579, 126.582886), (117.70163, 148.7024, 119.960106), (116.30571, 160.91719, 128.30348), (117.70163, 148.7024, 119.960106), (116.239586, 161.49579, 126.582886), (116.10265, 162.69395, 119.17336), (116.12212, 162.52354, 121.20581), (122.53064, 148.7024, 115.131065), (130.87741, 160.92213, 113.7346), (129.17151, 161.49579, 113.669044), (129.17151, 161.49579, 113.669044), (129.01201, 161.53314, 113.66477), (122.53064, 148.7024, 115.131065), (119.08588, 148.7024, 119.960106), (120.48163, 160.91585, 128.30257), (120.54279, 161.45099, 126.71122), (120.54279, 161.45099, 126.71122), (119.08588, 148.7024, 119.960106), (120.65144, 162.40154, 122.52924), (120.66398, 162.5115, 121.32288), (119.08588, 148.7024, 119.960106), (120.683876, 162.68558, 119.246605), (120.6933, 162.76804, 118.12276), (119.08588, 148.7024, 116.515335), (120.54279, 161.45099, 104.852486), (120.48422, 160.93848, 103.32838), (116.30571, 160.91719, 128.30348), (118.36881, 160.97293, 128.34155), (117.70163, 148.7024, 119.960106), (120.6933, 162.76804, 118.12276), (120.70962, 162.76706, 118.122635), (119.08588, 148.7024, 116.515335), (129.36716, 161.42725, 117.96953), (130.87589, 160.9199, 117.91155), (122.53064, 148.7024, 116.515335), (-116.0932, 162.77667, 113.52265), (-117.70162, 148.7024, 115.131065), (-116.09137, 162.77667, 113.52265), (-114.25685, 148.7024, 115.131065), (-105.90078, 160.93578, 113.73303), (-107.56613, 161.49579, 113.669044), (-107.56613, 161.49579, 113.669044), (-107.72557, 161.53314, 113.66477), (-114.25685, 148.7024, 115.131065), (-117.70162, 148.7024, 115.131065), (-116.0932, 162.77667, 113.52265), (-116.0933, 162.77582, 113.506325), (-116.0932, 162.77667, 113.52043), (-116.0933, 162.77582, 113.506325), (-116.0932, 162.77667, 113.52265), (-116.10265, 162.69395, 112.390305), (-116.12212, 162.52354, 110.35795), (-117.70162, 148.70238, 111.686295), (-116.13607, 162.40152, 109.019295), (-116.237305, 161.51576, 105.06607), (-117.70162, 148.70238, 111.686295), (-116.239586, 161.49577, 104.98078), (-116.303116, 160.9398, 103.32746), (117.70163, 148.70238, 111.686295), (116.303116, 160.93982, 103.32745), (116.239586, 161.49577, 104.98076), (119.08588, 148.70233, -116.515335), (120.6933, 162.76799, -118.12276), (120.683876, 162.68553, -119.24668), (120.65144, 162.40147, -122.52933), (120.54792, 161.49574, -126.57172), (119.08588, 148.70233, -119.96009), (120.54279, 161.45093, -126.711296), (120.48163, 160.91583, -128.30257), (119.08588, 148.70233, -119.96009), (120.66398, 162.51144, -121.32299), (120.65144, 162.40147, -122.52933), (119.08588, 148.70233, -119.96009), (129.17146, 161.49574, -113.669044), (130.87738, 160.92209, -113.7346), (122.53064, 148.70233, -115.131065), (122.53064, 148.70233, -116.515335), (130.87589, 160.91985, -117.91155), (129.36682, 161.4273, -117.96953), (129.36682, 161.4273, -117.96953), (129.15361, 161.49574, -117.977356), (122.53064, 148.70233, -116.515335), (125.11125, 162.40147, -118.08087), (123.94818, 162.5075, -118.092995), (122.53064, 148.70233, -116.515335), (129.15361, 161.49574, -117.977356), (125.11125, 162.40147, -118.08087), (116.0932, 162.77667, 113.52265), (116.09139, 162.77667, 113.52265), (117.70163, 148.7024, 115.131065), (107.566124, 161.49579, 113.669044), (105.90077, 160.93578, 113.73303), (114.25685, 148.7024, 115.131065), (-117.70162, 148.7024, 115.131065), (-116.10265, 162.69395, 112.390305), (116.239586, 161.49577, 104.98076), (116.23729, 161.51576, 105.06605), (117.70163, 148.70238, 111.686295), (116.10265, 162.69395, 112.39035), (116.0933, 162.77582, 113.50626), (117.70163, 148.7024, 115.131065), (116.0932, 162.77667, 113.52045), (116.0932, 162.77667, 113.52265), (116.0933, 162.77582, 113.50626), (117.70163, 148.7024, 115.131065), (116.10265, 162.69395, 112.39035), (116.0933, 162.77582, 113.50626), (116.0932, 162.77667, 113.52265), (117.70163, 148.7024, 115.131065), (105.90077, 160.93578, 113.73303), (105.86295, 160.99113, 115.781845), (114.25685, 148.7024, 115.131065), (120.48422, 160.93848, 103.32838), (118.36881, 160.99562, 103.28934), (119.08588, 148.70238, 111.686295), (114.25685, 148.7024, 116.515335), (105.9023, 160.93355, 117.91311), (107.37059, 161.42729, 117.96953), (107.37059, 161.42729, 117.96953), (107.58399, 161.49579, 117.977356), (114.25685, 148.7024, 116.515335), (116.09384, 162.77101, 118.12309), (117.70163, 148.7024, 116.515335), (116.02806, 162.76706, 118.12265), (120.65144, 162.40152, 109.03441), (120.54792, 161.49577, 104.99202), (119.08588, 148.70238, 111.686295), (-114.25685, 148.70233, -116.515335), (-105.9023, 160.9335, -117.91311), (-107.37089, 161.42735, -117.96953), (-121.85769, 162.68283, 118.11302), (-120.7096, 162.76706, 118.122635), (-119.08588, 148.7024, 116.515335), (-129.1536, 161.49579, 117.977356), (-125.1112, 162.40154, 118.08087), (-122.53065, 148.7024, 116.515335), (-116.0932, 162.77664, -113.52265), (-116.09146, 162.77664, -113.52265), (-117.70162, 148.70233, -115.131065), (-107.56615, 161.49574, -113.669044), (-105.90078, 160.93571, -113.73305), (-114.25685, 148.70233, -115.131065), (-117.70162, 148.70235, -111.6863), (-116.303116, 160.93977, -103.32746), (-116.239586, 161.49576, -104.98082), (-116.239586, 161.49576, -104.98082), (-116.237305, 161.51573, -105.06612), (-117.70162, 148.70235, -111.6863), (-116.10265, 162.69392, -112.390434), (-116.0933, 162.77579, -113.50634), (-117.70162, 148.70233, -115.131065), (-116.0932, 162.77664, -113.52053), (-116.0932, 162.77664, -113.52265), (-116.0933, 162.77579, -113.50634), (-117.70162, 148.70233, -115.131065), (-116.10265, 162.69392, -112.390434), (-116.0933, 162.77579, -113.50634), (-116.0932, 162.77664, -113.52265), (-117.70162, 148.70233, -115.131065), (-105.90078, 160.93571, -113.73305), (-105.86297, 160.99107, -115.781906), (-114.25685, 148.70233, -115.131065), (-123.94836, 162.50754, 118.09298), (-122.53065, 148.7024, 116.515335), (-107.37089, 161.42735, -117.96953), (-107.58398, 161.49574, -117.977356), (-114.25685, 148.70233, -116.515335), (-111.626366, 162.40147, -118.08087), (-112.78944, 162.5075, -118.092995), (-116.09385, 162.77097, -118.1231), (-117.70162, 148.70233, -116.515335), (-116.02814, 162.76701, -118.12266), (-107.58398, 161.49574, -117.977356), (-111.626366, 162.40147, -118.08087), (-120.663994, 162.51146, -110.240875), (-120.65143, 162.40149, -109.034485), (-119.08588, 148.70235, -111.6863), (-116.237305, 161.5157, -126.497795), (-116.239586, 161.49574, -126.58297), (-117.70162, 148.70233, -119.96009), (-116.305695, 160.91718, -128.30348), (-117.70162, 148.70233, -119.96009), (-116.239586, 161.49574, -126.58297), (-122.53065, 148.70233, -115.131065), (-130.87741, 160.92209, -113.7346), (-129.1715, 161.49574, -113.669044), (-129.1715, 161.49574, -113.669044), (-129.01234, 161.53302, -113.66477), (-122.53065, 148.70233, -115.131065), (-119.08588, 148.70233, -119.96009), (-120.481636, 160.91583, -128.30257), (-120.54279, 161.45094, -126.71124), (-120.54279, 161.45094, -126.71124), (-120.54791, 161.49573, -126.57172), (-119.08588, 148.70233, -119.96009), (-120.69389, 162.77318, 113.52306), (-119.08588, 148.7024, 115.131065), (-120.693436, 162.76921, 113.45721), (-116.0933, 162.77582, 113.506325), (-116.10265, 162.69395, 112.390305), (-117.70162, 148.7024, 115.131065), (-116.237305, 161.51576, 105.06607), (-116.239586, 161.49577, 104.98078), (-117.70162, 148.70238, 111.686295), (-105.90078, 160.93578, 113.73303), (-114.25685, 148.7024, 115.131065), (-105.86297, 160.99113, 115.78183), (-117.70162, 148.7024, 116.515335), (-116.09385, 162.77101, 118.12309), (-116.02804, 162.76706, 118.122635), (-107.584, 161.49579, 117.977356), (-107.370575, 161.42729, 117.96953), (-114.25685, 148.7024, 116.515335), (-105.9023, 160.93355, 117.91311), (-114.25685, 148.7024, 116.515335), (-107.370575, 161.42729, 117.96953), (-120.48422, 160.93848, 103.328384), (-119.08588, 148.70238, 111.686295), (-118.368805, 160.99562, 103.28934), (-117.70162, 148.7024, 119.960106), (-116.30571, 160.91719, 128.30348), (-116.239586, 161.49579, 126.582886), (-116.239586, 161.49579, 126.582886), (-116.237305, 161.51575, 126.4977), (-117.70162, 148.7024, 119.960106), (-116.13607, 162.40154, 122.54437), (-116.12214, 162.52356, 121.205765), (-117.70162, 148.7024, 119.960106), (-116.237305, 161.51575, 126.4977), (-116.13607, 162.40154, 122.54437), (120.6933, 162.76799, -118.12276), (119.08588, 148.70233, -116.515335), (120.70954, 162.76701, -118.12266), (-120.65143, 162.40152, 109.034424), (-120.663994, 162.51149, 110.2408), (-119.08588, 148.70238, 111.686295), (-119.08588, 148.7024, 115.131065), (-120.68388, 162.68556, 112.31702), (-120.693436, 162.76921, 113.45721), (-116.30571, 160.91719, 128.30348), (-117.70162, 148.7024, 119.960106), (-118.36879, 160.97293, 128.34155), (-119.08588, 148.7024, 119.960106), (-120.481636, 160.91585, 128.30257), (-119.08588, 148.7024, 116.515335), (-120.6933, 162.76804, 118.12276), (-120.68388, 162.68558, 119.24662), (-120.54279, 161.45099, 126.71122), (-120.481636, 160.91585, 128.30257), (-119.08588, 148.7024, 119.960106), (-120.663994, 162.5115, 121.32288), (-120.65143, 162.40154, 122.52924), (-119.08588, 148.7024, 119.960106), (-129.17146, 161.49579, 113.669044), (-130.8774, 160.92213, 113.7346), (-122.53065, 148.7024, 115.131065), (-120.6933, 162.76804, 118.12276), (-119.08588, 148.7024, 116.515335), (-120.7096, 162.76706, 118.122635), (-130.87589, 160.91989, 117.91155), (-129.36714, 161.42725, 117.96953), (-129.36714, 161.42725, 117.96953), (-129.1536, 161.49579, 117.977356), (-122.53065, 148.7024, 116.515335), (-120.54791, 161.49573, -126.57172), (-120.65141, 162.40147, -122.52933), (116.13607, 162.40149, -109.019356), (116.23729, 161.51573, -105.06612), (117.70163, 148.70235, -111.6863), (116.10265, 162.69392, -112.39039), (116.12212, 162.52351, -110.35801), (117.70163, 148.70235, -111.6863), (116.0932, 162.77664, -113.52051), (116.0933, 162.77579, -113.50642), (116.0932, 162.77664, -113.52265), (117.70163, 148.70233, -115.131065), (116.0932, 162.77664, -113.52265), (116.0933, 162.77579, -113.50642), (107.56615, 161.49574, -113.669044), (107.72524, 161.53302, -113.66477), (114.25685, 148.70233, -115.131065), (114.25685, 148.70233, -115.131065), (105.90077, 160.93571, -113.73305), (107.56615, 161.49574, -113.669044), (116.0932, 162.77664, -113.52265), (117.70163, 148.70233, -115.131065), (116.09142, 162.77664, -113.52265), (-129.15366, 161.49574, -117.977356), (-129.3668, 161.42732, -117.96953), (-122.53065, 148.70233, -116.515335), (-118.36881, 160.9729, -128.34157), (-120.481636, 160.91583, -128.30257), (-119.08588, 148.70233, -119.96009), (119.08588, 148.70233, -119.96009), (118.36879, 160.9729, -128.34155), (117.70163, 148.70233, -119.96009), (120.54792, 161.49574, -126.57172), (120.54279, 161.45093, -126.711296), (119.08588, 148.70233, -119.96009), (129.01231, 161.53302, -113.66477), (129.17146, 161.49574, -113.669044), (122.53064, 148.70233, -115.131065), (119.08588, 148.70233, -119.96009), (120.48163, 160.91583, -128.30257), (118.36879, 160.9729, -128.34155), (107.72557, 161.53314, 113.66477), (107.566124, 161.49579, 113.669044), (114.25685, 148.7024, 115.131065), (116.12212, 162.52353, 110.357864), (116.10265, 162.69395, 112.39035), (117.70163, 148.70238, 111.686295), (-116.12214, 162.52351, -110.35794), (-116.10265, 162.69392, -112.390434), (-117.70162, 148.70235, -111.6863), (120.54792, 161.49577, 104.99202), (120.54279, 161.45099, 104.852486), (119.08588, 148.70238, 111.686295), (-107.72524, 161.53302, -113.66477), (-107.56615, 161.49574, -113.669044), (-114.25685, 148.70233, -115.131065), (-120.65141, 162.40147, -122.52933), (-120.663994, 162.51144, -121.322945), (-119.08588, 148.70233, -119.96009), (-129.01198, 161.53314, 113.66477), (-129.17146, 161.49579, 113.669044), (-122.53065, 148.7024, 115.131065), (-119.08588, 148.7024, 119.960106), (-118.36879, 160.97293, 128.34155), (-117.70162, 148.7024, 119.960106), (129.15364, 161.49579, 117.977356), (129.36716, 161.42725, 117.96953), (122.53064, 148.7024, 116.515335), (-120.68388, 162.68553, -119.24668), (-120.6933, 162.76799, -118.12276), (-119.08588, 148.70233, -116.515335), (-116.12212, 162.52354, 110.35795), (-116.13607, 162.40152, 109.019295), (-117.70162, 148.70238, 111.686295), (116.239586, 161.49576, -104.98082), (116.303116, 160.93977, -103.32746), (117.70163, 148.70235, -111.6863), (-120.6933, 162.76799, -118.12276), (-120.70956, 162.76701, -118.12266), (-119.08588, 148.70233, -116.515335), (120.69389, 162.77315, -113.52305), (119.08588, 148.70233, -115.131065), (120.69345, 162.7692, -113.4573), (117.70163, 148.70233, -119.96009), (116.23729, 161.5157, -126.497795), (116.13607, 162.40147, -122.54446), (-129.3668, 161.42732, -117.96953), (-130.87589, 160.91986, -117.91155), (-122.53065, 148.70233, -116.515335), (120.65144, 162.40149, -109.034485), (120.66398, 162.51146, -110.240845), (119.08588, 148.70235, -111.6863), (116.13607, 162.40147, -122.54446), (116.12212, 162.52351, -121.20585), (117.70163, 148.70233, -119.96009), (116.239586, 161.49574, -126.58295), (116.23729, 161.5157, -126.497795), (117.70163, 148.70233, -119.96009), (119.08588, 148.70233, -115.131065), (120.683876, 162.68555, -112.31708), (120.69345, 162.7692, -113.4573), (116.30571, 160.91718, -128.30348), (116.239586, 161.49574, -126.58295), (111.62638, 162.40147, -118.08087), (107.58399, 161.49574, -117.977356), (114.25685, 148.70233, -116.515335), (105.9023, 160.9335, -117.91311), (107.37089, 161.42735, -117.96953), (107.58399, 161.49574, -117.977356), (107.37089, 161.42735, -117.96953), (114.25685, 148.70233, -116.515335), (116.30571, 160.91718, -128.30348), (117.70163, 148.70233, -119.96009), (116.12212, 162.52351, -110.35801), (116.13607, 162.40149, -109.019356), (112.789444, 162.5075, -118.092995), (111.62638, 162.40147, -118.08087), (114.25685, 148.70233, -116.515335), (117.70163, 148.70233, -116.515335), (116.09384, 162.77097, -118.1231), (116.02808, 162.76701, -118.12266), (105.90077, 160.93571, -113.73305), (114.25685, 148.70233, -115.131065), (105.86295, 160.99107, -115.781906), (116.23729, 161.51573, -105.06612), (116.239586, 161.49576, -104.98082), (117.70163, 148.70235, -111.6863), (116.0933, 162.77579, -113.50642), (116.10265, 162.69392, -112.39039), (117.70163, 148.70233, -115.131065), (117.70163, 148.70233, -115.131065), (116.10265, 162.69392, -112.39039), (118.36881, 160.97293, 128.34155), (120.48163, 160.91585, 128.30257), (119.08588, 148.7024, 119.960106), (120.683876, 162.68553, -119.24668), (120.66398, 162.51144, -121.32299), (119.08588, 148.70233, -116.515335), (-114.25685, 148.7024, 116.515335), (-105.86297, 160.99113, 115.78183), (-114.25685, 148.7024, 115.131065), (-105.9023, 160.93355, 117.91311), (120.66398, 162.5115, 121.32288), (120.683876, 162.68558, 119.246605), (119.08588, 148.7024, 116.515335), (116.13607, 162.40154, 122.54439), (116.23729, 161.51575, 126.4977), (116.12212, 162.52354, 121.20581), (-125.11127, 162.40147, -118.08087), (-129.15366, 161.49574, -117.977356), (-123.94823, 162.5075, -118.092995), (118.36881, 160.99562, 103.28934), (116.303116, 160.93982, 103.32745), (117.70163, 148.70238, 111.686295), (119.08588, 148.70238, 111.686295), (105.86295, 160.99113, 115.781845), (105.9023, 160.93355, 117.91311), (114.25685, 148.7024, 116.515335), (114.25685, 148.7024, 115.131065), (-120.68388, 162.68558, 119.24662), (-120.663994, 162.5115, 121.32288), (-119.08588, 148.7024, 119.960106), (-119.08588, 148.7024, 116.515335), (-119.08588, 148.70233, -119.96009), (-117.70162, 148.70233, -119.96009), (-118.36881, 160.9729, -128.34157), (-116.305695, 160.91718, -128.30348), (120.66398, 162.51146, -110.240845), (120.683876, 162.68555, -112.31708), (119.08588, 148.70235, -111.6863), (119.08588, 148.70233, -115.131065), (114.25685, 148.70233, -116.515335), (105.86295, 160.99107, -115.781906), (114.25685, 148.70233, -115.131065), (105.9023, 160.9335, -117.91311), (-116.13607, 162.40149, -109.019356), (-116.12214, 162.52351, -110.35794), (-116.237305, 161.51573, -105.06612), (-117.70162, 148.70238, 111.686295), (-118.368805, 160.99562, 103.28934), (-119.08588, 148.70238, 111.686295), (-116.303116, 160.9398, 103.32746), (116.13607, 162.40152, 109.019295), (116.12212, 162.52353, 110.357864), (116.23729, 161.51576, 105.06605), (111.62638, 162.40154, 118.08087), (112.78925, 162.50754, 118.09298), (107.58399, 161.49579, 117.977356), (-120.663994, 162.51144, -121.322945), (-120.68388, 162.68553, -119.24668), (-119.08588, 148.70233, -116.515335), (-105.86297, 160.99107, -115.781906), (-105.9023, 160.9335, -117.91311), (-114.25685, 148.70233, -116.515335), (-114.25685, 148.70233, -115.131065), (125.11123, 162.40154, 118.08087), (129.15364, 161.49579, 117.977356), (123.948425, 162.50752, 118.09298), (-123.94836, 162.50754, 118.09298), (-121.85769, 162.68283, 118.11302), (-119.08588, 148.7024, 116.515335), (-120.54791, 161.49579, 126.57163), (-120.54279, 161.45099, 126.71122), (-120.65143, 162.40154, 122.52924), (-120.663994, 162.51149, 110.2408), (-120.68388, 162.68556, 112.31702), (-119.08588, 148.70238, 111.686295), (-119.08588, 148.7024, 115.131065), (130.9152, 160.97745, 115.78183), (130.87741, 160.92213, 113.7346), (122.53064, 148.7024, 115.131065), (122.53064, 148.7024, 116.515335), (130.87589, 160.9199, 117.91155), (120.48422, 160.93842, -103.3284), (120.54279, 161.45094, -104.852516), (120.54792, 161.49576, -104.992096), (120.65144, 162.40149, -109.034485), (-119.08588, 148.70233, -116.515335), (-121.85759, 162.68279, -118.11304), (-123.94823, 162.5075, -118.092995), (-120.70956, 162.76701, -118.12266), (112.789444, 162.5075, -118.092995), (114.879974, 162.68279, -118.11304), (116.02808, 162.76701, -118.12266), (117.70163, 148.70233, -116.515335), (117.70163, 148.70235, -111.6863), (118.36879, 160.99557, -103.28935), (119.08588, 148.70235, -111.6863), (120.48422, 160.93842, -103.3284), (116.303116, 160.93977, -103.32746), (116.12212, 162.52351, -121.20585), (116.10268, 162.69391, -119.17348), (116.09384, 162.77097, -118.1231), (117.70163, 148.70233, -116.515335), (-130.91519, 160.9774, -115.781906), (-130.87741, 160.92209, -113.7346), (-122.53065, 148.70233, -115.131065), (-122.53065, 148.70233, -116.515335), (-130.87589, 160.91986, -117.91155), (123.94818, 162.5075, -118.092995), (121.85758, 162.68279, -118.11304), (120.70954, 162.76701, -118.12266), (119.08588, 148.70233, -116.515335), (122.53064, 148.70233, -115.131065), (130.9152, 160.9774, -115.781906), (122.53064, 148.70233, -116.515335), (130.87589, 160.91985, -117.91155), (130.87738, 160.92209, -113.7346), (-120.54791, 161.49576, -104.992096), (-120.54279, 161.45097, -104.85257), (-119.08588, 148.70235, -111.6863), (-120.65143, 162.40149, -109.034485), (-120.48422, 160.93842, -103.3284), (119.08588, 148.7024, 116.515335), (121.857704, 162.68283, 118.11302), (123.948425, 162.50752, 118.09298), (120.70962, 162.76706, 118.122635), (-122.53065, 148.7024, 115.131065), (-130.91519, 160.97745, 115.78183), (-122.53065, 148.7024, 116.515335), (-130.87589, 160.91989, 117.91155), (-130.8774, 160.92213, 113.7346), (-116.02814, 162.76701, -118.12266), (-117.70162, 148.70233, -116.515335), (-114.879974, 162.68279, -118.11304), (-112.78944, 162.5075, -118.092995), (-120.48422, 160.93848, 103.328384), (-120.54279, 161.45097, 104.852455), (-120.54791, 161.49577, 104.99205), (-120.65143, 162.40152, 109.034424), (116.02806, 162.76706, 118.12265), (117.70163, 148.7024, 116.515335), (114.879875, 162.68282, 118.11302), (112.78925, 162.50754, 118.09298), (-116.12214, 162.52356, 121.205765), (-116.10266, 162.69395, 119.173386), (-116.09385, 162.77101, 118.12309), (-117.70162, 148.7024, 116.515335), (-118.36881, 160.99557, -103.28935), (-116.303116, 160.93977, -103.32746), (-117.70162, 148.70235, -111.6863), (-119.08588, 148.70235, -111.6863), (-120.48422, 160.93842, -103.3284), (-119.08588, 148.70233, -115.131065), (-120.68388, 162.68555, -112.31713), (-120.69389, 162.77315, -113.52305), (-120.69345, 162.7692, -113.4573), (-120.663994, 162.51146, -110.240875), (119.08588, 148.7024, 115.131065), (120.683876, 162.68556, 112.31705), (120.69389, 162.77318, 113.52306), (120.69345, 162.76921, 113.45722), (120.66398, 162.51149, 110.24081), (-116.136086, 162.40146, -122.54446), (-116.237305, 161.5157, -126.497795), (-117.70162, 148.70233, -116.515335), (-116.10266, 162.69391, -119.17342), (-116.09385, 162.77097, -118.1231), (-116.12214, 162.5235, -121.20587), (-123.75432, 162.52747, -113.55114), (-121.73634, 162.69667, -113.531784), (-125.136314, 162.40149, -113.56553), (-120.69389, 162.77315, -113.52305), (-119.08588, 148.70233, -115.131065), (-129.01234, 161.53302, -113.66477), (-112.98348, 162.52751, 113.55114), (-115.00136, 162.6967, 113.5318), (-114.25685, 148.7024, 115.131065), (-111.60127, 162.40152, 113.56553), (-116.09137, 162.77667, 113.52265), (-117.70162, 148.7024, 115.131065), (-107.72557, 161.53314, 113.66477), (119.08588, 148.70233, -115.131065), (120.69389, 162.77315, -113.52305), (121.73632, 162.69667, -113.531784), (123.75428, 162.52747, -113.55114), (125.13628, 162.40149, -113.56553), (129.01231, 161.53302, -113.66477), (-114.25685, 148.70233, -115.131065), (-117.70162, 148.70233, -115.131065), (-115.00119, 162.69667, -113.531784), (-112.983315, 162.52747, -113.55114), (-111.6013, 162.40149, -113.56553), (-107.72524, 161.53302, -113.66477), (-116.09146, 162.77664, -113.52265), (123.75413, 162.52751, 113.55114), (121.73622, 162.69672, 113.5318), (125.13633, 162.40152, 113.56553), (120.69389, 162.77318, 113.52306), (119.08588, 148.7024, 115.131065), (129.01201, 161.53314, 113.66477), (-112.78928, 162.50754, 118.09298), (-114.87985, 162.68282, 118.11301), (-116.02804, 162.76706, 118.122635), (-117.70162, 148.7024, 116.515335), (-111.62638, 162.40154, 118.08087), (-107.584, 161.49579, 117.977356), (112.9833, 162.52747, -113.55114), (115.00126, 162.69667, -113.531784), (111.6013, 162.40149, -113.56553), (116.09142, 162.77664, -113.52265), (117.70163, 148.70233, -115.131065), (107.72524, 161.53302, -113.66477), (117.70163, 148.7024, 115.131065), (115.00131, 162.6967, 113.5318), (112.9835, 162.52751, 113.55114), (111.60127, 162.40152, 113.56553), (107.72557, 161.53314, 113.66477), (116.09139, 162.77667, 113.52265), (-119.08588, 148.7024, 115.131065), (-120.69389, 162.77318, 113.52306), (-121.73623, 162.69672, 113.5318), (-123.75412, 162.52751, 113.55114), (-125.13633, 162.40152, 113.56553), (-129.01198, 161.53314, 113.66477), (114.25685, 148.70233, -116.515335), (117.70163, 148.70233, -115.131065), (117.70163, 148.70233, -116.515335), (119.08588, 148.70233, -116.515335), (117.70163, 148.70235, -111.6863), (119.08588, 148.70233, -115.131065), (119.08588, 148.70233, -119.96009), (122.53064, 148.70233, -115.131065), (114.25685, 148.70233, -115.131065), (119.08588, 148.70235, -111.6863), (117.70163, 148.70233, -119.96009), (122.53064, 148.70233, -116.515335), (-114.25685, 148.7024, 116.515335), (-117.70162, 148.7024, 115.131065), (-117.70162, 148.7024, 116.515335), (-119.08588, 148.7024, 116.515335), (-117.70162, 148.70238, 111.686295), (-119.08588, 148.7024, 115.131065), (-119.08588, 148.7024, 119.960106), (-122.53065, 148.7024, 115.131065), (-114.25685, 148.7024, 115.131065), (-119.08588, 148.70238, 111.686295), (-117.70162, 148.7024, 119.960106), (-122.53065, 148.7024, 116.515335), (-117.70162, 148.70233, -115.131065), (-114.25685, 148.70233, -116.515335), (-117.70162, 148.70233, -116.515335), (-119.08588, 148.70233, -115.131065), (-117.70162, 148.70235, -111.6863), (-119.08588, 148.70233, -116.515335), (-119.08588, 148.70233, -119.96009), (-122.53065, 148.70233, -115.131065), (-114.25685, 148.70233, -115.131065), (-119.08588, 148.70235, -111.6863), (-117.70162, 148.70233, -119.96009), (-122.53065, 148.70233, -116.515335), (117.70163, 148.7024, 115.131065), (114.25685, 148.7024, 116.515335), (117.70163, 148.7024, 116.515335), (119.08588, 148.7024, 115.131065), (117.70163, 148.70238, 111.686295), (119.08588, 148.7024, 116.515335), (119.08588, 148.7024, 119.960106), (122.53064, 148.7024, 115.131065), (114.25685, 148.7024, 115.131065), (119.08588, 148.70238, 111.686295), (117.70163, 148.7024, 119.960106), (122.53064, 148.7024, 116.515335), (-123.542915, 165.79413, -84.69064), (76.548805, 165.79414, 84.690605), (76.548805, 165.79413, -84.69064), (87.49567, 165.79414, 73.74374), (87.49567, 165.79413, -73.74378), (87.12264, 165.79413, -76.57704), (86.02905, 165.79413, -79.21723), (82.02221, 165.79413, -83.22405), (84.28938, 165.79413, -81.48438), (79.382034, 165.79413, -84.31764), (-126.37618, 165.79413, -84.31764), (-129.01636, 165.79413, -83.22405), (-131.28352, 165.79413, -81.48438), (-133.0232, 165.79413, -79.21723), (-134.11679, 165.79413, -76.57704), (-134.48979, 165.79413, -73.74378), (-134.48979, 165.79414, 73.74374), (-123.542915, 165.79414, 84.690605), (-134.11679, 165.79414, 76.577), (-133.0232, 165.79414, 79.21717), (-131.28352, 165.79414, 81.48435), (-129.01636, 165.79414, 83.22401), (-126.37618, 165.79414, 84.31761), (79.382034, 165.79414, 84.31761), (82.02221, 165.79414, 83.22401), (84.28938, 165.79414, 81.48435), (86.02905, 165.79414, 79.21717), (87.12264, 165.79414, 76.577), (110.05566, 0.000024263501, 158.16568), (-110.05567, 0.000024263501, 158.16568), (-158.16568, 0.000012940536, 110.05567), (-158.16568, -0.000012940534, -110.05566), (-110.05567, -0.000024263501, -158.16568), (-157.56415, -0.000024263501, -117.69901), (-155.80736, -0.000024263501, -125.01657), (-152.92749, -0.000024263501, -131.96918), (-148.99547, -0.000024263501, -138.38564), (-144.10806, -0.000024263501, -144.10806), (-138.38564, -0.000024263501, -148.99548), (-131.96916, -0.000024263501, -152.92749), (-125.01657, -0.000024263501, -155.80736), (-117.69903, -0.000024263501, -157.56413), (110.05566, -0.000024263501, -158.16568), (117.69901, -0.000024263501, -157.56413), (157.56413, -0.000024263501, -117.69901), (125.01657, -0.000024263501, -155.80736), (131.96918, -0.000024263501, -152.92749), (138.38564, -0.000024263501, -148.99548), (144.10806, -0.000024263501, -144.10806), (148.99548, -0.000024263501, -138.38564), (152.92749, -0.000024263501, -131.96918), (155.80736, -0.000024263501, -125.01657), (158.16568, -0.000012940534, -110.05566), (158.16568, 0.000012940536, 110.05567), (157.56413, 0.000024263501, 117.69903), (155.80736, 0.000024263501, 125.01657), (144.10806, 0.000024263501, 144.10806), (152.92749, 0.000024263501, 131.96916), (148.99548, 0.000024263501, 138.38564), (138.38564, 0.000024263501, 148.99547), (131.96918, 0.000024263501, 152.92749), (125.01657, 0.000024263501, 155.80736), (117.69901, 0.000024263501, 157.56415), (-117.69903, 0.000024263501, 157.56415), (-125.01657, 0.000024263501, 155.80736), (-131.96916, 0.000024263501, 152.92749), (-138.38564, 0.000024263501, 148.99547), (-144.10806, 0.000024263501, 144.10806), (-148.99547, 0.000024263501, 138.38564), (-152.92749, 0.000024263501, 131.96916), (-155.80736, 0.000024263501, 125.01657), (-157.56415, 0.000024263501, 117.69903), (76.548805, 165.79414, 84.690605), (-123.542915, 161.54927, 84.690605), (76.548805, 161.54927, 84.690605), (87.49567, 165.79413, -73.74378), (87.49567, 161.54927, 73.74374), (87.49567, 161.54924, -73.74378), (-134.48979, 165.79414, 73.74374), (-134.48979, 161.54924, -73.74378), (-134.48979, 161.54927, 73.74374), (-123.542915, 165.79413, -84.69064), (76.548805, 161.54924, -84.69064), (-123.542915, 161.54924, -84.69064), (-123.542915, 165.79414, 84.690605), (-126.37618, 161.54927, 84.31761), (-126.37618, 165.79414, 84.31761), (-129.01636, 161.54927, 83.22401), (-129.01636, 165.79414, 83.22401), (-131.28352, 161.54927, 81.48435), (-131.28352, 165.79414, 81.48435), (-133.0232, 161.54927, 79.21717), (-131.28352, 161.54927, 81.48435), (-133.0232, 165.79414, 79.21717), (-134.11679, 161.54927, 76.577), (-134.11679, 165.79414, 76.577), (-126.37618, 165.79413, -84.31764), (-126.37618, 161.54924, -84.31764), (-129.01636, 165.79413, -83.22405), (-129.01636, 161.54924, -83.22405), (-131.28352, 165.79413, -81.48438), (-131.28352, 161.54924, -81.48438), (-133.0232, 165.79413, -79.21723), (-131.28352, 165.79413, -81.48438), (-133.0232, 161.54924, -79.21723), (-134.11679, 165.79413, -76.57704), (-134.11679, 161.54924, -76.57704), (-134.48979, 165.79413, -73.74378), (87.12264, 165.79413, -76.57704), (87.12264, 161.54924, -76.57704), (86.02905, 165.79413, -79.21723), (84.28938, 161.54924, -81.48438), (84.28938, 165.79413, -81.48438), (84.28938, 165.79413, -81.48438), (82.02221, 161.54924, -83.22405), (82.02221, 165.79413, -83.22405), (79.382034, 161.54924, -84.31764), (79.382034, 165.79413, -84.31764), (76.548805, 165.79413, -84.69064), (79.382034, 165.79414, 84.31761), (82.02221, 161.54927, 83.22401), (82.02221, 165.79414, 83.22401), (84.28938, 161.54927, 81.48435), (84.28938, 165.79414, 81.48435), (84.28938, 165.79414, 81.48435), (86.02905, 161.54927, 79.21717), (86.02905, 165.79414, 79.21717), (87.12264, 165.79414, 76.577), (87.12264, 161.54927, 76.577), (87.49567, 165.79414, 73.74374), (-131.28352, 165.79414, 81.48435), (-129.01636, 161.54924, -83.22405), (86.02905, 161.54924, -79.21723), (82.02221, 161.54924, -83.22405), (79.382034, 161.54927, 84.31761), (86.02905, 161.54927, 79.21717), (-135.97893, 159.99677, -119.28477), (-134.95717, 158.10274, -122.653015), (-134.95717, 159.99677, -122.653015), (-100.7587, 159.99677, -119.28479), (-100.4137, 158.10274, -115.781906), (-100.4137, 159.99677, -115.781906), (-118.36881, 159.99677, -133.737), (-114.86597, 158.10274, -133.392), (-114.86597, 159.99677, -133.392), (-111.49771, 158.10274, -132.37025), (-111.49771, 159.99677, -132.37025), (-121.87167, 159.99677, -133.392), (-118.36881, 158.10274, -133.737), (-108.393486, 158.10274, -130.71103), (-108.393486, 159.99677, -130.71103), (-105.672646, 158.10274, -128.47809), (-105.672646, 159.99677, -128.47809), (-105.672646, 159.99677, -128.47809), (-103.43968, 158.10274, -125.75723), (-103.43968, 159.99677, -125.75723), (-101.78046, 158.10274, -122.65306), (-101.78046, 159.99677, -122.65306), (-100.7587, 158.10274, -119.28479), (-100.7587, 158.10275, -112.279045), (-100.7587, 159.99678, -112.279045), (-101.78043, 158.10275, -108.910774), (-101.78043, 159.99678, -108.910774), (-103.43967, 158.10275, -105.80658), (-103.43967, 159.99678, -105.80658), (-105.67262, 158.10275, -103.085724), (-105.67262, 159.99678, -103.085724), (-105.67262, 159.99678, -103.085724), (-108.39346, 158.10275, -100.85278), (-108.39346, 159.99678, -100.85278), (-111.49767, 158.10275, -99.19355), (-111.49767, 159.99678, -99.19355), (-114.86593, 158.10275, -98.17179), (-114.86593, 159.99678, -98.17179), (-118.368805, 158.10275, -97.82678), (-118.368805, 159.99678, -97.82678), (-121.87167, 158.10275, -98.17179), (-121.87167, 159.99678, -98.17179), (-125.23993, 158.10275, -99.19353), (-125.23993, 159.99678, -99.19353), (-128.34413, 158.10275, -100.85276), (-128.34413, 159.99678, -100.85276), (-131.065, 158.10275, -103.085724), (-131.065, 159.99678, -103.085724), (-131.065, 159.99678, -103.085724), (-133.29794, 158.10275, -105.80658), (-133.29794, 159.99678, -105.80658), (-134.95717, 158.10275, -108.910774), (-134.95717, 159.99678, -108.910774), (-135.97893, 158.10275, -112.27902), (-135.97893, 159.99678, -112.27902), (-136.32393, 158.10274, -115.781906), (-136.32393, 159.99677, -115.781906), (-135.97893, 158.10274, -119.28477), (-133.29794, 158.10274, -125.75723), (-133.29794, 159.99677, -125.75723), (-131.065, 158.10274, -128.47809), (-131.065, 159.99677, -128.47809), (-131.065, 159.99677, -128.47809), (-128.34413, 158.10274, -130.71103), (-128.34413, 159.99677, -130.71103), (-125.23993, 158.10274, -132.37025), (-125.23993, 159.99677, -132.37025), (-121.87167, 158.10274, -133.392), (-103.43968, 158.10274, -125.75723), (-108.39346, 158.10275, -100.85278), (-133.29794, 158.10275, -105.80658), (-128.34413, 158.10274, -130.71103), (-135.97893, 159.99681, 119.28469), (-136.32393, 158.1028, 115.78182), (-136.32393, 159.99681, 115.78182), (-100.7587, 159.99681, 119.28472), (-101.78046, 158.1028, 122.65298), (-101.78046, 159.99681, 122.65298), (-121.87167, 159.99681, 133.39194), (-125.23993, 158.1028, 132.37018), (-125.23993, 159.99681, 132.37018), (-128.34413, 158.1028, 130.71095), (-128.34413, 159.99681, 130.71095), (-118.36881, 159.99681, 133.73694), (-121.87167, 158.1028, 133.39194), (-131.065, 158.1028, 128.47801), (-131.065, 159.99681, 128.47801), (-131.065, 159.99681, 128.47801), (-133.29794, 158.1028, 125.75714), (-133.29794, 159.99681, 125.75714), (-134.95717, 158.1028, 122.65295), (-134.95717, 159.99681, 122.65295), (-135.97893, 158.1028, 119.28469), (-135.97893, 158.10278, 112.27896), (-135.97893, 159.9968, 112.27896), (-134.95717, 158.10278, 108.910706), (-134.95717, 159.9968, 108.910706), (-133.29794, 158.10278, 105.806496), (-133.29794, 159.9968, 105.806496), (-131.065, 158.10278, 103.08564), (-131.065, 159.9968, 103.08564), (-131.065, 159.9968, 103.08564), (-128.34413, 158.10278, 100.85269), (-128.34413, 159.9968, 100.85269), (-125.23993, 158.10278, 99.19346), (-125.23993, 159.9968, 99.19346), (-121.87167, 158.10278, 98.171715), (-121.87167, 159.9968, 98.171715), (-118.368805, 158.10278, 97.826706), (-118.368805, 159.9968, 97.826706), (-114.86593, 158.10278, 98.171715), (-114.86593, 159.9968, 98.171715), (-111.49767, 158.10278, 99.19347), (-111.49767, 159.9968, 99.19347), (-108.39346, 158.10278, 100.85271), (-108.39346, 159.9968, 100.85271), (-105.67262, 158.10278, 103.08565), (-105.67262, 159.9968, 103.08565), (-105.67262, 159.9968, 103.08565), (-103.43967, 158.10278, 105.806496), (-103.43967, 159.9968, 105.806496), (-101.78043, 158.10278, 108.910706), (-101.78043, 159.9968, 108.910706), (-100.7587, 158.10278, 112.27897), (-100.7587, 159.9968, 112.27897), (-100.4137, 158.1028, 115.781845), (-100.4137, 159.99681, 115.781845), (-100.7587, 158.1028, 119.28472), (-103.43968, 158.1028, 125.75717), (-103.43968, 159.99681, 125.75717), (-105.672646, 158.1028, 128.47803), (-105.672646, 159.99681, 128.47803), (-105.672646, 159.99681, 128.47803), (-108.393486, 158.1028, 130.71097), (-108.393486, 159.99681, 130.71097), (-111.49771, 158.1028, 132.3702), (-111.49771, 159.99681, 132.3702), (-114.86597, 158.1028, 133.39194), (-114.86597, 159.99681, 133.39194), (-118.36881, 158.1028, 133.73694), (-133.29794, 158.1028, 125.75714), (-128.34413, 158.10278, 100.85269), (-103.43967, 158.10278, 105.806496), (-108.393486, 158.1028, 130.71097), (121.87167, 159.99677, -133.392), (125.239944, 158.10274, -132.37025), (125.239944, 159.99677, -132.37025), (128.34412, 158.10274, -130.71103), (128.34412, 159.99677, -130.71103), (118.36881, 159.99677, -133.737), (121.87167, 158.10274, -133.392), (131.065, 158.10274, -128.47809), (131.065, 159.99677, -128.47809), (131.065, 159.99677, -128.47809), (133.29794, 158.10274, -125.75723), (133.29794, 159.99677, -125.75723), (134.95717, 158.10274, -122.653015), (134.95717, 159.99677, -122.653015), (135.97893, 158.10274, -119.28477), (135.97893, 159.99677, -119.28477), (136.32394, 158.10274, -115.781906), (136.32394, 159.99677, -115.781906), (135.97893, 159.99678, -112.27902), (134.95717, 158.10275, -108.910774), (134.95717, 159.99678, -108.910774), (133.29794, 158.10275, -105.80658), (133.29794, 159.99678, -105.80658), (131.065, 158.10275, -103.085724), (131.065, 159.99678, -103.085724), (131.065, 159.99678, -103.085724), (128.34412, 158.10275, -100.85276), (128.34412, 159.99678, -100.85276), (125.239944, 158.10275, -99.19353), (125.239944, 159.99678, -99.19353), (121.87167, 158.10275, -98.17179), (121.87167, 159.99678, -98.17179), (118.36879, 158.10275, -97.82678), (118.36879, 159.99678, -97.82678), (114.86593, 158.10275, -98.17179), (114.86593, 159.99678, -98.17179), (111.49769, 158.10275, -99.19355), (111.49769, 159.99678, -99.19355), (108.39346, 158.10275, -100.85278), (108.39346, 159.99678, -100.85278), (105.67261, 158.10275, -103.085724), (105.67261, 159.99678, -103.085724), (105.67261, 159.99678, -103.085724), (103.43967, 158.10275, -105.80658), (103.43967, 159.99678, -105.80658), (101.78043, 158.10275, -108.910774), (101.78043, 159.99678, -108.910774), (100.7587, 158.10275, -112.279045), (100.7587, 159.99678, -112.279045), (100.41369, 158.10274, -115.781906), (100.41369, 159.99677, -115.781906), (100.7587, 158.10274, -119.28479), (100.7587, 159.99677, -119.28479), (101.780464, 159.99677, -122.65306), (103.43969, 158.10274, -125.75723), (103.43969, 159.99677, -125.75723), (105.67266, 158.10274, -128.47809), (105.67266, 159.99677, -128.47809), (105.67266, 159.99677, -128.47809), (108.393486, 158.10274, -130.71103), (108.393486, 159.99677, -130.71103), (111.49771, 158.10274, -132.37025), (111.49771, 159.99677, -132.37025), (114.86595, 158.10274, -133.392), (114.86595, 159.99677, -133.392), (118.36881, 158.10274, -133.737), (101.780464, 158.10274, -122.65306), (135.97893, 158.10275, -112.27902), (133.29794, 158.10274, -125.75723), (128.34412, 158.10275, -100.85276), (103.43967, 158.10275, -105.80658), (108.393486, 158.10274, -130.71103), (135.97893, 159.99681, 119.28469), (134.95717, 158.1028, 122.65295), (134.95717, 159.99681, 122.65295), (118.36881, 159.99681, 133.73694), (114.86595, 158.1028, 133.39194), (114.86595, 159.99681, 133.39194), (111.49771, 158.1028, 132.3702), (111.49771, 159.99681, 132.3702), (121.87167, 159.99681, 133.39194), (118.36881, 158.1028, 133.73694), (108.393486, 158.1028, 130.71097), (108.393486, 159.99681, 130.71097), (105.67266, 158.1028, 128.47803), (105.67266, 159.99681, 128.47803), (105.67266, 159.99681, 128.47803), (103.43969, 158.1028, 125.75717), (103.43969, 159.99681, 125.75717), (101.780464, 158.1028, 122.65298), (101.780464, 159.99681, 122.65298), (100.7587, 158.1028, 119.28472), (100.7587, 159.99681, 119.28472), (100.41369, 159.99681, 115.781845), (100.7587, 158.10278, 112.27897), (100.7587, 159.9968, 112.27897), (101.78043, 158.10278, 108.910706), (101.78043, 159.9968, 108.910706), (103.43967, 158.10278, 105.806496), (103.43967, 159.9968, 105.806496), (105.67261, 158.10278, 103.08565), (105.67261, 159.9968, 103.08565), (105.67261, 159.9968, 103.08565), (108.39346, 158.10278, 100.85271), (108.39346, 159.9968, 100.85271), (111.49769, 158.10278, 99.19347), (111.49769, 159.9968, 99.19347), (114.86593, 158.10278, 98.171715), (114.86593, 159.9968, 98.171715), (118.36879, 158.10278, 97.826706), (118.36879, 159.9968, 97.826706), (121.87167, 158.10278, 98.171715), (121.87167, 159.9968, 98.171715), (125.239944, 158.10278, 99.19346), (125.239944, 159.9968, 99.19346), (128.34412, 158.10278, 100.85269), (128.34412, 159.9968, 100.85269), (131.065, 158.10278, 103.08564), (131.065, 159.9968, 103.08564), (131.065, 159.9968, 103.08564), (133.29794, 158.10278, 105.806496), (133.29794, 159.9968, 105.806496), (134.95717, 158.10278, 108.910706), (134.95717, 159.9968, 108.910706), (135.97893, 158.10278, 112.27896), (135.97893, 159.9968, 112.27896), (136.32394, 158.1028, 115.78182), (136.32394, 159.99681, 115.78182), (135.97893, 158.1028, 119.28469), (133.29794, 158.1028, 125.75714), (133.29794, 159.99681, 125.75714), (131.065, 158.1028, 128.47801), (131.065, 159.99681, 128.47801), (131.065, 159.99681, 128.47801), (128.34412, 158.1028, 130.71095), (128.34412, 159.99681, 130.71095), (125.239944, 158.1028, 132.37018), (125.239944, 159.99681, 132.37018), (121.87167, 158.1028, 133.39194), (100.41369, 158.1028, 115.781845), (103.43969, 158.1028, 125.75717), (108.39346, 158.10278, 100.85271), (133.29794, 158.10278, 105.806496), (128.34412, 158.1028, 130.71095), (110.19676, 80.878365, 161.75667), (118.262505, 159.99681, 161.12187), (110.19676, 159.99681, 161.75665), (-161.75668, 159.9968, 110.19674), (-161.75668, 80.87833, -110.19679), (-161.75668, 80.87836, 110.196754), (-110.19676, 159.99681, 161.75665), (-118.262505, 80.878365, 161.12189), (-110.19676, 80.878365, 161.75667), (118.262505, 80.878365, 161.12189), (126.12966, 159.99681, 159.23314), (161.75668, 80.87833, -110.19679), (161.1219, 159.99677, -118.262535), (161.75668, 159.99678, -110.19679), (161.1219, 80.87833, -118.262505), (159.23315, 159.99677, -126.129684), (159.23315, 80.87833, -126.129684), (156.13698, 159.99677, -133.6045), (156.13698, 80.87832, -133.60449), (151.9096, 159.99677, -140.50294), (151.9096, 80.87832, -140.50291), (146.65514, 159.99677, -146.65515), (146.65514, 80.87832, -146.65514), (140.50291, 159.99677, -151.90965), (146.65514, 159.99677, -146.65515), (140.50291, 80.87832, -151.90964), (133.60446, 159.99677, -156.13701), (133.60446, 80.87832, -156.13701), (126.12966, 159.99677, -159.23318), (126.12966, 80.87832, -159.23318), (118.262505, 159.99677, -161.1219), (118.262505, 80.87832, -161.1219), (110.19676, 159.99677, -161.75671), (-110.19676, 159.99677, -161.75671), (110.19676, 80.87832, -161.75668), (-110.19676, 80.87832, -161.75668), (-118.262505, 159.99677, -161.1219), (-118.262505, 80.87832, -161.1219), (-126.12966, 159.99677, -159.23318), (-126.12966, 80.87832, -159.23318), (-133.60448, 159.99677, -156.13701), (-133.60448, 80.87832, -156.13701), (-140.50291, 159.99677, -151.90965), (-140.50291, 80.87832, -151.90964), (-146.65514, 159.99677, -146.65515), (-146.65514, 80.87832, -146.65514), (-151.90962, 159.99677, -140.50294), (-146.65514, 159.99677, -146.65515), (-151.90962, 80.87832, -140.50291), (-156.13698, 159.99677, -133.6045), (-156.13698, 80.87832, -133.60449), (-159.23315, 159.99677, -126.129684), (-161.1219, 80.87833, -118.262505), (-161.75668, 159.99678, -110.19679), (-161.1219, 159.99677, -118.262535), (126.12966, 80.878365, 159.23314), (133.60446, 159.99681, 156.13696), (-161.1219, 159.99681, 118.26248), (-161.1219, 80.87836, 118.2625), (-159.23315, 159.99681, 126.12964), (-159.23315, 80.87836, 126.12965), (-151.90962, 159.99681, 140.5029), (-156.13698, 80.878365, 133.60446), (-151.90962, 80.878365, 140.5029), (-146.65514, 159.99681, 146.6551), (-146.65514, 80.878365, 146.65512), (-140.50291, 159.99681, 151.90959), (-146.65514, 80.878365, 146.65512), (-140.50291, 80.878365, 151.9096), (-133.60448, 159.99681, 156.13696), (-133.60448, 80.878365, 156.13698), (-126.12966, 159.99681, 159.23314), (-126.12966, 80.878365, 159.23314), (-118.262505, 159.99681, 161.12187), (133.60446, 80.878365, 156.13698), (140.50291, 159.99681, 151.90959), (140.50291, 80.878365, 151.9096), (146.65514, 159.99681, 146.6551), (146.65514, 80.878365, 146.65512), (151.9096, 159.99681, 140.5029), (146.65514, 159.99681, 146.6551), (151.9096, 80.878365, 140.5029), (156.13698, 159.99681, 133.60445), (156.13698, 80.878365, 133.60446), (159.23315, 159.99681, 126.12964), (159.23315, 80.87836, 126.12965), (161.1219, 159.99681, 118.26248), (161.1219, 80.87836, 118.2625), (161.75668, 159.9968, 110.19674), (161.75668, 80.87836, 110.196754), (-159.23315, 80.87833, -126.129684), (-156.13698, 159.99681, 133.60445), (151.9096, 80.87832, -140.50291), (-140.50291, 80.87832, -151.90964), (-146.65514, 159.99681, 146.6551), (140.50291, 80.878365, 151.9096), (-159.23315, 3.5909758, -126.12966), (-161.1219, 80.87833, -118.262505), (-159.23315, 80.87833, -126.129684), (161.75668, 80.87833, -110.19679), (161.75668, 3.5910132, 110.19676), (161.75668, 3.5909758, -110.19676), (-118.262505, 3.5909758, -161.1219), (-126.12966, 80.87832, -159.23318), (-118.262505, 80.87832, -161.1219), (-126.12966, 3.5909758, -159.23315), (-133.60448, 80.87832, -156.13701), (-133.60448, 3.5909758, -156.13698), (-140.50291, 80.87832, -151.90964), (-140.50291, 3.5909758, -151.9096), (-146.65514, 80.87832, -146.65514), (-146.65514, 3.5909758, -146.65514), (-151.90962, 80.87832, -140.50291), (-146.65514, 80.87832, -146.65514), (-151.90962, 3.5909758, -140.50291), (-156.13698, 80.87832, -133.60449), (-156.13698, 3.5909758, -133.60446), (-110.19676, 80.87832, -161.75668), (110.19676, 3.5909758, -161.75668), (-110.19676, 3.5909758, -161.75668), (126.12966, 3.5909758, -159.23315), (118.262505, 80.87832, -161.1219), (126.12966, 80.87832, -159.23318), (161.1219, 3.5909758, -118.262505), (159.23315, 80.87833, -126.129684), (161.1219, 80.87833, -118.262505), (159.23315, 3.5909758, -126.12966), (156.13698, 80.87832, -133.60449), (156.13698, 3.5909758, -133.60446), (151.9096, 80.87832, -140.50291), (151.9096, 3.5909758, -140.50291), (146.65514, 80.87832, -146.65514), (146.65514, 3.5909758, -146.65514), (140.50291, 80.87832, -151.90964), (146.65514, 80.87832, -146.65514), (140.50291, 3.5909758, -151.9096), (133.60446, 80.87832, -156.13701), (133.60446, 3.5909758, -156.13698), (159.23315, 3.5910132, 126.12966), (161.1219, 80.87836, 118.2625), (159.23315, 80.87836, 126.12965), (118.262505, 3.5909758, -161.1219), (110.19676, 80.87832, -161.75668), (118.262505, 3.5910242, 161.1219), (126.12966, 80.878365, 159.23314), (118.262505, 80.878365, 161.12189), (126.12966, 3.5910242, 159.23315), (133.60446, 80.878365, 156.13698), (133.60446, 3.5910242, 156.13698), (140.50291, 80.878365, 151.9096), (140.50291, 3.5910242, 151.90962), (146.65514, 80.878365, 146.65512), (146.65514, 3.5910242, 146.65514), (151.9096, 80.878365, 140.5029), (146.65514, 80.878365, 146.65512), (151.9096, 3.5910242, 140.50291), (156.13698, 80.878365, 133.60446), (156.13698, 3.5910242, 133.60448), (110.19676, 3.5910242, 161.75668), (110.19676, 80.878365, 161.75667), (-110.19676, 3.5910242, 161.75668), (-161.75668, 80.87836, 110.196754), (-161.75668, 3.5909758, -110.19676), (-161.75668, 3.5910132, 110.19676), (-161.1219, 3.5909758, -118.262505), (-161.75668, 80.87833, -110.19679), (-159.23315, 80.87836, 126.12965), (-161.1219, 3.5910132, 118.262505), (-159.23315, 3.5910132, 126.12966), (-156.13698, 80.878365, 133.60446), (-156.13698, 3.5910242, 133.60448), (-151.90962, 80.878365, 140.5029), (-151.90962, 3.5910242, 140.50291), (-146.65514, 80.878365, 146.65512), (-146.65514, 3.5910242, 146.65514), (-140.50291, 80.878365, 151.9096), (-146.65514, 3.5910242, 146.65514), (-140.50291, 3.5910242, 151.90962), (-133.60448, 80.878365, 156.13698), (-133.60448, 3.5910242, 156.13698), (-126.12966, 80.878365, 159.23314), (-126.12966, 3.5910242, 159.23315), (-161.1219, 80.87836, 118.2625), (-118.262505, 80.878365, 161.12189), (-118.262505, 3.5910242, 161.1219), (161.1219, 3.5910132, 118.262505), (161.75668, 80.87836, 110.196754), (-110.19676, 80.878365, 161.75667), (-146.65514, 3.5909758, -146.65514), (146.65514, 3.5909758, -146.65514), (146.65514, 3.5910242, 146.65514), (-140.50291, 80.878365, 151.9096), (7.2555904, 175.78203, -73.66721), (13.840333, 179.94354, -69.580055), (14.441294, 175.78203, -72.601295), (20.593729, 179.94354, -67.88844), (21.487925, 175.78203, -70.83623), (28.327621, 175.78203, -68.38892), (27.148792, 179.94354, -65.54298), (33.442398, 179.94354, -62.566338), (34.89451, 175.78203, -65.28302), (39.413937, 179.94354, -58.987137), (41.12533, 175.78203, -61.548397), (45.005905, 179.94354, -54.83985), (46.96011, 175.78203, -57.221058), (50.164417, 179.94354, -50.16444), (52.342613, 175.78203, -52.342613), (52.342613, 175.78203, -52.342613), (54.83985, 179.94354, -45.005905), (57.221058, 175.78203, -46.96011), (58.987137, 179.94354, -39.413948), (61.548397, 175.78203, -41.12533), (62.566338, 179.94354, -33.44241), (65.28302, 175.78203, -34.89451), (65.54298, 179.94354, -27.148792), (68.38892, 175.78203, -28.327621), (67.88844, 179.94354, -20.593718), (70.83623, 175.78203, -21.487925), (72.601295, 175.78203, -14.441294), (69.580055, 179.94354, -13.840321), (73.66721, 175.78203, -7.255578), (70.6016, 179.94354, -6.953642), (70.94322, 179.94354, 0.0000123410555), (74.02365, 175.78203, 0.0000123410555), (73.66721, 175.78203, 7.255603), (70.6016, 179.94354, 6.953666), (69.580055, 179.94354, 13.840358), (72.601295, 175.78203, 14.441318), (67.88842, 179.94354, 20.593754), (70.836205, 175.78203, 21.48795), (68.38892, 175.78203, 28.327646), (65.54298, 179.94356, 27.148817), (65.28302, 175.78204, 34.89453), (62.566315, 179.94356, 33.44242), (61.548397, 175.78204, 41.12536), (58.98711, 179.94356, 39.413963), (57.22103, 175.78204, 46.960136), (54.839825, 179.94356, 45.005928), (50.164417, 179.94356, 50.16445), (52.342613, 175.78204, 52.342648), (46.960087, 175.78204, 57.22108), (50.164417, 179.94356, 50.16445), (45.005867, 179.94356, 54.839874), (41.125298, 175.78204, 61.548435), (39.413902, 179.94356, 58.98716), (34.89446, 175.78204, 65.28305), (33.44236, 179.94356, 62.56635), (27.148743, 179.94356, 65.54301), (28.327585, 175.78204, 68.38895), (21.487875, 175.78204, 70.83623), (20.59368, 179.94356, 67.888435), (13.840284, 179.94356, 69.58008), (14.441244, 175.78204, 72.60132), (7.2555285, 175.78204, 73.667206), (6.9535923, 179.94356, 70.60161), (-0.00006170528, 175.78204, 74.02364), (-0.00006170528, 179.94357, 70.94322), (-7.255652, 175.78204, 73.6672), (-6.953716, 179.94357, 70.60159), (-13.840395, 179.94357, 69.58005), (-14.441355, 175.78204, 72.601295), (-21.487999, 175.78204, 70.83619), (-20.59379, 179.94357, 67.888405), (-27.148853, 179.94357, 65.54295), (-28.327682, 175.78204, 68.3889), (-33.44246, 179.94357, 62.566296), (-34.89457, 175.78204, 65.28299), (-39.413998, 179.94357, 58.987087), (-41.125397, 175.78204, 61.548367), (-45.005955, 179.94357, 54.8398), (-46.96016, 175.78204, 57.22101), (-50.16449, 179.94356, 50.164368), (-52.342686, 175.78204, 52.342564), (-52.342686, 175.78204, 52.342564), (-54.839897, 179.94356, 45.005844), (-57.221092, 175.78204, 46.96005), (-58.98716, 179.94356, 39.413902), (-61.548443, 175.78204, 41.125298), (-65.28304, 175.78204, 34.89447), (-62.566357, 179.94356, 33.44236), (-68.38894, 175.78204, 28.32761), (-65.543, 179.94356, 27.148767), (-67.888435, 179.94356, 20.593718), (-70.83621, 175.78204, 21.487925), (-72.601295, 175.78204, 14.441306), (-69.580055, 179.94356, 13.840345), (-70.60161, 179.94356, 6.953666), (-73.6672, 175.78204, 7.255603), (-70.943214, 179.94354, 0.00003702317), (-74.023636, 175.78204, 0.00003702317), (-70.60161, 179.94356, -6.9536047), (-73.667206, 175.78204, -7.2555285), (-69.58008, 179.94354, -13.840272), (-72.60131, 175.78204, -14.441232), (-70.83623, 175.78204, -21.48785), (-67.88844, 179.94354, -20.593655), (-65.54302, 179.94354, -27.148705), (-68.38896, 175.78204, -28.327536), (-62.56638, 179.94354, -33.44231), (-65.28307, 175.78204, -34.89441), (-58.987198, 179.94354, -39.413853), (-61.548477, 175.78204, -41.125233), (-57.22113, 175.78204, -46.959988), (-54.839924, 179.94354, -45.005806), (-52.342724, 175.78204, -52.342514), (-50.16454, 179.94354, -50.164318), (-52.342724, 175.78204, -52.342514), (-45.006027, 179.94354, -54.839752), (-46.96023, 175.78204, -57.220932), (-39.414085, 179.94354, -58.987038), (-41.12548, 175.78203, -61.548298), (-33.44257, 179.94354, -62.56624), (-34.89468, 175.78203, -65.28293), (-28.327806, 175.78203, -68.38885), (-27.148989, 179.94354, -65.5429), (-20.593939, 179.94354, -67.88837), (-21.488148, 175.78203, -70.83613), (-13.840568, 179.94354, -69.58001), (-14.441527, 175.78203, -72.60124), (-6.953901, 179.94354, -70.60158), (-7.255837, 175.78203, -73.66717), (0, 179.94354, -70.94322), (0, 175.78203, -74.02365), (6.953642, 179.94354, -70.6016), (50.164417, 179.94354, -50.16444), (52.342613, 175.78204, 52.342648), (-50.16449, 179.94356, 50.164368), (-50.16454, 179.94354, -50.164318), (-7.3143463, 173.97272, -74.261215), (0, 165.97986, -74.62056), (-7.3143463, 165.97986, -74.261215), (-28.55613, 173.97272, 68.94039), (-35.175957, 165.97987, 65.80944), (-28.55613, 165.97987, 68.9404), (62.044754, 173.97272, -41.456974), (65.80947, 165.97986, -35.175896), (62.044754, 165.97986, -41.456974), (-71.40745, 173.97272, 21.661205), (-73.18676, 165.97987, 14.557755), (-71.40745, 165.97987, 21.661205), (71.40742, 173.97272, 21.66123), (68.94042, 165.97987, 28.55608), (71.40742, 165.97987, 21.66123), (-62.044815, 173.97272, -41.456863), (-57.682575, 165.97986, -47.338684), (-62.044815, 165.97986, -41.456863), (28.556017, 173.97272, 68.940445), (21.66117, 165.97987, 71.40746), (28.556017, 165.97987, 68.94045), (14.557755, 173.97272, -73.18675), (21.661205, 165.97986, -71.40745), (14.557755, 165.97986, -73.18675), (-35.175957, 173.97272, 65.80944), (-41.457035, 165.97987, 62.044704), (65.80947, 173.97272, -35.175896), (68.94042, 165.97986, -28.556055), (-73.18676, 173.97272, 14.557755), (-74.26126, 165.97987, 7.314124), (68.94042, 173.97272, 28.55608), (65.80947, 165.97987, 35.17592), (-57.682575, 173.97272, -47.338684), (-52.764824, 165.97986, -52.764603), (21.66117, 173.97273, 71.407455), (14.557694, 165.97987, 73.18678), (21.661205, 173.97272, -71.40745), (28.556067, 165.97986, -68.94042), (-41.457035, 173.97272, 62.0447), (-47.338856, 165.97987, 57.682438), (68.94042, 173.97272, -28.556055), (71.40745, 165.97987, -21.661205), (-74.26126, 173.97272, 7.314124), (-74.620575, 165.97987, 0.00003702317), (65.80947, 173.97272, 35.17592), (62.04473, 165.97987, 41.457), (-52.764824, 173.97272, -52.764603), (-47.33892, 165.97986, -57.68239), (-52.764824, 165.97986, -52.764603), (14.557694, 173.97273, 73.186775), (7.314038, 165.97987, 74.26127), (28.556067, 173.97272, -68.94042), (35.175896, 165.97986, -65.80947), (-47.338856, 173.97272, 57.682438), (-52.764774, 165.97987, 52.764664), (71.40745, 173.97272, -21.661205), (73.18675, 165.97987, -14.557743), (-74.620575, 173.97272, 0.00003702317), (-74.26126, 165.97987, -7.314038), (62.04473, 173.97272, 41.457), (57.682465, 165.97987, 47.33882), (-47.33892, 173.97272, -57.68239), (-41.457123, 165.97986, -62.044632), (7.314038, 173.97273, 74.26126), (-0.00006170528, 165.97987, 74.62058), (35.175896, 173.97272, -65.80947), (41.456974, 165.97986, -62.04473), (-52.764774, 173.97272, 52.764652), (-57.682537, 165.97987, 47.338734), (-52.764774, 165.97987, 52.764664), (73.18675, 173.97272, -14.557743), (74.26126, 165.97987, -7.314087), (-74.26126, 173.97272, -7.3140497), (-73.186775, 165.97987, -14.557682), (57.682465, 173.97272, 47.33882), (52.7647, 165.97987, 52.76475), (-41.457123, 173.97272, -62.044632), (-35.176067, 165.97986, -65.80937), (-0.00006170528, 173.97273, 74.620575), (-7.314161, 165.97987, 74.26126), (41.456974, 173.97272, -62.044754), (47.338783, 165.97986, -57.682487), (-57.682537, 173.97272, 47.338734), (-62.044773, 165.97987, 41.456936), (74.26126, 173.97272, -7.314087), (74.62059, 165.97987, 0.0000123410555), (-73.186775, 173.97272, -14.557682), (-71.40746, 165.97987, -21.66113), (52.7647, 173.97272, 52.76475), (47.33876, 165.97987, 57.682514), (52.7647, 165.97987, 52.76475), (-35.176067, 173.97272, -65.80937), (-28.556252, 165.97986, -68.940346), (-7.314161, 173.97273, 74.26125), (-14.557817, 165.97987, 73.18676), (47.338783, 173.97272, -57.682487), (52.764725, 165.97986, -52.764725), (-62.044773, 173.97272, 41.456936), (-65.809494, 165.97987, 35.175858), (74.62059, 173.97272, 0.0000123410555), (74.26126, 165.97987, 7.3141117), (-71.40746, 173.97272, -21.66113), (-68.94046, 165.97986, -28.555967), (47.33876, 173.97272, 57.682514), (41.456936, 165.97987, 62.044773), (-28.556252, 173.97272, -68.940346), (-21.661428, 165.97986, -71.40737), (-14.557817, 173.97273, 73.18675), (-21.66128, 165.97987, 71.407425), (52.764725, 173.97272, -52.764725), (57.682487, 165.97986, -47.338806), (52.764725, 165.97986, -52.764725), (-65.809494, 173.97272, 35.175858), (-68.94044, 165.97987, 28.556042), (74.26126, 173.97272, 7.3141117), (73.18675, 165.97987, 14.557768), (-68.94046, 173.97272, -28.555967), (-65.809525, 165.97986, -35.175797), (41.456936, 173.97272, 62.04477), (35.175858, 165.97987, 65.8095), (-21.661428, 173.97272, -71.40737), (-14.55799, 165.97986, -73.18671), (-21.66128, 173.97273, 71.40742), (57.682487, 173.97272, -47.338806), (-68.94044, 173.97272, 28.556042), (73.18675, 173.97272, 14.557768), (-65.809525, 173.97272, -35.175797), (7.3140993, 173.97272, -74.26126), (7.3140993, 165.97986, -74.26126), (35.175858, 173.97272, 65.809494), (-14.55799, 173.97272, -73.18671), (0, 173.97272, -74.62059), (-52.764824, 173.97272, -52.764603), (-52.764774, 173.97272, 52.764652), (52.7647, 173.97272, 52.76475), (52.764725, 173.97272, -52.764725), (-6.79696, 180.74997, -69.00827), (-0.0000123410555, 180.74997, -61.67171), (0, 180.74997, -69.34219), (-69.008286, 180.74997, 6.7967377), (-61.671722, 180.74997, 0.00003702317), (-69.342186, 180.74997, 0.00003702317), (57.65593, 180.74998, 38.52448), (54.389572, 180.74998, 29.071875), (51.278122, 180.74998, 34.26299), (-61.37476, 180.74997, -6.044834), (-69.008286, 180.74997, -6.7966757), (53.602238, 180.74998, 43.990246), (47.672855, 180.74998, 39.124146), (-60.48673, 180.74997, -12.031492), (-68.00982, 180.74997, -13.527932), (49.032322, 180.74998, 49.03237), (43.608463, 180.74998, 43.608513), (-66.35635, 180.74997, -20.128902), (-59.016174, 180.74997, -17.90228), (43.990185, 180.74998, 53.602264), (39.124084, 180.74998, 47.672905), (-56.977272, 180.74997, -23.600664), (-64.063866, 180.74997, -26.536034), (38.52443, 180.74998, 57.655956), (34.262928, 180.74998, 51.278183), (-61.154404, 180.74997, -32.68759), (-54.38965, 180.74997, -29.071762), (32.68764, 180.74998, 61.154373), (29.0718, 180.74998, 54.38961), (-51.27822, 180.74997, -34.26288), (-57.656006, 180.74997, -38.52437), (23.6007, 180.74998, 56.977257), (26.536058, 180.74998, 64.06385), (6.7967253, 180.74997, -69.00829), (12.031542, 180.74997, -60.4867), (13.527993, 180.74997, -68.0098), (-47.672955, 180.74997, -39.124035), (-53.602325, 180.74997, -43.990124), (20.128927, 180.74998, 66.356346), (17.902306, 180.74998, 59.016167), (17.902342, 180.74997, -59.016163), (20.128977, 180.74997, -66.356346), (-43.60859, 180.74997, -43.60839), (-49.032444, 180.74997, -49.032246), (12.031505, 180.74998, 60.48672), (13.527945, 180.74998, 68.00982), (26.536108, 180.74997, -64.06383), (23.600739, 180.74997, -56.977222), (-39.12423, 180.74997, -47.672783), (-43.990345, 180.74997, -53.60214), (6.7966638, 180.74998, 69.008286), (6.044834, 180.74998, 61.374752), (29.071836, 180.74997, -54.3896), (32.68768, 180.74997, -61.154373), (-34.263103, 180.74997, -51.278072), (-38.524605, 180.74997, -57.65583), (-0.00006170528, 180.74998, 69.34218), (-0.00006170528, 180.74998, 61.671715), (34.262966, 180.74997, -51.27815), (38.524456, 180.74997, -57.65593), (-29.071997, 180.74997, -54.389523), (-32.68785, 180.74997, -61.154274), (-6.796787, 180.74998, 69.00827), (-6.0449452, 180.74998, 61.37474), (39.124107, 180.74997, -47.672882), (43.990223, 180.74997, -53.602238), (-26.536293, 180.74997, -64.06375), (-23.60091, 180.74997, -56.977173), (-12.031616, 180.74998, 60.486702), (-13.528055, 180.74998, 68.00979), (43.60848, 180.74997, -43.60849), (49.032345, 180.74997, -49.032345), (-17.90254, 180.74997, -59.016113), (-20.129175, 180.74997, -66.35628), (-20.12904, 180.74998, 66.356316), (-17.902416, 180.74998, 59.016144), (53.602238, 180.74997, -43.990234), (47.672855, 180.74997, -39.12412), (-12.031764, 180.74997, -60.48667), (-13.528215, 180.74997, -68.00976), (-26.53617, 180.74998, 64.063805), (-23.6008, 180.74998, 56.977222), (51.27815, 180.74997, -34.262966), (57.65593, 180.74997, -38.524467), (-6.0451055, 180.74997, -61.374733), (-32.68774, 180.74998, 61.154316), (-29.071898, 180.74998, 54.389572), (54.3896, 180.74997, -29.07185), (61.154373, 180.74997, -32.68769), (-38.524517, 180.74998, 57.65588), (-34.263027, 180.74998, 51.278122), (64.06383, 180.74997, -26.536108), (56.977222, 180.74997, -23.600739), (6.0448713, 180.74997, -61.374733), (-39.124184, 180.74998, 47.672844), (-43.990284, 180.74998, 53.60219), (59.016163, 180.74997, -17.902342), (66.356346, 180.74997, -20.128977), (-43.60855, 180.74998, 43.60845), (-49.032394, 180.74998, 49.032284), (68.0098, 180.74997, -13.527981), (60.4867, 180.74997, -12.031542), (-53.602287, 180.74998, 43.99016), (-47.672928, 180.74998, 39.124084), (69.00827, 180.74997, -6.796713), (61.374733, 180.74997, -6.0448713), (-51.278194, 180.74998, 34.26294), (-57.655956, 180.74998, 38.524418), (61.67171, 180.74997, 0.0000123410555), (69.34219, 180.74997, 0.0000123410555), (-54.38962, 180.74998, 29.071825), (-61.154373, 180.74998, 32.68764), (69.00827, 180.74997, 6.7967377), (61.374733, 180.74997, 6.044908), (-64.063835, 180.74998, 26.536083), (-56.977245, 180.74997, 23.600725), (60.4867, 180.74997, 12.031579), (68.0098, 180.74997, 13.528006), (-59.016167, 180.74997, 17.902355), (-66.356346, 180.74997, 20.128965), (59.016136, 180.74997, 17.90238), (66.35632, 180.74997, 20.129002), (-68.00979, 180.74997, 13.527993), (-60.48671, 180.74997, 12.031567), (64.06383, 180.74998, 26.536133), (56.977222, 180.74997, 23.600763), (-61.374752, 180.74997, 6.044908), (61.154346, 180.74998, 32.687706), (-61.37476, 180.74997, -6.044834), (-60.48673, 256.60233, -12.031505), (-60.48673, 180.74997, -12.031492), (47.672855, 180.74998, 39.124146), (43.608463, 256.60236, 43.6085), (43.608463, 180.74998, 43.608513), (-59.016174, 256.60233, -17.902292), (-59.016174, 180.74997, -17.90228), (39.124084, 256.60236, 47.672894), (39.124084, 180.74998, 47.672905), (-56.977272, 256.60233, -23.600677), (-56.977272, 180.74997, -23.600664), (34.262928, 256.60236, 51.27817), (34.262928, 180.74998, 51.278183), (-54.38965, 256.60233, -29.071775), (-54.38965, 180.74997, -29.071762), (29.0718, 256.60236, 54.3896), (29.0718, 180.74998, 54.38961), (-0.0000123410555, 180.74997, -61.67171), (6.0448713, 256.60233, -61.37476), (6.0448713, 180.74997, -61.374733), (-51.27822, 256.60233, -34.262894), (-51.27822, 180.74997, -34.26288), (23.6007, 256.60236, 56.977245), (23.6007, 180.74998, 56.977257), (12.031542, 256.60233, -60.48672), (12.031542, 180.74997, -60.4867), (-47.672955, 256.60233, -39.124046), (-47.672955, 180.74997, -39.124035), (17.902306, 256.60236, 59.016155), (17.902306, 180.74998, 59.016167), (17.902342, 256.60233, -59.016163), (17.902342, 180.74997, -59.016163), (-43.60859, 256.60233, -43.608402), (-43.60859, 180.74997, -43.60839), (17.902306, 180.74998, 59.016167), (12.031505, 256.60236, 60.48671), (12.031505, 180.74998, 60.48672), (23.600739, 256.60233, -56.977245), (23.600739, 180.74997, -56.977222), (-39.12423, 256.60233, -47.672806), (-39.12423, 180.74997, -47.672783), (6.044834, 256.60236, 61.37474), (6.044834, 180.74998, 61.374752), (29.071836, 256.60233, -54.3896), (29.071836, 180.74997, -54.3896), (-34.263103, 256.60233, -51.278072), (-34.263103, 180.74997, -51.278072), (-0.00006170528, 256.60236, 61.671703), (-0.00006170528, 180.74998, 61.671715), (34.262966, 256.60233, -51.27817), (34.262966, 180.74997, -51.27815), (-29.071997, 256.60233, -54.389523), (-29.071997, 180.74997, -54.389523), (-6.0449452, 256.60236, 61.37473), (-6.0449452, 180.74998, 61.37474), (39.124107, 256.60233, -47.672882), (39.124107, 180.74997, -47.672882), (-23.60091, 256.60233, -56.977173), (-23.60091, 180.74997, -56.977173), (-12.031616, 256.60236, 60.48669), (-12.031616, 180.74998, 60.486702), (43.60848, 256.60233, -43.6085), (43.60848, 180.74997, -43.60849), (-17.90254, 256.60233, -59.016113), (-17.90254, 180.74997, -59.016113), (-17.902416, 256.60236, 59.016132), (-17.902416, 180.74998, 59.016144), (47.672855, 256.60233, -39.124134), (47.672855, 180.74997, -39.12412), (-17.90254, 180.74997, -59.016113), (-12.031764, 256.60233, -60.48667), (-12.031764, 180.74997, -60.48667), (-23.6008, 256.60236, 56.977196), (-23.6008, 180.74998, 56.977222), (51.27815, 256.60233, -34.262978), (51.27815, 180.74997, -34.262966), (-6.0451055, 256.60233, -61.374733), (-6.0451055, 180.74997, -61.374733), (-29.071898, 256.60236, 54.38955), (-29.071898, 180.74998, 54.389572), (54.3896, 256.60233, -29.07185), (54.3896, 180.74997, -29.07185), (-0.0000123410555, 256.60233, -61.67171), (-34.263027, 256.60236, 51.27811), (-34.263027, 180.74998, 51.278122), (56.977222, 256.60233, -23.60075), (56.977222, 180.74997, -23.600739), (-39.124184, 256.60236, 47.672832), (-39.124184, 180.74998, 47.672844), (59.016163, 256.60233, -17.902355), (59.016163, 180.74997, -17.902342), (-43.60855, 256.60236, 43.60843), (-43.60855, 180.74998, 43.60845), (59.016163, 180.74997, -17.902342), (60.4867, 256.60233, -12.031554), (60.4867, 180.74997, -12.031542), (-47.672928, 256.60236, 39.12407), (-47.672928, 180.74998, 39.124084), (61.374733, 256.60233, -6.0448833), (61.374733, 180.74997, -6.0448713), (-51.278194, 256.60236, 34.262917), (-51.278194, 180.74998, 34.26294), (61.67171, 256.60233, 5.684342e-14), (61.67171, 180.74997, 0.0000123410555), (-54.38962, 256.60236, 29.0718), (-54.38962, 180.74998, 29.071825), (61.374733, 256.60233, 6.0448833), (61.374733, 180.74997, 6.044908), (-56.977245, 256.60236, 23.600714), (-56.977245, 180.74997, 23.600725), (60.4867, 256.60233, 12.031567), (60.4867, 180.74997, 12.031579), (-59.016167, 256.60233, 17.90233), (-59.016167, 180.74997, 17.902355), (59.016136, 256.60233, 17.902367), (59.016136, 180.74997, 17.90238), (-59.016167, 180.74997, 17.902355), (-60.48671, 256.60233, 12.031554), (-60.48671, 180.74997, 12.031567), (56.977222, 256.60236, 23.60075), (56.977222, 180.74997, 23.600763), (-61.374752, 256.60233, 6.0448956), (-61.374752, 180.74997, 6.044908), (54.389572, 256.60236, 29.07185), (54.389572, 180.74998, 29.071875), (-61.671722, 256.60233, 0.000024682111), (-61.671722, 180.74997, 0.00003702317), (51.278122, 256.60236, 34.262978), (51.278122, 180.74998, 34.26299), (-61.37476, 256.60233, -6.0448465), (47.672855, 256.60236, 39.124134), (17.902306, 256.60236, 59.016155), (-17.90254, 256.60233, -59.016113), (59.016163, 256.60233, -17.902355), (-59.016167, 256.60233, 17.90233), (157.55421, 161.75665, -125.58416), (137.71335, 161.75665, -119.62982), (159.37827, 161.75665, -117.98641), (136.59096, 161.7567, 108.23395), (137.71335, 161.7567, 111.93391), (136.59096, 161.75667, -108.23402), (-117.986374, 161.75671, 159.37825), (-110.12752, 161.75671, 159.99677), (-114.52097, 161.75671, 135.12637), (110.12753, 161.75671, 159.99677), (117.98637, 161.75671, 159.37825), (114.52097, 161.75671, 135.12637), (125.58414, 161.75671, 157.5542), (122.21668, 161.75671, 135.12637), (118.36879, 161.75671, 135.50534), (139.46526, 161.75671, 150.48141), (129.32661, 161.75671, 132.18134), (125.916626, 161.75671, 134.00401), (150.48145, 161.75671, 139.46523), (154.56407, 161.75671, 132.80301), (134.76833, 161.75671, 126.73964), (157.55421, 161.75671, 125.584114), (159.37827, 161.75671, 117.98635), (137.71335, 161.75671, 119.629745), (159.9968, 161.7567, 110.127495), (159.9968, 161.75667, -110.12753), (137.71335, 161.75667, -111.93397), (138.09233, 161.75665, -115.781906), (154.56407, 161.75665, -132.80305), (150.48145, 161.75665, -139.46529), (134.76833, 161.75665, -126.73973), (145.40686, 161.75665, -145.40686), (139.46526, 161.75665, -150.48145), (129.32661, 161.75665, -132.1814), (132.80304, 161.75665, -154.56407), (125.58414, 161.75665, -157.55426), (122.21668, 161.75665, -135.12646), (117.98637, 161.75665, -159.37831), (114.52097, 161.75665, -135.12646), (118.36879, 161.75665, -135.50543), (-110.12752, 161.75665, -159.9968), (-117.986374, 161.75665, -159.37831), (-114.52097, 161.75665, -135.12646), (-125.58414, 161.75665, -157.55426), (-132.80304, 161.75665, -154.56407), (-122.21667, 161.75665, -135.12646), (-139.46526, 161.75665, -150.48145), (-145.40685, 161.75665, -145.40686), (-129.32663, 161.75665, -132.1814), (-150.48143, 161.75665, -139.46529), (-154.56406, 161.75665, -132.80305), (-134.76831, 161.75665, -126.73973), (-157.59297, 161.75665, -125.490616), (-159.37035, 161.75665, -118.08731), (-137.71335, 161.75665, -119.62982), (-138.09216, 161.75665, -115.95878), (-132.31546, 161.75665, -129.72853), (-118.368805, 161.75665, -135.50543), (132.31546, 161.75665, -129.72853), (136.591, 161.75671, 123.32966), (-110.82098, 161.75671, 134.00401), (-132.80304, 161.75671, 154.56403), (-125.58414, 161.75671, 157.5542), (-122.21667, 161.75671, 135.12637), (-145.40685, 161.75671, 145.40681), (-139.46526, 161.75671, 150.48141), (-129.32663, 161.75671, 132.18134), (-154.56406, 161.75671, 132.80301), (-134.76831, 161.75671, 126.73964), (-136.59099, 161.75671, 123.32966), (-159.35443, 161.75671, 118.08567), (-157.55421, 161.75671, 125.584114), (-137.7389, 161.75671, 119.545494), (-138.09216, 161.75671, 115.9587), (-125.91664, 161.75671, 134.00401), (138.09233, 161.75671, 115.78182), (125.916626, 161.75665, -134.00407), (-125.91664, 161.75665, -134.00407), (-136.59099, 161.75665, -123.32974), (-118.368805, 161.75671, 135.50534), (-150.48143, 161.75671, 139.46523), (-132.31546, 161.75671, 129.72847), (-110.82098, 161.75665, -134.00407), (-107.41102, 161.75671, 132.18135), (-104.42219, 161.75671, 129.72849), (-107.41102, 161.75665, -132.18144), (-104.42219, 161.75665, -129.72856), (-101.9693, 161.75671, 126.73964), (-100.14666, 161.75671, 123.329735), (-101.9693, 161.75665, -126.73973), (-100.14666, 161.75665, -123.329796), (100.14665, 161.75671, 123.329735), (-99.02426, 161.75671, 119.629715), (100.14665, 161.75665, -123.329796), (-99.02426, 161.75665, -119.6298), (-98.64529, 161.75665, -115.781906), (98.64529, 161.75665, -115.781906), (99.02426, 161.75665, -119.6298), (98.64529, 161.75671, 115.781845), (-98.64529, 161.75671, 115.781845), (99.02426, 161.75671, 119.629715), (101.96931, 161.75671, 126.73964), (110.12753, 161.75665, -159.9968), (101.96931, 161.75665, -126.73973), (104.42219, 161.75671, 129.72849), (107.41102, 161.75671, 132.18135), (104.42219, 161.75665, -129.72856), (107.41102, 161.75665, -132.18144), (110.82098, 161.75671, 134.00401), (110.82098, 161.75665, -134.00407), (132.80304, 161.75671, 154.56403), (145.40686, 161.75671, 145.40681), (132.31546, 161.75671, 129.72847), (136.591, 161.75665, -123.32974), (-159.99678, 161.75667, -110.12753), (-159.99678, 161.7567, 109.923805), (-129.32657, 161.75667, -99.38237), (-137.68729, 161.7567, 111.84802), (-137.71335, 161.75667, -111.93397), (-136.59096, 161.75667, -108.23402), (-136.59096, 161.7567, 108.23395), (-134.76833, 161.7567, 104.82403), (-134.76833, 161.75667, -104.82409), (-132.31544, 161.75667, -101.83526), (-132.31546, 161.7567, 101.83518), (-129.32657, 161.7567, 99.38229), (-125.91669, 161.75667, -97.559746), (-125.91669, 161.7567, 97.55966), (-122.21667, 161.7567, 96.43728), (-122.21667, 161.75667, -96.437355), (-118.368805, 161.7567, 96.0583), (-118.368805, 161.75667, -96.05838), (-114.520935, 161.7567, 96.43728), (-114.520935, 161.75667, -96.437355), (-110.820915, 161.7567, 97.55967), (-110.820915, 161.75667, -97.559746), (-107.410995, 161.75667, -99.38239), (-107.410995, 161.7567, 99.38232), (-104.422165, 161.7567, 101.83519), (-104.422165, 161.75667, -101.83528), (101.96928, 161.75667, -104.82409), (-101.96928, 161.75667, -104.82409), (100.14663, 161.75667, -108.23404), (104.422165, 161.75667, -101.83528), (-100.14663, 161.75667, -108.23404), (-99.02426, 161.7567, 111.93395), (-99.02426, 161.75667, -111.93401), (99.02426, 161.75667, -111.93401), (99.02426, 161.7567, 111.93395), (100.14663, 161.7567, 108.23397), (-100.14663, 161.7567, 108.23397), (101.96928, 161.7567, 104.82403), (104.422165, 161.7567, 101.83519), (-101.96928, 161.7567, 104.82403), (107.410995, 161.7567, 99.38232), (107.410995, 161.75667, -99.38239), (110.8209, 161.7567, 97.55967), (110.8209, 161.75667, -97.559746), (114.52095, 161.7567, 96.43728), (114.52095, 161.75667, -96.437355), (118.36879, 161.7567, 96.0583), (118.36879, 161.75667, -96.05838), (122.21668, 161.7567, 96.43728), (122.21668, 161.75667, -96.437355), (125.91668, 161.7567, 97.55966), (125.91668, 161.75667, -97.559746), (129.32655, 161.7567, 99.38229), (129.32655, 161.75667, -99.38237), (132.31546, 161.75667, -101.83526), (132.31544, 161.7567, 101.83518), (134.76833, 161.7567, 104.82403), (134.76833, 161.75667, -104.82409), (-125.23993, 159.1517, 132.37018), (-121.87167, 159.1517, 133.39194), (-120.54279, 161.45099, 126.71122), (-118.36881, 159.1517, 133.73694), (-118.36879, 160.97293, 128.34155), (-120.481636, 160.91585, 128.30257), (-120.65143, 162.40154, 122.52924), (-122.582436, 161.49579, 125.954445), (-120.54791, 161.49579, 126.57163), (-124.48604, 161.49579, 124.93694), (-128.34413, 159.1517, 130.71095), (-116.22073, 161.49579, 126.58103), (-116.239586, 161.49579, 126.582886), (-116.30571, 160.91719, 128.30348), (-120.663994, 162.5115, 121.32288), (-121.10649, 162.40154, 122.39118), (-122.3433, 162.40154, 121.73011), (-126.15459, 161.49579, 123.567604), (-131.065, 159.1517, 128.47801), (-127.52392, 161.49579, 121.89907), (-133.29794, 159.1517, 125.75714), (-128.54141, 161.49579, 119.99546), (-134.95717, 159.1517, 122.65295), (-129.36714, 161.42725, 117.96953), (-135.97893, 159.1517, 119.28469), (-130.87589, 160.91989, 117.91155), (-136.32393, 159.1517, 115.78182), (-135.97893, 159.1517, 112.27896), (-130.8774, 160.92213, 113.7346), (-129.16798, 161.49579, 113.633736), (-134.95717, 159.1517, 108.910706), (-128.54143, 161.49577, 111.56819), (-127.52392, 161.49577, 109.664566), (-133.29794, 159.1517, 105.806496), (-131.065, 159.1517, 103.08564), (-126.15459, 161.49577, 107.99605), (-128.34413, 159.1517, 100.85269), (-124.48604, 161.49577, 106.62672), (-122.582436, 161.49577, 105.609215), (-125.23993, 159.1517, 99.19346), (-120.54279, 161.45097, 104.852455), (-121.87167, 159.1517, 98.171715), (-120.48422, 160.93848, 103.328384), (-118.368805, 159.1517, 97.826706), (-114.86593, 159.1517, 98.171715), (-116.303116, 160.9398, 103.32746), (-116.2207, 161.49577, 104.98264), (-111.49767, 159.1517, 99.19347), (-114.15516, 161.49577, 105.60922), (-112.25155, 161.49577, 106.62672), (-108.39346, 159.1517, 100.85271), (-110.583015, 161.49577, 107.99605), (-105.67262, 159.1517, 103.08565), (-109.21369, 161.49577, 109.664566), (-103.43967, 159.1517, 105.806496), (-108.19617, 161.49577, 111.56819), (-101.78043, 159.1517, 108.910706), (-100.7587, 159.1517, 112.27897), (-107.56961, 161.49579, 113.63375), (-107.56613, 161.49579, 113.669044), (-105.90078, 160.93578, 113.73303), (-100.4137, 159.1517, 115.781845), (-105.86297, 160.99113, 115.78183), (-105.9023, 160.93355, 117.91311), (-101.78046, 159.1517, 122.65298), (-100.7587, 159.1517, 119.28472), (-107.370575, 161.42729, 117.96953), (-109.21368, 161.49579, 121.89909), (-103.43968, 159.1517, 125.75717), (-105.672646, 159.1517, 128.47803), (-110.58303, 161.49579, 123.567635), (-108.393486, 159.1517, 130.71097), (-112.251564, 161.49579, 124.93696), (-111.49771, 159.1517, 132.3702), (-114.15518, 161.49579, 125.95445), (-114.86597, 159.1517, 133.39194), (-116.237305, 161.51575, 126.4977), (-120.68388, 162.68558, 119.24662), (-123.42739, 162.40154, 120.840416), (-124.31708, 162.40154, 119.75633), (-124.97814, 162.40154, 118.51952), (-125.1112, 162.40154, 118.08087), (-129.1536, 161.49579, 117.977356), (-129.01198, 161.53314, 113.66477), (-129.17146, 161.49579, 113.669044), (-124.31708, 162.40152, 111.80732), (-123.42739, 162.40152, 110.72324), (-122.3433, 162.40152, 109.83354), (-121.10649, 162.40152, 109.172485), (-120.65143, 162.40152, 109.034424), (-120.54791, 161.49577, 104.99205), (-116.237305, 161.51576, 105.06607), (-116.239586, 161.49577, 104.98078), (-114.39429, 162.40152, 109.83356), (-113.31022, 162.40152, 110.72324), (-112.420525, 162.40152, 111.80732), (-111.75944, 162.40152, 113.04413), (-111.60127, 162.40152, 113.56553), (-107.72557, 161.53314, 113.66477), (-111.62638, 162.40154, 118.08087), (-108.19618, 161.49579, 119.995476), (-107.584, 161.49579, 117.977356), (-111.75944, 162.40154, 118.51955), (-112.420525, 162.40154, 119.75632), (-113.31024, 162.40154, 120.84043), (-114.3943, 162.40154, 121.73011), (-115.63113, 162.40154, 122.39118), (-116.13607, 162.40154, 122.54437), (-120.6933, 162.76804, 118.12276), (-120.7096, 162.76706, 118.122635), (-121.85769, 162.68283, 118.11302), (-123.94836, 162.50754, 118.09298), (-123.75412, 162.52751, 113.55114), (-124.978165, 162.40152, 113.04413), (-125.13633, 162.40152, 113.56553), (-121.73623, 162.69672, 113.5318), (-120.69389, 162.77318, 113.52306), (-120.693436, 162.76921, 113.45721), (-120.68388, 162.68556, 112.31702), (-120.663994, 162.51149, 110.2408), (-116.12212, 162.52354, 110.35795), (-115.631096, 162.40152, 109.172485), (-116.13607, 162.40152, 109.019295), (-116.10265, 162.69395, 112.390305), (-116.0933, 162.77582, 113.506325), (-116.09137, 162.77667, 113.52265), (-115.00136, 162.6967, 113.5318), (-112.98348, 162.52751, 113.55114), (-112.78928, 162.50754, 118.09298), (-114.87985, 162.68282, 118.11301), (-116.02804, 162.76706, 118.122635), (-116.09385, 162.77101, 118.12309), (-116.10266, 162.69395, 119.173386), (-116.12214, 162.52356, 121.205765), (-116.0932, 162.77667, 113.52043), (-116.0932, 162.77667, 113.52265), (-130.91519, 160.97745, 115.78183), (-118.368805, 160.99562, 103.28934), (108.39346, 159.15167, -100.85278), (114.15516, 161.49576, -105.609276), (112.251526, 161.49576, -106.62679), (111.49769, 159.15167, -99.19355), (116.2207, 161.49576, -104.9827), (105.67261, 159.15167, -103.085724), (110.583015, 161.49576, -107.99613), (114.39428, 162.40149, -109.83362), (115.631096, 162.40149, -109.172554), (114.86593, 159.15167, -98.17179), (116.303116, 160.93977, -103.32746), (116.23729, 161.51573, -105.06612), (109.2137, 161.49576, -109.66464), (103.43967, 159.15167, -105.80658), (116.12212, 162.52351, -110.35801), (116.10265, 162.69392, -112.39039), (116.22073, 161.49574, -126.58112), (116.239586, 161.49574, -126.58295), (116.30571, 160.91718, -128.30348), (118.36881, 159.15166, -133.737), (118.36879, 160.9729, -128.34155), (120.48163, 160.91583, -128.30257), (125.239944, 159.15166, -132.37025), (121.87167, 159.15166, -133.392), (120.54279, 161.45093, -126.711296), (128.34412, 159.15166, -130.71103), (122.58242, 161.49574, -125.95454), (124.48605, 161.49574, -124.93702), (131.065, 159.15166, -128.47809), (126.15459, 161.49574, -123.56768), (133.29794, 159.15166, -125.75723), (127.523926, 161.49574, -121.89915), (134.95717, 159.15166, -122.653015), (128.54143, 161.49574, -119.99554), (129.36682, 161.4273, -117.96953), (135.97893, 159.15166, -119.28477), (130.87589, 160.91985, -117.91155), (136.32394, 159.15166, -115.781906), (135.97893, 159.15167, -112.27902), (130.87738, 160.92209, -113.7346), (129.16798, 161.49574, -113.63382), (128.54143, 161.49576, -111.568275), (134.95717, 159.15167, -108.910774), (127.523926, 161.49576, -109.66464), (133.29794, 159.15167, -105.80658), (126.15459, 161.49576, -107.99613), (131.065, 159.15167, -103.085724), (128.34412, 159.15167, -100.85276), (124.48605, 161.49576, -106.62679), (122.58242, 161.49576, -105.609276), (125.239944, 159.15167, -99.19353), (120.54279, 161.45094, -104.852516), (121.87167, 159.15167, -98.17179), (120.48422, 160.93842, -103.3284), (118.36879, 159.15167, -97.82678), (108.19616, 161.49576, -111.568275), (101.78043, 159.15167, -108.910774), (100.7587, 159.15167, -112.279045), (107.569626, 161.49574, -113.63382), (107.56615, 161.49574, -113.669044), (105.90077, 160.93571, -113.73305), (100.41369, 159.15166, -115.781906), (105.86295, 160.99107, -115.781906), (105.9023, 160.9335, -117.91311), (101.780464, 159.15166, -122.65306), (100.7587, 159.15166, -119.28479), (107.37089, 161.42735, -117.96953), (109.2137, 161.49574, -121.89917), (103.43969, 159.15166, -125.75723), (105.67266, 159.15166, -128.47809), (110.58304, 161.49574, -123.56768), (112.25157, 161.49574, -124.93702), (108.393486, 159.15166, -130.71103), (114.15518, 161.49574, -125.95454), (111.49771, 159.15166, -132.37025), (114.86595, 159.15166, -133.392), (116.239586, 161.49576, -104.98082), (116.13607, 162.40149, -109.019356), (112.420525, 162.40149, -111.807396), (113.31022, 162.40149, -110.723305), (116.0933, 162.77579, -113.50642), (116.23729, 161.5157, -126.497795), (120.65144, 162.40147, -122.52933), (120.54792, 161.49574, -126.57172), (121.10648, 162.40147, -122.39128), (122.3433, 162.40147, -121.73017), (123.42739, 162.40147, -120.84051), (124.31708, 162.40147, -119.75642), (124.97814, 162.40147, -118.5196), (125.11125, 162.40147, -118.08087), (129.15361, 161.49574, -117.977356), (129.01231, 161.53302, -113.66477), (129.17146, 161.49574, -113.669044), (124.31708, 162.40149, -111.807396), (123.42739, 162.40149, -110.723305), (122.3433, 162.40149, -109.83362), (121.10648, 162.40149, -109.17253), (120.65144, 162.40149, -109.034485), (120.54792, 161.49576, -104.992096), (111.75944, 162.40149, -113.04422), (111.6013, 162.40149, -113.56553), (107.72524, 161.53302, -113.66477), (111.62638, 162.40147, -118.08087), (108.196205, 161.49574, -119.99554), (107.58399, 161.49574, -117.977356), (112.420525, 162.40147, -119.75642), (111.75946, 162.40147, -118.5196), (114.3943, 162.40147, -121.730194), (113.31024, 162.40147, -120.84051), (115.631096, 162.40147, -122.39128), (116.13607, 162.40147, -122.54446), (115.00126, 162.69667, -113.531784), (120.66398, 162.51144, -121.32299), (120.683876, 162.68553, -119.24668), (120.6933, 162.76799, -118.12276), (120.70954, 162.76701, -118.12266), (121.85758, 162.68279, -118.11304), (123.94818, 162.5075, -118.092995), (123.75428, 162.52747, -113.55114), (124.97814, 162.40149, -113.04422), (125.13628, 162.40149, -113.56553), (121.73632, 162.69667, -113.531784), (120.69389, 162.77315, -113.52305), (120.69345, 162.7692, -113.4573), (120.683876, 162.68555, -112.31708), (120.66398, 162.51146, -110.240845), (112.9833, 162.52747, -113.55114), (112.789444, 162.5075, -118.092995), (114.879974, 162.68279, -118.11304), (116.02808, 162.76701, -118.12266), (116.10268, 162.69391, -119.17348), (116.12212, 162.52351, -121.20585), (116.09142, 162.77664, -113.52265), (116.0932, 162.77664, -113.52051), (116.0932, 162.77664, -113.52265), (118.36879, 160.99557, -103.28935), (130.9152, 160.9774, -115.781906), (116.09384, 162.77097, -118.1231), (105.67261, 159.1517, 103.08565), (109.21368, 161.49577, 109.664566), (110.583015, 161.49577, 107.99605), (101.78043, 159.1517, 108.910706), (103.43967, 159.1517, 105.806496), (112.251526, 161.49577, 106.62671), (108.39346, 159.1517, 100.85271), (112.420525, 162.40152, 111.80735), (113.31024, 162.40152, 110.723236), (100.7587, 159.1517, 112.27897), (108.19618, 161.49577, 111.56819), (111.75944, 162.40152, 113.04413), (111.49769, 159.1517, 99.19347), (114.15516, 161.49577, 105.609215), (114.39428, 162.40152, 109.83356), (115.00131, 162.6967, 113.5318), (116.09139, 162.77667, 113.52265), (116.0933, 162.77582, 113.50626), (121.87167, 159.1517, 133.39194), (120.48163, 160.91585, 128.30257), (118.36881, 159.1517, 133.73694), (114.86595, 159.1517, 133.39194), (116.30571, 160.91719, 128.30348), (116.22073, 161.49579, 126.58103), (114.15518, 161.49579, 125.95447), (111.49771, 159.1517, 132.3702), (108.393486, 159.1517, 130.71097), (112.25157, 161.49579, 124.93694), (105.67266, 159.1517, 128.47803), (110.58306, 161.49579, 123.56762), (109.2137, 161.49579, 121.899086), (103.43969, 159.1517, 125.75717), (101.780464, 159.1517, 122.65298), (108.196205, 161.49579, 119.995476), (107.37059, 161.42729, 117.96953), (100.7587, 159.1517, 119.28472), (105.9023, 160.93355, 117.91311), (100.41369, 159.1517, 115.781845), (105.90077, 160.93578, 113.73303), (107.569626, 161.49579, 113.63375), (116.2207, 161.49577, 104.98262), (114.86593, 159.1517, 98.171715), (116.239586, 161.49577, 104.98076), (116.303116, 160.93982, 103.32745), (118.36879, 159.1517, 97.826706), (118.36881, 160.99562, 103.28934), (120.48422, 160.93848, 103.32838), (125.239944, 159.1517, 99.19346), (121.87167, 159.1517, 98.171715), (120.54279, 161.45099, 104.852486), (128.34412, 159.1517, 100.85269), (122.58244, 161.49577, 105.6092), (124.48605, 161.49577, 106.62672), (126.15461, 161.49577, 107.99603), (131.065, 159.1517, 103.08564), (133.29794, 159.1517, 105.806496), (127.523926, 161.49577, 109.664566), (134.95717, 159.1517, 108.910706), (128.54143, 161.49577, 111.56819), (129.168, 161.49579, 113.633736), (135.97893, 159.1517, 112.27896), (129.17151, 161.49579, 113.669044), (130.87741, 160.92213, 113.7346), (136.32394, 159.1517, 115.78182), (130.9152, 160.97745, 115.78183), (130.87589, 160.9199, 117.91155), (134.95717, 159.1517, 122.65295), (135.97893, 159.1517, 119.28469), (129.36716, 161.42725, 117.96953), (127.523926, 161.49579, 121.89907), (133.29794, 159.1517, 125.75714), (126.15461, 161.49579, 123.56762), (131.065, 159.1517, 128.47801), (128.34412, 159.1517, 130.71095), (124.48605, 161.49579, 124.93694), (125.239944, 159.1517, 132.37018), (122.58244, 161.49579, 125.954445), (120.54279, 161.45099, 126.71122), (107.72557, 161.53314, 113.66477), (112.9835, 162.52751, 113.55114), (115.63113, 162.40152, 109.17247), (116.10265, 162.69395, 112.39035), (116.0932, 162.77667, 113.52045), (116.0932, 162.77667, 113.52265), (116.23729, 161.51575, 126.4977), (116.239586, 161.49579, 126.582886), (115.63113, 162.40154, 122.391205), (114.3943, 162.40154, 121.73011), (113.31024, 162.40154, 120.840416), (112.420525, 162.40154, 119.75633), (111.75946, 162.40154, 118.51954), (111.62638, 162.40154, 118.08087), (107.58399, 161.49579, 117.977356), (107.566124, 161.49579, 113.669044), (116.13607, 162.40152, 109.019295), (116.23729, 161.51576, 105.06605), (120.65144, 162.40152, 109.03441), (120.54792, 161.49577, 104.99202), (121.10651, 162.40152, 109.172455), (123.427414, 162.40152, 110.723236), (122.3433, 162.40152, 109.833565), (124.31708, 162.40152, 111.80732), (124.978165, 162.40152, 113.04413), (125.13633, 162.40152, 113.56553), (129.01201, 161.53314, 113.66477), (125.11123, 162.40154, 118.08087), (128.54143, 161.49579, 119.99546), (129.15364, 161.49579, 117.977356), (124.31708, 162.40154, 119.75633), (124.978165, 162.40154, 118.51951), (123.427414, 162.40154, 120.84043), (122.3433, 162.40154, 121.73011), (120.65144, 162.40154, 122.52924), (120.54792, 161.49579, 126.57163), (111.60127, 162.40152, 113.56553), (116.12212, 162.52353, 110.357864), (116.12212, 162.52354, 121.20581), (116.13607, 162.40154, 122.54439), (116.10265, 162.69395, 119.17336), (116.09384, 162.77101, 118.12309), (116.02806, 162.76706, 118.12265), (114.879875, 162.68282, 118.11302), (112.78925, 162.50754, 118.09298), (120.66398, 162.51149, 110.24081), (120.683876, 162.68556, 112.31705), (120.69345, 162.76921, 113.45722), (121.73622, 162.69672, 113.5318), (123.75413, 162.52751, 113.55114), (123.948425, 162.50752, 118.09298), (121.857704, 162.68283, 118.11302), (120.70962, 162.76706, 118.122635), (120.683876, 162.68558, 119.246605), (120.66398, 162.5115, 121.32288), (121.10648, 162.40154, 122.39118), (118.36881, 160.97293, 128.34155), (105.86295, 160.99113, 115.781845), (120.69389, 162.77318, 113.52306), (120.6933, 162.76804, 118.12276), (-125.23993, 159.15166, -132.37025), (-122.58244, 161.49574, -125.95454), (-120.54279, 161.45094, -126.71124), (-121.87167, 159.15166, -133.392), (-120.481636, 160.91583, -128.30257), (-118.36881, 159.15166, -133.737), (-124.48607, 161.49573, -124.93704), (-120.65141, 162.40147, -122.52933), (-120.54791, 161.49573, -126.57172), (-114.86597, 159.15166, -133.392), (-116.305695, 160.91718, -128.30348), (-116.22073, 161.49574, -126.58112), (-128.34413, 159.15166, -130.71103), (-126.15461, 161.49574, -123.5677), (-122.343315, 162.40146, -121.730194), (-121.10651, 162.40147, -122.39128), (-120.663994, 162.51144, -121.322945), (-114.15518, 161.49573, -125.95454), (-111.49771, 159.15166, -132.37025), (-116.237305, 161.5157, -126.497795), (-116.239586, 161.49574, -126.58297), (-133.29794, 159.15166, -125.75723), (-131.065, 159.15166, -128.47809), (-123.427414, 162.40147, -120.84051), (-120.68388, 162.68553, -119.24668), (-112.25155, 161.49573, -124.93704), (-108.393486, 159.15166, -130.71103), (-105.672646, 159.15166, -128.47809), (-110.58303, 161.49574, -123.5677), (-109.21369, 161.49574, -121.89917), (-103.43968, 159.15166, -125.75723), (-101.78046, 159.15166, -122.65306), (-108.196205, 161.49574, -119.99554), (-107.37089, 161.42735, -117.96953), (-100.7587, 159.15166, -119.28479), (-105.9023, 160.9335, -117.91311), (-100.4137, 159.15166, -115.781906), (-100.7587, 159.15167, -112.279045), (-105.90078, 160.93571, -113.73305), (-107.56961, 161.49574, -113.63382), (-108.19618, 161.49576, -111.568275), (-101.78043, 159.15167, -108.910774), (-109.21368, 161.49576, -109.66464), (-103.43967, 159.15167, -105.80658), (-105.67262, 159.15167, -103.085724), (-110.583015, 161.49576, -107.99613), (-112.25154, 161.49576, -106.62677), (-108.39346, 159.15167, -100.85278), (-111.49767, 159.15167, -99.19355), (-114.155174, 161.49576, -105.609276), (-116.2207, 161.49576, -104.9827), (-114.86593, 159.15167, -98.17179), (-116.239586, 161.49576, -104.98082), (-116.303116, 160.93977, -103.32746), (-118.368805, 159.15167, -97.82678), (-118.36881, 160.99557, -103.28935), (-120.48422, 160.93842, -103.3284), (-125.23993, 159.15167, -99.19353), (-121.87167, 159.15167, -98.17179), (-120.54279, 161.45097, -104.85257), (-128.34413, 159.15167, -100.85276), (-122.58244, 161.49576, -105.609276), (-124.48605, 161.49576, -106.62677), (-126.1546, 161.49576, -107.99611), (-131.065, 159.15167, -103.085724), (-133.29794, 159.15167, -105.80658), (-127.523926, 161.49576, -109.66464), (-134.95717, 159.15167, -108.910774), (-128.54143, 161.49576, -111.568275), (-129.16803, 161.49574, -113.63382), (-135.97893, 159.15167, -112.27902), (-129.1715, 161.49574, -113.669044), (-130.87741, 160.92209, -113.7346), (-136.32393, 159.15166, -115.781906), (-130.91519, 160.9774, -115.781906), (-130.87589, 160.91986, -117.91155), (-134.95717, 159.15166, -122.653015), (-135.97893, 159.15166, -119.28477), (-129.3668, 161.42732, -117.96953), (-127.52394, 161.49573, -121.89917), (-120.70956, 162.76701, -118.12266), (-120.6933, 162.76799, -118.12276), (-115.63113, 162.40146, -122.39128), (-116.12214, 162.5235, -121.20587), (-116.136086, 162.40146, -122.54446), (-114.3943, 162.40146, -121.730194), (-113.31024, 162.40147, -120.84051), (-112.420525, 162.40147, -119.75642), (-111.75946, 162.40147, -118.5196), (-111.626366, 162.40147, -118.08087), (-107.58398, 161.49574, -117.977356), (-107.72524, 161.53302, -113.66477), (-107.56615, 161.49574, -113.669044), (-111.75944, 162.40149, -113.04422), (-112.420525, 162.40149, -111.80742), (-113.31024, 162.40149, -110.723305), (-114.39428, 162.40149, -109.83362), (-115.63113, 162.40149, -109.17253), (-116.13607, 162.40149, -109.019356), (-116.237305, 161.51573, -105.06612), (-120.65143, 162.40149, -109.034485), (-120.54791, 161.49576, -104.992096), (-121.10651, 162.40149, -109.17253), (-122.3433, 162.40149, -109.83364), (-123.427414, 162.40149, -110.723305), (-124.31708, 162.40149, -111.807396), (-124.978165, 162.40149, -113.04422), (-125.136314, 162.40149, -113.56553), (-129.01234, 161.53302, -113.66477), (-125.11127, 162.40147, -118.08087), (-128.54143, 161.49574, -119.99554), (-129.15366, 161.49574, -117.977356), (-124.31709, 162.40146, -119.75642), (-121.85759, 162.68279, -118.11304), (-116.10266, 162.69391, -119.17342), (-116.09385, 162.77097, -118.1231), (-116.02814, 162.76701, -118.12266), (-114.879974, 162.68279, -118.11304), (-112.78944, 162.5075, -118.092995), (-112.983315, 162.52747, -113.55114), (-111.6013, 162.40149, -113.56553), (-115.00119, 162.69667, -113.531784), (-116.09146, 162.77664, -113.52265), (-116.0933, 162.77579, -113.50634), (-116.10265, 162.69392, -112.390434), (-116.12214, 162.52351, -110.35794), (-120.663994, 162.51146, -110.240875), (-120.68388, 162.68555, -112.31713), (-120.69345, 162.7692, -113.4573), (-120.69389, 162.77315, -113.52305), (-121.73634, 162.69667, -113.531784), (-123.75432, 162.52747, -113.55114), (-123.94823, 162.5075, -118.092995), (-124.978165, 162.40147, -118.5196), (-116.0932, 162.77664, -113.52053), (-116.0932, 162.77664, -113.52265), (-118.36881, 160.9729, -128.34157), (-105.86297, 160.99107, -115.781906), (134.95717, 159.99678, -108.910774), (136.00746, 160.58008, -112.273346), (135.97893, 159.99678, -112.27902), (135.14977, 161.13634, -108.831), (136.18338, 161.13634, -112.23837), (135.14977, 161.13634, -108.831), (136.5903, 161.54924, -112.15741), (136.18338, 161.13634, -112.23837), (135.53308, 161.54924, -108.672226), (137.13852, 161.72772, -112.04834), (136.04947, 161.72772, -108.458305), (137.71335, 161.75667, -111.93397), (133.29794, 159.99678, -105.80658), (134.98407, 160.58008, -108.89964), (133.32213, 160.58008, -105.79039), (133.47124, 161.13634, -105.69077), (133.81624, 161.54924, -105.46024), (134.281, 161.72772, -105.14972), (136.59096, 161.75667, -108.23402), (131.08559, 160.58008, -103.06514), (133.47124, 161.13634, -105.69077), (131.21237, 161.13634, -102.938324), (131.901, 161.72772, -102.249695), (134.76833, 161.75667, -104.82409), (131.065, 159.99678, -103.085724), (128.3603, 160.58008, -100.82857), (131.08559, 160.58008, -103.06514), (131.21237, 161.13634, -102.938324), (128.45992, 161.13634, -100.67947), (131.50577, 161.54924, -102.64495), (128.69043, 161.54924, -100.33446), (129.00096, 161.72772, -99.8697), (132.31546, 161.75667, -101.83526), (125.239944, 159.99678, -99.19353), (128.34412, 159.99678, -100.85276), (125.251076, 160.58008, -99.16665), (128.45992, 161.13634, -100.67947), (125.319695, 161.13634, -99.00096), (125.69239, 161.72772, -98.10122), (129.32655, 161.75667, -99.38237), (121.87167, 159.99678, -98.17179), (121.87735, 160.58008, -98.143234), (125.319695, 161.13634, -99.00096), (121.993286, 161.54924, -97.56041), (125.47847, 161.54924, -98.61762), (122.21668, 161.75667, -96.437355), (125.91668, 161.75667, -97.559746), (114.86595, 159.99677, -133.392), (118.36881, 160.58006, -133.76613), (114.860275, 160.58006, -133.42056), (114.8253, 161.13632, -133.59644), (118.36881, 161.13632, -133.94545), (114.74437, 161.54922, -134.00337), (114.8253, 161.13632, -133.59644), (118.36881, 161.54922, -134.36038), (114.63532, 161.7277, -134.55162), (118.36879, 161.7277, -134.91933), (114.52097, 161.75665, -135.12646), (121.87167, 159.99677, -133.392), (118.36881, 159.99677, -133.737), (121.87735, 160.58006, -133.42056), (118.36881, 161.13632, -133.94545), (121.91235, 161.13632, -133.59647), (122.102325, 161.7277, -134.55162), (118.36879, 161.75665, -135.50543), (125.25105, 160.58006, -132.39714), (121.91235, 161.13632, -133.59647), (125.47847, 161.54922, -132.94617), (121.993286, 161.54922, -134.0034), (125.69237, 161.7277, -133.46257), (125.916626, 161.75665, -134.00407), (122.21668, 161.75665, -135.12646), (128.34412, 159.99677, -130.71103), (125.239944, 159.99677, -132.37025), (128.45992, 161.13632, -130.88435), (125.319695, 161.13632, -132.56284), (125.319695, 161.13632, -132.56284), (128.69046, 161.54922, -131.22932), (129.00098, 161.7277, -131.69406), (131.08556, 160.58006, -128.49864), (128.3603, 160.58006, -130.73521), (131.21237, 161.13632, -128.62546), (128.45992, 161.13632, -130.88435), (131.50577, 161.54922, -128.91887), (131.901, 161.7277, -129.3141), (129.32661, 161.75665, -132.1814), (133.29794, 159.99677, -125.75723), (131.08556, 160.58006, -128.49864), (131.065, 159.99677, -128.47809), (133.47124, 161.13632, -125.87302), (131.21237, 161.13632, -128.62546), (133.81624, 161.54922, -126.10352), (134.28098, 161.7277, -126.41407), (134.76833, 161.75665, -126.73973), (132.31546, 161.75665, -129.72853), (134.98404, 160.58006, -122.66417), (133.32213, 160.58006, -125.77338), (135.14973, 161.13632, -122.73278), (133.47124, 161.13632, -125.87302), (135.53308, 161.54922, -122.89156), (136.04947, 161.7277, -123.10544), (134.95717, 159.99677, -122.653015), (136.00746, 160.58006, -119.29044), (136.18338, 161.13632, -119.32545), (135.14973, 161.13632, -122.73278), (136.18338, 161.13632, -119.32545), (137.13852, 161.7277, -119.51547), (136.591, 161.75665, -123.32974), (136.32394, 159.99677, -115.781906), (135.97893, 159.99677, -119.28477), (136.53235, 161.13632, -115.781906), (136.94727, 161.54922, -115.781906), (136.5903, 161.54922, -119.4064), (137.50621, 161.7277, -115.781906), (138.09233, 161.75665, -115.781906), (137.71335, 161.75665, -119.62982), (136.35301, 160.58006, -115.781906), (136.53235, 161.13632, -115.781906), (118.36879, 161.72772, -96.644485), (118.36879, 161.75667, -96.05838), (122.102325, 161.72772, -97.0122), (118.36879, 161.54924, -97.20344), (118.36879, 161.13634, -97.61834), (118.36879, 161.13634, -97.61834), (118.36879, 160.58008, -97.79768), (118.36879, 159.99678, -97.82678), (114.63528, 161.72772, -97.0122), (114.52095, 161.75667, -96.437355), (114.74432, 161.54924, -97.56041), (114.82528, 161.13634, -97.96735), (114.86025, 160.58008, -98.143234), (114.82528, 161.13634, -97.96735), (114.86593, 159.99678, -98.17179), (111.04521, 161.72772, -98.10122), (110.8209, 161.75667, -97.559746), (111.25911, 161.54924, -98.61762), (111.417915, 161.13634, -99.00096), (111.417915, 161.13634, -99.00096), (111.48653, 160.58008, -99.16665), (111.49769, 159.99678, -99.19355), (107.736626, 161.72772, -99.86972), (107.410995, 161.75667, -99.38239), (108.04715, 161.54924, -100.33446), (108.27766, 161.13634, -100.67947), (108.3773, 160.58008, -100.82857), (108.27766, 161.13634, -100.67947), (108.39346, 159.99678, -100.85278), (104.8366, 161.72772, -102.249695), (104.422165, 161.75667, -101.83528), (105.231834, 161.54924, -102.64495), (105.52523, 161.13634, -102.938324), (105.52523, 161.13634, -102.938324), (105.65202, 160.58008, -103.06514), (105.67261, 159.99678, -103.085724), (102.456604, 161.72772, -105.14972), (101.96928, 161.75667, -104.82409), (102.92134, 161.54924, -105.46024), (103.26635, 161.13634, -105.69077), (105.52523, 161.13634, -102.938324), (103.41548, 160.58008, -105.79039), (103.26635, 161.13634, -105.69077), (105.65202, 160.58008, -103.06514), (103.43967, 159.99678, -105.80658), (100.6881, 161.72772, -108.45833), (100.14663, 161.75667, -108.23404), (101.20453, 161.54924, -108.672226), (101.58787, 161.13634, -108.831), (101.75353, 160.58008, -108.89964), (101.58787, 161.13634, -108.831), (101.78043, 159.99678, -108.910774), (99.599106, 161.72772, -112.04839), (99.02426, 161.75667, -111.93401), (100.147316, 161.54924, -112.15744), (100.55425, 161.13634, -112.23837), (100.55425, 161.13634, -112.23837), (100.73014, 160.58008, -112.27337), (100.7587, 159.99678, -112.279045), (98.64529, 161.75665, -115.781906), (99.23139, 161.7277, -115.781906), (99.790344, 161.54922, -115.781906), (100.205246, 161.13632, -115.781906), (100.205246, 161.13632, -115.781906), (100.38459, 160.58006, -115.781906), (100.41369, 159.99677, -115.781906), (99.02426, 161.75665, -119.6298), (99.599106, 161.7277, -119.51545), (100.147316, 161.54922, -119.4064), (100.55425, 161.13632, -119.32547), (100.55425, 161.13632, -119.32547), (100.73016, 160.58006, -119.29047), (100.7587, 159.99677, -119.28479), (100.14665, 161.75665, -123.329796), (100.688156, 161.7277, -123.10551), (101.20455, 161.54922, -122.89159), (101.58787, 161.13632, -122.73281), (101.753586, 160.58006, -122.66419), (101.58787, 161.13632, -122.73281), (101.780464, 159.99677, -122.65306), (102.45663, 161.7277, -126.41409), (101.96931, 161.75665, -126.73973), (102.921394, 161.54922, -126.10357), (103.26637, 161.13632, -125.87304), (103.41548, 160.58006, -125.77342), (103.26637, 161.13632, -125.87304), (103.43969, 159.99677, -125.75723), (104.42219, 161.75665, -129.72856), (104.836624, 161.7277, -129.31412), (105.23186, 161.54922, -128.91888), (105.52525, 161.13632, -128.62549), (105.65205, 160.58006, -128.4987), (105.52525, 161.13632, -128.62549), (105.67266, 159.99677, -128.47809), (107.41102, 161.75665, -132.18144), (107.736626, 161.7277, -131.69409), (108.04717, 161.54922, -131.22935), (108.27768, 161.13632, -130.88435), (108.27768, 161.13632, -130.88435), (105.65205, 160.58006, -128.4987), (108.37732, 160.58006, -130.73524), (108.393486, 159.99677, -130.71103), (111.045265, 161.7277, -133.46259), (110.82098, 161.75665, -134.00407), (111.259155, 161.54922, -132.9462), (111.41794, 161.13632, -132.56285), (111.41794, 161.13632, -132.56285), (111.48658, 160.58006, -132.39716), (111.49771, 159.99677, -132.37025), (131.065, 159.99678, -103.085724), (131.21237, 161.13634, -102.938324), (121.91235, 161.13634, -97.96735), (121.91235, 161.13634, -97.96735), (131.065, 159.99677, -128.47809), (131.21237, 161.13632, -128.62546), (105.67261, 159.99678, -103.085724), (105.52525, 161.13632, -128.62549), (105.67266, 159.99677, -128.47809), (-122.21667, 161.75665, -135.12646), (-118.368805, 161.7277, -134.91933), (-118.368805, 161.75665, -135.50543), (-122.102325, 161.7277, -134.55162), (-118.36881, 161.54922, -134.36038), (-121.993286, 161.54922, -134.0034), (-118.36881, 161.13632, -133.94545), (-118.36881, 161.13632, -133.94545), (-121.87735, 160.58006, -133.42056), (-118.36881, 160.58006, -133.76613), (-118.36881, 159.99677, -133.737), (-114.52097, 161.75665, -135.12646), (-114.635315, 161.7277, -134.55162), (-114.744354, 161.54922, -134.00337), (-114.8253, 161.13632, -133.59644), (-114.86029, 160.58006, -133.42056), (-114.8253, 161.13632, -133.59644), (-114.86597, 159.99677, -133.392), (-125.91664, 161.75665, -134.00407), (-125.69235, 161.7277, -133.46257), (-125.47847, 161.54922, -132.94617), (-121.91234, 161.13632, -133.59644), (-125.319695, 161.13632, -132.56284), (-121.91234, 161.13632, -133.59644), (-125.251076, 160.58006, -132.39714), (-121.87167, 159.99677, -133.392), (-111.045265, 161.7277, -133.46259), (-110.82098, 161.75665, -134.00407), (-111.259155, 161.54922, -132.9462), (-111.41794, 161.13632, -132.56284), (-111.48658, 160.58006, -132.39716), (-111.41794, 161.13632, -132.56284), (-111.49771, 159.99677, -132.37025), (-107.41102, 161.75665, -132.18144), (-107.73665, 161.7277, -131.69409), (-108.04717, 161.54922, -131.22935), (-108.277695, 161.13632, -130.88435), (-108.37732, 160.58006, -130.73524), (-108.277695, 161.13632, -130.88435), (-108.393486, 159.99677, -130.71103), (-104.42219, 161.75665, -129.72856), (-104.83661, 161.7277, -129.31412), (-105.23185, 161.54922, -128.91891), (-105.525246, 161.13632, -128.62549), (-105.525246, 161.13632, -128.62549), (-105.65205, 160.58006, -128.4987), (-105.672646, 159.99677, -128.47809), (-102.45663, 161.7277, -126.41409), (-101.9693, 161.75665, -126.73973), (-102.92138, 161.54922, -126.10357), (-103.26637, 161.13632, -125.87304), (-105.525246, 161.13632, -128.62549), (-103.41549, 160.58006, -125.77342), (-103.26637, 161.13632, -125.87304), (-105.65205, 160.58006, -128.4987), (-103.43968, 159.99677, -125.75723), (-100.14666, 161.75665, -123.329796), (-100.68815, 161.7277, -123.10551), (-101.204544, 161.54922, -122.89159), (-101.587875, 161.13632, -122.73281), (-101.75356, 160.58006, -122.66419), (-101.587875, 161.13632, -122.73281), (-101.78046, 159.99677, -122.65306), (-99.5991, 161.7277, -119.51545), (-99.02426, 161.75665, -119.6298), (-100.147316, 161.54922, -119.4064), (-100.55426, 161.13632, -119.32547), (-100.73015, 160.58006, -119.29047), (-100.55426, 161.13632, -119.32547), (-100.7587, 159.99677, -119.28479), (-98.64529, 161.75665, -115.781906), (-99.23139, 161.7277, -115.781906), (-99.79034, 161.54922, -115.781906), (-100.205246, 161.13632, -115.781906), (-100.38459, 160.58006, -115.781906), (-100.205246, 161.13632, -115.781906), (-100.4137, 159.99677, -115.781906), (-99.599106, 161.72772, -112.04839), (-99.02426, 161.75667, -111.93401), (-100.14731, 161.54924, -112.15744), (-100.55426, 161.13634, -112.23837), (-100.73015, 160.58008, -112.27337), (-100.55426, 161.13634, -112.23837), (-100.7587, 159.99678, -112.279045), (-100.68812, 161.72772, -108.45833), (-100.14663, 161.75667, -108.23404), (-101.20453, 161.54924, -108.672226), (-101.58786, 161.13634, -108.831), (-101.75355, 160.58008, -108.89964), (-101.58786, 161.13634, -108.831), (-101.78043, 159.99678, -108.910774), (-101.96928, 161.75667, -104.82409), (-102.45661, 161.72772, -105.14972), (-102.921364, 161.54924, -105.46024), (-103.26635, 161.13634, -105.69077), (-103.41547, 160.58008, -105.79039), (-103.26635, 161.13634, -105.69077), (-103.43967, 159.99678, -105.80658), (-104.8366, 161.72772, -102.249695), (-104.422165, 161.75667, -101.83528), (-105.231834, 161.54924, -102.64495), (-105.52523, 161.13634, -102.938324), (-105.65202, 160.58008, -103.06514), (-105.52523, 161.13634, -102.938324), (-105.67262, 159.99678, -103.085724), (-107.410995, 161.75667, -99.38239), (-107.73661, 161.72772, -99.86972), (-108.04715, 161.54924, -100.33446), (-108.27766, 161.13634, -100.67947), (-105.52523, 161.13634, -102.938324), (-108.3773, 160.58008, -100.82857), (-108.27766, 161.13634, -100.67947), (-105.67262, 159.99678, -103.085724), (-108.39346, 159.99678, -100.85278), (-111.04521, 161.72772, -98.10122), (-110.820915, 161.75667, -97.559746), (-111.25912, 161.54924, -98.61762), (-111.417915, 161.13634, -99.000984), (-111.48653, 160.58008, -99.16665), (-111.417915, 161.13634, -99.000984), (-111.49767, 159.99678, -99.19355), (-114.63528, 161.72772, -97.0122), (-114.520935, 161.75667, -96.437355), (-114.74432, 161.54924, -97.56041), (-114.825264, 161.13634, -97.96735), (-114.86025, 160.58008, -98.143234), (-114.825264, 161.13634, -97.96735), (-114.86593, 159.99678, -98.17179), (-118.368805, 161.72772, -96.644485), (-118.368805, 161.75667, -96.05838), (-118.368805, 161.54924, -97.20344), (-118.368805, 161.13634, -97.61834), (-118.368805, 160.58008, -97.79768), (-118.368805, 161.13634, -97.61834), (-118.368805, 159.99678, -97.82678), (-122.102325, 161.72772, -97.0122), (-122.21667, 161.75667, -96.437355), (-121.993286, 161.54924, -97.56041), (-121.91234, 161.13634, -97.96735), (-121.87735, 160.58008, -98.143234), (-121.91234, 161.13634, -97.96735), (-121.87167, 159.99678, -98.17179), (-125.69239, 161.72772, -98.10122), (-125.91669, 161.75667, -97.559746), (-125.478485, 161.54924, -98.61762), (-125.319695, 161.13634, -99.00096), (-125.251076, 160.58008, -99.16665), (-125.319695, 161.13634, -99.00096), (-125.23993, 159.99678, -99.19353), (-129.32657, 161.75667, -99.38237), (-129.00096, 161.72772, -99.8697), (-128.69043, 161.54924, -100.33446), (-128.45992, 161.13634, -100.67947), (-128.36029, 160.58008, -100.82857), (-128.45992, 161.13634, -100.67947), (-128.34413, 159.99678, -100.85276), (-132.31544, 161.75667, -101.83526), (-131.901, 161.72772, -102.249695), (-131.50577, 161.54924, -102.64493), (-131.21239, 161.13634, -102.938324), (-131.08559, 160.58008, -103.06514), (-131.21239, 161.13634, -102.938324), (-131.065, 159.99678, -103.085724), (-134.281, 161.72772, -105.14972), (-134.76833, 161.75667, -104.82409), (-133.81624, 161.54924, -105.46024), (-133.47125, 161.13634, -105.69077), (-133.47125, 161.13634, -105.69077), (-131.08559, 160.58008, -103.06514), (-133.32214, 160.58008, -105.79039), (-133.29794, 159.99678, -105.80658), (-136.04948, 161.72772, -108.458305), (-136.59096, 161.75667, -108.23402), (-135.53308, 161.54924, -108.672226), (-135.14975, 161.13634, -108.831), (-134.98407, 160.58008, -108.89964), (-135.14975, 161.13634, -108.831), (-134.95717, 159.99678, -108.910774), (-137.71335, 161.75667, -111.93397), (-137.13852, 161.72772, -112.04834), (-136.5903, 161.54924, -112.15739), (-136.5903, 161.54924, -112.15739), (-136.18338, 161.13634, -112.23837), (-136.00748, 160.58008, -112.273346), (-135.97893, 159.99678, -112.27902), (-137.50612, 161.7277, -115.90016), (-138.09216, 161.75665, -115.95878), (-136.94724, 161.54922, -115.84425), (-136.53235, 161.13632, -115.80274), (-136.94724, 161.54922, -115.84425), (-136.35304, 160.58006, -115.78482), (-136.32393, 159.99677, -115.781906), (-137.13852, 161.7277, -119.51547), (-137.71335, 161.75665, -119.62982), (-136.5903, 161.54922, -119.4064), (-136.18338, 161.13632, -119.32545), (-136.00748, 160.58006, -119.29044), (-136.18338, 161.13632, -119.32545), (-135.97893, 159.99677, -119.28477), (-136.59099, 161.75665, -123.32974), (-136.04947, 161.7277, -123.10544), (-135.53308, 161.54922, -122.89156), (-135.14973, 161.13632, -122.73278), (-134.98404, 160.58006, -122.66417), (-135.14973, 161.13632, -122.73278), (-134.95717, 159.99677, -122.653015), (-134.28098, 161.7277, -126.41407), (-134.76831, 161.75665, -126.73973), (-133.81624, 161.54922, -126.10352), (-133.47124, 161.13632, -125.87302), (-133.32213, 160.58006, -125.77338), (-133.47124, 161.13632, -125.87302), (-133.29794, 159.99677, -125.75723), (-131.901, 161.7277, -129.3141), (-132.31546, 161.75665, -129.72853), (-131.50577, 161.54922, -128.91887), (-131.21237, 161.13632, -128.62546), (-131.08556, 160.58006, -128.49864), (-131.21237, 161.13632, -128.62546), (-131.065, 159.99677, -128.47809), (-129.32663, 161.75665, -132.1814), (-129.00098, 161.7277, -131.69406), (-128.69044, 161.54922, -131.22932), (-128.45992, 161.13632, -130.88435), (-131.21237, 161.13632, -128.62546), (-128.36028, 160.58006, -130.73521), (-128.45992, 161.13632, -130.88435), (-131.08556, 160.58006, -128.49864), (-128.34413, 159.99677, -130.71103), (-125.319695, 161.13632, -132.56284), (-125.23993, 159.99677, -132.37025), (-105.672646, 159.99677, -128.47809), (-105.65202, 160.58008, -103.06514), (-131.21239, 161.13634, -102.938324), (-131.065, 159.99678, -103.085724), (-131.065, 159.99677, -128.47809), (122.21668, 161.75671, 135.12637), (118.36879, 161.72775, 134.91925), (118.36879, 161.75671, 135.50534), (122.102325, 161.72775, 134.55154), (118.36881, 161.54929, 134.3603), (121.993286, 161.54929, 134.00333), (118.36881, 161.13637, 133.94537), (118.36881, 161.13637, 133.94537), (121.87735, 160.58011, 133.42049), (118.36881, 160.58011, 133.76605), (118.36881, 159.99681, 133.73694), (114.63532, 161.72775, 134.55154), (114.52097, 161.75671, 135.12637), (114.74437, 161.54929, 134.00331), (114.8253, 161.13637, 133.59637), (114.860275, 160.58011, 133.42049), (114.8253, 161.13637, 133.59637), (114.86595, 159.99681, 133.39194), (125.916626, 161.75671, 134.00401), (125.69237, 161.72775, 133.4625), (125.47847, 161.54929, 132.94609), (121.91235, 161.13637, 133.59637), (125.319695, 161.13637, 132.56276), (121.91235, 161.13637, 133.59637), (125.239944, 159.99681, 132.37018), (121.87167, 159.99681, 133.39194), (111.045265, 161.72775, 133.46252), (110.82098, 161.75671, 134.00401), (111.259155, 161.54929, 132.9461), (111.41794, 161.13637, 132.56277), (111.48658, 160.58011, 132.3971), (111.41794, 161.13637, 132.56277), (111.49771, 159.99681, 132.3702), (107.41102, 161.75671, 132.18135), (107.73665, 161.72775, 131.69402), (108.04717, 161.54929, 131.22928), (108.2777, 161.13637, 130.88428), (108.37732, 160.58011, 130.73517), (108.2777, 161.13637, 130.88428), (108.393486, 159.99681, 130.71097), (104.836624, 161.72775, 129.31406), (104.42219, 161.75671, 129.72849), (105.231834, 161.54929, 128.91882), (105.52525, 161.13637, 128.62543), (105.65205, 160.58011, 128.49863), (105.52525, 161.13637, 128.62543), (105.67266, 159.99681, 128.47803), (102.45663, 161.72775, 126.414024), (101.96931, 161.75671, 126.73964), (102.921394, 161.54929, 126.103485), (103.26637, 161.13637, 125.87296), (103.26637, 161.13637, 125.87296), (105.65205, 160.58011, 128.49863), (103.41548, 160.58011, 125.77334), (103.43969, 159.99681, 125.75717), (100.14665, 161.75671, 123.329735), (100.688156, 161.72775, 123.10544), (101.20455, 161.54929, 122.891525), (101.58787, 161.13637, 122.732735), (101.753555, 160.58011, 122.664116), (101.58787, 161.13637, 122.732735), (101.780464, 159.99681, 122.65298), (99.599106, 161.72775, 119.51537), (99.02426, 161.75671, 119.629715), (100.147316, 161.54929, 119.40633), (100.55425, 161.13637, 119.32538), (100.73016, 160.58011, 119.2904), (100.55425, 161.13637, 119.32538), (100.7587, 159.99681, 119.28472), (98.64529, 161.75671, 115.781845), (99.23139, 161.72775, 115.781845), (99.790344, 161.54929, 115.781845), (100.205246, 161.13637, 115.781845), (100.38459, 160.58011, 115.781845), (100.205246, 161.13637, 115.781845), (100.41369, 159.99681, 115.781845), (99.599106, 161.72774, 112.0483), (99.02426, 161.7567, 111.93395), (100.147316, 161.54927, 112.157364), (100.55425, 161.13635, 112.2383), (100.73016, 160.5801, 112.27329), (100.55425, 161.13635, 112.2383), (100.7587, 159.9968, 112.27897), (100.6881, 161.72774, 108.45825), (100.14663, 161.7567, 108.23397), (101.20453, 161.54927, 108.67215), (101.58787, 161.13635, 108.83093), (101.75353, 160.5801, 108.899574), (101.58787, 161.13635, 108.83093), (101.78043, 159.9968, 108.910706), (101.96928, 161.7567, 104.82403), (102.456604, 161.72774, 105.14964), (102.921364, 161.54927, 105.46018), (103.26635, 161.13635, 105.69069), (103.41548, 160.5801, 105.79033), (103.26635, 161.13635, 105.69069), (103.43967, 159.9968, 105.806496), (104.8366, 161.72774, 102.24963), (104.422165, 161.7567, 101.83519), (105.231834, 161.54927, 102.64487), (105.52523, 161.13635, 102.938255), (105.65202, 160.5801, 103.06506), (105.52523, 161.13635, 102.938255), (105.67261, 159.9968, 103.08565), (107.736626, 161.72774, 99.869644), (107.410995, 161.7567, 99.38232), (108.04715, 161.54927, 100.3344), (108.27766, 161.13635, 100.67939), (108.27766, 161.13635, 100.67939), (105.65202, 160.5801, 103.06506), (108.3773, 160.5801, 100.82851), (105.67261, 159.9968, 103.08565), (108.39346, 159.9968, 100.85271), (110.8209, 161.7567, 97.55967), (111.04521, 161.72774, 98.10116), (111.25911, 161.54927, 98.61756), (111.417915, 161.13635, 99.0009), (111.48653, 160.5801, 99.16657), (111.417915, 161.13635, 99.0009), (111.49769, 159.9968, 99.19347), (114.52095, 161.7567, 96.43728), (114.63528, 161.72774, 97.012115), (114.74432, 161.54927, 97.56034), (114.82528, 161.13635, 97.96728), (114.86025, 160.5801, 98.143166), (114.82528, 161.13635, 97.96728), (114.86593, 159.9968, 98.171715), (118.36879, 161.72774, 96.6444), (118.36879, 161.7567, 96.0583), (118.36879, 161.54927, 97.20335), (118.36879, 161.13635, 97.61827), (118.36879, 160.5801, 97.79761), (118.36879, 161.13635, 97.61827), (118.36879, 159.9968, 97.826706), (122.102325, 161.72774, 97.01212), (122.21668, 161.7567, 96.43728), (121.993286, 161.54927, 97.56033), (121.91235, 161.13635, 97.96728), (121.87735, 160.5801, 98.143166), (121.91235, 161.13635, 97.96728), (121.87167, 159.9968, 98.171715), (125.91668, 161.7567, 97.55966), (125.69239, 161.72774, 98.10115), (125.47847, 161.54927, 98.61756), (125.319695, 161.13635, 99.000885), (125.251076, 160.5801, 99.16657), (125.319695, 161.13635, 99.000885), (125.239944, 159.9968, 99.19346), (129.32655, 161.7567, 99.38229), (129.00096, 161.72774, 99.86962), (128.69043, 161.54927, 100.33439), (128.45992, 161.13635, 100.67938), (128.3603, 160.5801, 100.82849), (128.45992, 161.13635, 100.67938), (128.34412, 159.9968, 100.85269), (131.901, 161.72774, 102.24962), (132.31544, 161.7567, 101.83518), (131.50577, 161.54927, 102.64486), (131.21237, 161.13635, 102.93825), (131.21237, 161.13635, 102.93825), (131.08559, 160.5801, 103.06506), (131.065, 159.9968, 103.08564), (134.281, 161.72774, 105.14964), (134.76833, 161.7567, 104.82403), (133.81624, 161.54927, 105.46017), (133.47125, 161.13635, 105.6907), (131.21237, 161.13635, 102.93825), (133.32214, 160.5801, 105.79031), (133.47125, 161.13635, 105.6907), (131.08559, 160.5801, 103.06506), (133.29794, 159.9968, 105.806496), (136.59096, 161.7567, 108.23395), (136.04947, 161.72774, 108.45823), (135.53308, 161.54927, 108.67215), (135.14977, 161.13635, 108.83093), (134.98407, 160.5801, 108.89956), (135.14977, 161.13635, 108.83093), (134.95717, 159.9968, 108.910706), (137.71335, 161.7567, 111.93391), (137.13852, 161.72774, 112.04827), (136.5903, 161.54927, 112.157326), (136.18338, 161.13635, 112.2383), (136.00746, 160.5801, 112.27327), (136.18338, 161.13635, 112.2383), (135.97893, 159.9968, 112.27896), (138.09233, 161.75671, 115.78182), (137.50621, 161.72775, 115.78182), (136.94727, 161.54929, 115.78182), (136.53235, 161.13637, 115.78182), (136.35301, 160.58011, 115.78182), (136.53235, 161.13637, 115.78182), (136.32394, 159.99681, 115.78182), (137.13852, 161.72775, 119.515396), (137.71335, 161.75671, 119.629745), (136.5903, 161.54929, 119.40633), (136.18338, 161.13637, 119.32537), (136.00746, 160.58011, 119.29037), (136.18338, 161.13637, 119.32537), (135.97893, 159.99681, 119.28469), (136.591, 161.75671, 123.32966), (136.04947, 161.72775, 123.10537), (135.53308, 161.54929, 122.89149), (135.14973, 161.13637, 122.73271), (134.98404, 160.58011, 122.66408), (135.14973, 161.13637, 122.73271), (134.95717, 159.99681, 122.65295), (134.28098, 161.72775, 126.413994), (134.76833, 161.75671, 126.73964), (133.81624, 161.54929, 126.10346), (133.47124, 161.13637, 125.87294), (133.47124, 161.13637, 125.87294), (133.32213, 160.58011, 125.77331), (133.29794, 159.99681, 125.75714), (131.901, 161.72775, 129.31403), (132.31546, 161.75671, 129.72847), (131.50577, 161.54929, 128.9188), (131.21237, 161.13637, 128.6254), (131.08556, 160.58011, 128.49858), (131.21237, 161.13637, 128.6254), (131.065, 159.99681, 128.47801), (129.32661, 161.75671, 132.18134), (129.00098, 161.72775, 131.694), (128.69046, 161.54929, 131.22925), (128.45992, 161.13637, 130.88426), (131.21237, 161.13637, 128.6254), (128.36028, 160.58011, 130.73514), (128.45992, 161.13637, 130.88426), (131.08556, 160.58011, 128.49858), (128.34412, 159.99681, 130.71095), (125.319695, 161.13637, 132.56276), (125.251076, 160.58011, 132.39706), (105.52525, 161.13637, 128.62543), (105.67266, 159.99681, 128.47803), (105.52523, 161.13635, 102.938255), (131.065, 159.9968, 103.08564), (131.065, 159.99681, 128.47801)]
            texCoord2f[] primvars:st0 = [(0.2203, 0.631599), (0.219312, 0.627186), (0.234268, 0.624381), (0.31118, 0.63028896), (0.3113, 0.628972), (0.326255, 0.631867), (0.195382, 0.62972796), (0.195382, 0.633489), (0.210656, 0.630587), (0.21074, 0.631734), (0.210656, 0.630587), (0.195382, 0.633489), (0.20937, 0.622591), (0.209348, 0.62249804), (0.195382, 0.62972796), (0.208717, 0.62062), (0.195382, 0.62972796), (0.209348, 0.62249804), (0.210656, 0.630587), (0.210469, 0.628368), (0.370272, 0.804618), (0.379384, 0.791278), (0.377521, 0.79065204), (0.377521, 0.79065204), (0.377347, 0.790611), (0.370272, 0.804618), (0.234268, 0.624381), (0.220933, 0.633489), (0.22035, 0.631752), (0.22035, 0.631752), (0.234268, 0.624381), (0.219312, 0.627186), (0.219192, 0.62586904), (0.234268, 0.624381), (0.219002, 0.623603), (0.218912, 0.62237597), (0.234268, 0.62062097), (0.312338, 0.624407), (0.312896, 0.622743), (0.009558, 0.601341), (0.007306, 0.60140204), (0.008035, 0.588006), (0.255698, 0.586428), (0.25568, 0.586427), (0.257452, 0.571073), (0.246228, 0.58496404), (0.244581, 0.584411), (0.253692, 0.571073), (0.381102, 0.611707), (0.379346, 0.627071), (0.381103, 0.611707), (0.383107, 0.627071), (0.392228, 0.613716), (0.390411, 0.613105), (0.390411, 0.613105), (0.390237, 0.613064), (0.383107, 0.627071), (0.244973, 0.612098), (0.229608, 0.610342), (0.229609, 0.610324), (0.229608, 0.610339), (0.229609, 0.610324), (0.229608, 0.610342), (0.229698, 0.609106), (0.229884, 0.606887), (0.244973, 0.608337), (0.230017, 0.605425), (0.230984, 0.60111), (0.244973, 0.608337), (0.231006, 0.601017), (0.231612, 0.599212), (0.030669, 0.626503), (0.044029, 0.635628), (0.044635, 0.63382304), (0.381866, 0.781088), (0.366511, 0.779333), (0.366601, 0.778106), (0.366911, 0.774523), (0.3679, 0.77011), (0.381866, 0.777327), (0.367949, 0.769957), (0.368533, 0.76822), (0.381866, 0.777327), (0.366791, 0.77584), (0.366911, 0.774523), (0.381866, 0.777327), (0.368374, 0.758302), (0.366511, 0.757676), (0.375623, 0.744336), (0.370272, 0.72119296), (0.379382, 0.707855), (0.377735, 0.707301), (0.377735, 0.707301), (0.377502, 0.70722604), (0.370272, 0.72119296), (0.373089, 0.70623803), (0.371819, 0.70612204), (0.370272, 0.72119296), (0.377502, 0.70722604), (0.373089, 0.70623803), (0.362664, 0.979635), (0.362663, 0.979635), (0.36442, 0.995), (0.353356, 0.981034), (0.351537, 0.981645), (0.360659, 0.995), (0.244973, 0.612098), (0.229698, 0.609106), (0.044635, 0.63382304), (0.044658, 0.63373), (0.030669, 0.626503), (0.045943, 0.625734), (0.046034, 0.624516), (0.030669, 0.622742), (0.046035, 0.62450004), (0.046035, 0.624498), (0.046034, 0.624516), (0.030669, 0.622742), (0.045943, 0.625734), (0.046034, 0.624516), (0.046035, 0.624498), (0.030669, 0.622742), (0.018355, 0.648463), (0.018416, 0.646226), (0.005, 0.646936), (0.368936, 0.958112), (0.366627, 0.958049), (0.36741, 0.97147), (0.368133, 0.673747), (0.377253, 0.6871), (0.37565, 0.687639), (0.37565, 0.687639), (0.375417, 0.687714), (0.368133, 0.673747), (0.366127, 0.689106), (0.364372, 0.673747), (0.366199, 0.689102), (0.3113, 0.628972), (0.312289, 0.624559), (0.326255, 0.631867), (0.00876, 0.43241203), (0.017881, 0.41905898), (0.016279, 0.41851997), (0.529972, 0.922177), (0.528718, 0.922269), (0.526945, 0.906915), (0.537936, 0.92088103), (0.533523, 0.92187), (0.530705, 0.906915), (0.538073, 0.89874), (0.53807, 0.89874), (0.539829, 0.883375), (0.528764, 0.897341), (0.526945, 0.89673), (0.536067, 0.883375), (0.54231, 0.866084), (0.528951, 0.875209), (0.528343, 0.873404), (0.528343, 0.873404), (0.528322, 0.873311), (0.54231, 0.866084), (0.527036, 0.865315), (0.526945, 0.864097), (0.54231, 0.862323), (0.526945, 0.864082), (0.526945, 0.864079), (0.526945, 0.864097), (0.54231, 0.862323), (0.527036, 0.865315), (0.526945, 0.864097), (0.526945, 0.864079), (0.54231, 0.862323), (0.486362, 0.926548), (0.486302, 0.924311), (0.499716, 0.925022), (0.532254, 0.921986), (0.530705, 0.906915), (0.016279, 0.41851997), (0.016046, 0.418445), (0.00876, 0.43241203), (0.011633, 0.41745597), (0.010362, 0.417341), (0.006756, 0.41705298), (0.005, 0.43241203), (0.006826, 0.41705698), (0.016046, 0.418445), (0.011633, 0.41745597), (0.571967, 0.989661), (0.571847, 0.988344), (0.556893, 0.991239), (0.566819, 0.744521), (0.56684, 0.74442804), (0.580807, 0.75165796), (0.567472, 0.74255), (0.580807, 0.75165796), (0.56684, 0.74442804), (0.584183, 0.979639), (0.593295, 0.992979), (0.591433, 0.993605), (0.591433, 0.993605), (0.59126, 0.993646), (0.584183, 0.979639), (0.017835, 0.406191), (0.031168, 0.415299), (0.031751, 0.413561), (0.031751, 0.413561), (0.031802, 0.413409), (0.017835, 0.406191), (0.60434, 0.966758), (0.58898, 0.965002), (0.604335, 0.96683), (0.229609, 0.610324), (0.229698, 0.609106), (0.244973, 0.612098), (0.230984, 0.60111), (0.231006, 0.601017), (0.244973, 0.608337), (0.253198, 0.607534), (0.266554, 0.60906), (0.253138, 0.609771), (0.398645, 0.752895), (0.39689, 0.76825297), (0.396818, 0.76824903), (0.387599, 0.766861), (0.387366, 0.766786), (0.394884, 0.752895), (0.385763, 0.76624703), (0.394884, 0.752895), (0.387366, 0.766786), (0.390042, 0.981642), (0.391568, 0.995), (0.392351, 0.98158), (0.604338, 0.74844897), (0.591002, 0.757558), (0.590371, 0.755679), (0.590371, 0.755679), (0.590349, 0.755586), (0.604338, 0.74844897), (0.589383, 0.751271), (0.589249, 0.749809), (0.604338, 0.74844897), (0.590349, 0.755586), (0.589383, 0.751271), (0.368266, 0.705837), (0.366511, 0.72119296), (0.368283, 0.70583797), (0.603934, 0.971658), (0.604054, 0.970341), (0.58898, 0.968763), (0.58898, 0.965002), (0.604244, 0.968074), (0.604335, 0.96683), (0.306616, 0.440907), (0.308139, 0.427572), (0.308869, 0.44096798), (0.30965, 0.427572), (0.311175, 0.440906), (0.494858, 0.821731), (0.510214, 0.819977), (0.510123, 0.81875), (0.508775, 0.810601), (0.508191, 0.808863), (0.494858, 0.817971), (0.509933, 0.816483), (0.509813, 0.815166), (0.494858, 0.817971), (0.52239, 0.814182), (0.520528, 0.81480896), (0.52964, 0.828149), (0.528699, 0.92227), (0.526945, 0.906915), (0.528718, 0.922269), (0.539817, 0.920252), (0.538169, 0.920806), (0.538169, 0.920806), (0.537936, 0.92088103), (0.530705, 0.906915), (0.031802, 0.413409), (0.032789, 0.408996), (0.4927, 0.714521), (0.491734, 0.71020496), (0.477745, 0.717432), (0.49302, 0.71820104), (0.492834, 0.71598196), (0.477745, 0.717432), (0.49311, 0.719434), (0.493109, 0.719419), (0.49311, 0.719437), (0.477745, 0.72119296), (0.49311, 0.719437), (0.493109, 0.719419), (0.418219, 0.993602), (0.418045, 0.993642), (0.410915, 0.979635), (0.410915, 0.979635), (0.420037, 0.99299), (0.418219, 0.993602), (0.40891, 0.995), (0.407154, 0.979635), (0.408912, 0.995), (0.588721, 0.76712203), (0.588489, 0.767196), (0.59595, 0.781088), (0.308922, 0.448964), (0.306616, 0.449026), (0.308139, 0.462359), (0.369547, 0.950078), (0.368763, 0.936683), (0.368035, 0.950078), (0.3679, 0.77011), (0.367949, 0.769957), (0.381866, 0.777327), (0.368547, 0.758343), (0.368374, 0.758302), (0.375623, 0.744336), (0.369547, 0.950078), (0.37107, 0.936745), (0.368763, 0.936683), (0.353529, 0.980993), (0.353356, 0.981034), (0.360659, 0.995), (0.045757, 0.627953), (0.045943, 0.625734), (0.030669, 0.626503), (0.527221, 0.867534), (0.527036, 0.865315), (0.54231, 0.866084), (0.312289, 0.624559), (0.312338, 0.624407), (0.326255, 0.631867), (0.528937, 0.897382), (0.528764, 0.897341), (0.536067, 0.883375), (0.032789, 0.408996), (0.032909, 0.40767902), (0.017835, 0.406191), (0.522565, 0.81414104), (0.52239, 0.814182), (0.52964, 0.828149), (0.30965, 0.427572), (0.308869, 0.44096798), (0.308139, 0.427572), (0.246461, 0.585039), (0.246228, 0.58496404), (0.253692, 0.571073), (0.033099, 0.40541202), (0.03319, 0.404185), (0.017835, 0.402431), (0.229884, 0.606887), (0.230017, 0.605425), (0.244973, 0.608337), (0.491712, 0.710112), (0.491105, 0.708307), (0.477745, 0.717432), (0.597956, 0.765733), (0.597939, 0.765734), (0.599712, 0.781088), (0.265973, 0.62235904), (0.281334, 0.62060404), (0.265977, 0.62243104), (0.242442, 0.62438), (0.25643, 0.631518), (0.257397, 0.62720203), (0.588489, 0.767196), (0.586841, 0.76775), (0.59595, 0.781088), (0.266379, 0.62725997), (0.266258, 0.625943), (0.281334, 0.624365), (0.257397, 0.62720203), (0.257531, 0.62574), (0.242442, 0.62438), (0.256409, 0.631611), (0.25643, 0.631518), (0.242442, 0.62438), (0.281334, 0.62060404), (0.266068, 0.623676), (0.265977, 0.62243104), (0.255777, 0.633489), (0.256409, 0.631611), (0.383456, 0.958654), (0.379043, 0.959642), (0.386327, 0.973609), (0.377207, 0.960256), (0.37881, 0.959717), (0.379043, 0.959642), (0.37881, 0.959717), (0.386327, 0.973609), (0.366511, 0.936744), (0.368035, 0.950078), (0.492834, 0.71598196), (0.4927, 0.714521), (0.384725, 0.958538), (0.383456, 0.958654), (0.386327, 0.973609), (0.390088, 0.973609), (0.388333, 0.95825), (0.388261, 0.958255), (0.41837, 0.74229896), (0.405015, 0.74382496), (0.418431, 0.74453604), (0.491734, 0.71020496), (0.491712, 0.710112), (0.477745, 0.717432), (0.493109, 0.719419), (0.49302, 0.71820104), (0.477745, 0.72119296), (0.477745, 0.72119296), (0.49302, 0.71820104), (0.007306, 0.60140204), (0.005, 0.60134), (0.006524, 0.588006), (0.366601, 0.778106), (0.366791, 0.77584), (0.381866, 0.781088), (0.266554, 0.610572), (0.253138, 0.609771), (0.266554, 0.60906), (0.2532, 0.612098), (0.219192, 0.62586904), (0.219002, 0.623603), (0.234268, 0.62062097), (0.210337, 0.626907), (0.20937, 0.622591), (0.210469, 0.628368), (0.593135, 0.766133), (0.588721, 0.76712203), (0.594403, 0.766017), (0.366627, 0.958049), (0.364372, 0.95811), (0.365899, 0.97147), (0.36741, 0.97147), (0.018416, 0.646226), (0.018352, 0.64389896), (0.005, 0.64542496), (0.005, 0.646936), (0.510123, 0.81875), (0.509933, 0.816483), (0.494858, 0.817971), (0.494858, 0.821731), (0.308139, 0.462359), (0.30965, 0.462359), (0.308922, 0.448964), (0.311175, 0.44902402), (0.266258, 0.625943), (0.266068, 0.623676), (0.281334, 0.624365), (0.281334, 0.62060404), (0.405015, 0.745336), (0.418431, 0.74453604), (0.405015, 0.74382496), (0.418368, 0.746862), (0.527354, 0.868996), (0.527221, 0.867534), (0.528322, 0.873311), (0.393079, 0.995), (0.392351, 0.98158), (0.391568, 0.995), (0.394606, 0.981641), (0.045625, 0.62941396), (0.045757, 0.627953), (0.044658, 0.63373), (0.371005, 0.688703), (0.369735, 0.688818), (0.375417, 0.687714), (0.032909, 0.40767902), (0.033099, 0.40541202), (0.017835, 0.402431), (0.486302, 0.924311), (0.486364, 0.92198503), (0.499716, 0.923511), (0.499716, 0.925022), (0.250874, 0.586028), (0.246461, 0.585039), (0.252144, 0.586144), (0.532254, 0.921986), (0.529972, 0.922177), (0.526945, 0.906915), (0.508825, 0.810753), (0.508775, 0.810601), (0.509813, 0.815166), (0.604054, 0.970341), (0.604244, 0.968074), (0.58898, 0.968763), (0.58898, 0.965002), (0.24886, 0.596938), (0.24892, 0.59470296), (0.26226, 0.596227), (0.26226, 0.597739), (0.248922, 0.599263), (0.267976, 0.633489), (0.267416, 0.631825), (0.267367, 0.631673), (0.266379, 0.62725997), (0.599712, 0.781088), (0.596685, 0.765826), (0.594403, 0.766017), (0.597939, 0.765734), (0.384725, 0.958538), (0.387008, 0.958347), (0.388261, 0.958255), (0.390088, 0.973609), (0.008038, 0.622208), (0.007309, 0.635628), (0.006527, 0.622208), (0.005, 0.635566), (0.009564, 0.635567), (0.257531, 0.62574), (0.257717, 0.62352204), (0.257801, 0.622375), (0.242442, 0.62062), (0.536067, 0.718868), (0.536007, 0.71663296), (0.522667, 0.718157), (0.522667, 0.71966803), (0.536005, 0.72119296), (0.371819, 0.70612204), (0.369537, 0.70593), (0.368283, 0.70583797), (0.366511, 0.72119296), (0.067601, 0.63196397), (0.0542, 0.63125396), (0.067601, 0.630453), (0.054263, 0.628929), (0.05426, 0.633489), (0.57086, 0.983931), (0.570809, 0.983779), (0.556893, 0.991239), (0.571847, 0.988344), (0.57025, 0.98211503), (0.257452, 0.571073), (0.254426, 0.586335), (0.252144, 0.586144), (0.25568, 0.586427), (0.300198, 0.565652), (0.313599, 0.564941), (0.300198, 0.56413996), (0.313536, 0.562616), (0.313539, 0.567176), (0.006826, 0.41705698), (0.005, 0.43241203), (0.00808, 0.417149), (0.010362, 0.417341), (0.602337, 0.977887), (0.602896, 0.976223), (0.602947, 0.976071), (0.603934, 0.971658), (0.366199, 0.689102), (0.364372, 0.673747), (0.367453, 0.68901), (0.369735, 0.688818), (0.589249, 0.749809), (0.589064, 0.747591), (0.58898, 0.746444), (0.604338, 0.744689), (0.48214, 0.69980204), (0.479885, 0.699741), (0.481412, 0.686381), (0.482923, 0.686381), (0.484449, 0.699739), (0.556893, 0.995), (0.572157, 0.991928), (0.572253, 0.993245), (0.572249, 0.993173), (0.571967, 0.989661), (0.326255, 0.635628), (0.31099, 0.63255596), (0.310894, 0.633873), (0.310899, 0.633801), (0.31118, 0.63028896), (0.565853, 0.748837), (0.566819, 0.744521), (0.580807, 0.755419), (0.565533, 0.752517), (0.565449, 0.753663), (0.565718, 0.750298), (0.585518, 0.994732), (0.583315, 0.994917), (0.587027, 0.994594), (0.582179, 0.995), (0.580423, 0.979639), (0.59126, 0.993646), (0.384496, 0.611979), (0.382294, 0.611794), (0.383107, 0.627071), (0.386005, 0.612116), (0.381103, 0.611707), (0.379346, 0.627071), (0.390237, 0.613064), (0.379384, 0.744336), (0.377629, 0.759697), (0.37649, 0.75961304), (0.374288, 0.759429), (0.372779, 0.759291), (0.368547, 0.758343), (0.536067, 0.883375), (0.539829, 0.883375), (0.536879, 0.898652), (0.534678, 0.898468), (0.533167, 0.89833), (0.528937, 0.897382), (0.53807, 0.89874), (0.371608, 0.789526), (0.369405, 0.789341), (0.373116, 0.789663), (0.368266, 0.789257), (0.366511, 0.804618), (0.377347, 0.790611), (0.393281, 0.76796603), (0.395564, 0.768157), (0.396818, 0.76824903), (0.398645, 0.752895), (0.392012, 0.76785), (0.387599, 0.766861), (0.412305, 0.994728), (0.410102, 0.994913), (0.413814, 0.99459), (0.408912, 0.995), (0.407154, 0.979635), (0.418045, 0.993642), (0.36442, 0.995), (0.361472, 0.979723), (0.359269, 0.979907), (0.357761, 0.980045), (0.353529, 0.980993), (0.362663, 0.979635), (0.533399, 0.828149), (0.531646, 0.812788), (0.530507, 0.812871), (0.528304, 0.813056), (0.526795, 0.81319404), (0.522565, 0.81414104), (0.286846, 0.56931496), (0.288357, 0.565555), (0.286846, 0.565555), (0.286846, 0.564043), (0.292118, 0.565555), (0.288357, 0.564043), (0.283086, 0.564043), (0.288357, 0.560283), (0.288357, 0.56931496), (0.292118, 0.564043), (0.283086, 0.565555), (0.286846, 0.560283), (0.294775, 0.624456), (0.293264, 0.628217), (0.294775, 0.628217), (0.294775, 0.62972796), (0.289503, 0.628217), (0.293264, 0.62972796), (0.298536, 0.62972796), (0.293264, 0.633489), (0.293264, 0.624456), (0.289503, 0.62972796), (0.298536, 0.628217), (0.294775, 0.633489), (0.506546, 0.71592104), (0.505035, 0.71216), (0.505035, 0.71592104), (0.506546, 0.717432), (0.510308, 0.71592104), (0.505035, 0.717432), (0.501276, 0.717432), (0.506546, 0.72119296), (0.506546, 0.71216), (0.510308, 0.717432), (0.501276, 0.71592104), (0.505035, 0.72119296), (0.008761, 0.991239), (0.010272, 0.995), (0.010272, 0.991239), (0.008761, 0.989728), (0.005, 0.991239), (0.010272, 0.989728), (0.014033, 0.989728), (0.008761, 0.985968), (0.008761, 0.995), (0.005, 0.989728), (0.014033, 0.991239), (0.010272, 0.985968), (0.689518, 0.32634002), (0.87443, 0.10790199), (0.689518, 0.10790199), (0.862479, 0.09595102), (0.701469, 0.09595102), (0.698376, 0.096358), (0.695494, 0.097552), (0.691119, 0.10192698), (0.693018, 0.09945202), (0.689925, 0.104808986), (0.689925, 0.32943302), (0.691119, 0.33231503), (0.693018, 0.33479), (0.695494, 0.336689), (0.698376, 0.337883), (0.701469, 0.33828998), (0.862479, 0.33828998), (0.87443, 0.32634002), (0.865572, 0.337883), (0.868455, 0.336689), (0.87093, 0.33479), (0.872829, 0.33231503), (0.874023, 0.32943302), (0.874023, 0.104808986), (0.872829, 0.10192698), (0.87093, 0.09945202), (0.868455, 0.097552), (0.865572, 0.096358), (0.008459, 0.939021), (0.008459, 0.69872797), (0.060979, 0.646206), (0.301275, 0.646206), (0.353794, 0.69872797), (0.309616, 0.646863), (0.317606, 0.648781), (0.325197, 0.65192497), (0.332202, 0.656217), (0.338448, 0.661553), (0.343782, 0.6678), (0.348077, 0.674805), (0.351219, 0.682395), (0.353136, 0.69038296), (0.353794, 0.939021), (0.353136, 0.947365), (0.309616, 0.990885), (0.351219, 0.955353), (0.348077, 0.962943), (0.343782, 0.969948), (0.338448, 0.976195), (0.332202, 0.981531), (0.325197, 0.985823), (0.317606, 0.988967), (0.301275, 0.991542), (0.060979, 0.991542), (0.052633, 0.990885), (0.044648, 0.988967), (0.023805, 0.976195), (0.037057, 0.985823), (0.030052, 0.981531), (0.018467, 0.969948), (0.014177, 0.962943), (0.011035, 0.955353), (0.009113, 0.947365), (0.009113, 0.69038296), (0.011035, 0.682395), (0.014177, 0.674805), (0.018467, 0.6678), (0.023805, 0.661553), (0.030052, 0.656217), (0.037057, 0.65192497), (0.044648, 0.648781), (0.052633, 0.646863), (0.593399, 0.729393), (0.374962, 0.734027), (0.593399, 0.734027), (0.274885, 0.591053), (0.270251, 0.43004203), (0.270251, 0.591053), (0.323729, 0.565143), (0.328363, 0.40413302), (0.328363, 0.565143), (0.563452, 0.11154401), (0.345014, 0.10690999), (0.563452, 0.10690999), (0.374962, 0.729393), (0.371868, 0.734027), (0.371868, 0.729393), (0.368986, 0.734027), (0.368986, 0.729393), (0.366511, 0.734027), (0.323729, 0.573593), (0.328363, 0.571118), (0.328363, 0.573593), (0.323729, 0.571118), (0.328363, 0.568236), (0.323729, 0.568236), (0.566545, 0.11154401), (0.566545, 0.10690999), (0.569427, 0.11154401), (0.569427, 0.10690999), (0.571902, 0.11154401), (0.328363, 0.39568198), (0.323729, 0.398157), (0.323729, 0.39568198), (0.328363, 0.398157), (0.323729, 0.40104002), (0.328363, 0.40104002), (0.323729, 0.40413302), (0.274885, 0.594146), (0.270251, 0.594146), (0.274885, 0.597028), (0.270251, 0.59950304), (0.274885, 0.59950304), (0.336563, 0.11154401), (0.339038, 0.10690999), (0.339038, 0.11154401), (0.341921, 0.10690999), (0.341921, 0.11154401), (0.345014, 0.11154401), (0.596492, 0.729393), (0.599375, 0.734027), (0.599375, 0.729393), (0.60185, 0.734027), (0.60185, 0.729393), (0.274885, 0.421592), (0.270251, 0.42406702), (0.274885, 0.42406702), (0.274885, 0.42694902), (0.270251, 0.42694902), (0.274885, 0.43004203), (0.366511, 0.729393), (0.328363, 0.39378297), (0.270251, 0.597028), (0.270251, 0.60140204), (0.596492, 0.734027), (0.603749, 0.734027), (0.31296, 0.48838902), (0.310894, 0.49206698), (0.31296, 0.49206698), (0.28433, 0.519246), (0.286397, 0.52307), (0.28433, 0.52307), (0.45968, 0.819664), (0.463504, 0.821731), (0.463504, 0.819664), (0.467181, 0.821731), (0.467181, 0.819664), (0.455856, 0.819664), (0.45968, 0.821731), (0.47057, 0.821731), (0.47057, 0.819664), (0.47354, 0.821731), (0.47354, 0.819664), (0.28433, 0.50920904), (0.286397, 0.51218), (0.28433, 0.51218), (0.286397, 0.515568), (0.28433, 0.515568), (0.286397, 0.519246), (0.286397, 0.526894), (0.28433, 0.526894), (0.286397, 0.530571), (0.28433, 0.530571), (0.286397, 0.53396), (0.28433, 0.53396), (0.286397, 0.53692997), (0.28433, 0.53692997), (0.447959, 0.925304), (0.450929, 0.923236), (0.450929, 0.925304), (0.454318, 0.923236), (0.454318, 0.925304), (0.457995, 0.923236), (0.457995, 0.925304), (0.461819, 0.923236), (0.461819, 0.925304), (0.465643, 0.923236), (0.465643, 0.925304), (0.46932, 0.923236), (0.46932, 0.925304), (0.472709, 0.923236), (0.472709, 0.925304), (0.475679, 0.923236), (0.475679, 0.925304), (0.31296, 0.47070497), (0.310894, 0.473675), (0.31296, 0.473675), (0.310894, 0.477064), (0.31296, 0.477064), (0.310894, 0.48074102), (0.31296, 0.48074102), (0.310894, 0.48456502), (0.31296, 0.48456502), (0.310894, 0.48838902), (0.310894, 0.49545503), (0.31296, 0.49545503), (0.310894, 0.49842602), (0.31296, 0.49842602), (0.44582, 0.819664), (0.44879, 0.821731), (0.44879, 0.819664), (0.452179, 0.821731), (0.452179, 0.819664), (0.455856, 0.821731), (0.475978, 0.821731), (0.286397, 0.53936803), (0.478117, 0.923236), (0.310894, 0.50086296), (0.543985, 0.833696), (0.541919, 0.83752), (0.543985, 0.83752), (0.309999, 0.526894), (0.312067, 0.530571), (0.309999, 0.530571), (0.491312, 0.938139), (0.494989, 0.936071), (0.494989, 0.938139), (0.498378, 0.936071), (0.498378, 0.938139), (0.487488, 0.938139), (0.491312, 0.936071), (0.501349, 0.936071), (0.501349, 0.938139), (0.543985, 0.82366), (0.541919, 0.82663), (0.543985, 0.82663), (0.541919, 0.830019), (0.543985, 0.830019), (0.541919, 0.833696), (0.541919, 0.841344), (0.543985, 0.841344), (0.541919, 0.845021), (0.543985, 0.845021), (0.541919, 0.84841), (0.543985, 0.84841), (0.541919, 0.85138), (0.543985, 0.85138), (0.005161, 0.612169), (0.008131, 0.614237), (0.008131, 0.612169), (0.01152, 0.614237), (0.01152, 0.612169), (0.015197, 0.614237), (0.015197, 0.612169), (0.019021, 0.614237), (0.019021, 0.612169), (0.022845, 0.614237), (0.022845, 0.612169), (0.026522, 0.614237), (0.026522, 0.612169), (0.029911, 0.614237), (0.029911, 0.612169), (0.032881, 0.614237), (0.032881, 0.612169), (0.309999, 0.50920904), (0.312067, 0.51218), (0.309999, 0.51218), (0.312067, 0.515568), (0.309999, 0.515568), (0.312067, 0.519246), (0.309999, 0.519246), (0.312067, 0.52307), (0.309999, 0.52307), (0.312067, 0.526894), (0.312067, 0.53396), (0.309999, 0.53396), (0.312067, 0.53692997), (0.309999, 0.53692997), (0.473628, 0.938139), (0.476598, 0.936071), (0.476598, 0.938139), (0.479987, 0.936071), (0.479987, 0.938139), (0.483664, 0.936071), (0.483664, 0.938139), (0.487488, 0.936071), (0.503786, 0.936071), (0.541919, 0.853818), (0.035319, 0.614237), (0.312067, 0.53936803), (0.525538, 0.67634296), (0.529213, 0.67841), (0.529213, 0.67634296), (0.532605, 0.67841), (0.532605, 0.67634296), (0.521713, 0.67634296), (0.525538, 0.67841), (0.535575, 0.67841), (0.535575, 0.67634296), (0.549581, 0.874999), (0.551647, 0.877969), (0.549581, 0.877969), (0.551647, 0.881358), (0.549581, 0.881358), (0.551647, 0.885035), (0.549581, 0.885035), (0.551647, 0.888859), (0.549581, 0.888859), (0.549581, 0.892683), (0.551647, 0.89636), (0.549581, 0.89636), (0.551647, 0.899749), (0.549581, 0.899749), (0.551647, 0.902719), (0.549581, 0.902719), (0.283246, 0.55095804), (0.286217, 0.548891), (0.286217, 0.55095804), (0.289606, 0.548891), (0.289606, 0.55095804), (0.293283, 0.548891), (0.293283, 0.55095804), (0.297107, 0.548891), (0.297107, 0.55095804), (0.300931, 0.548891), (0.300931, 0.55095804), (0.304608, 0.548891), (0.304608, 0.55095804), (0.307997, 0.548891), (0.307997, 0.55095804), (0.310967, 0.548891), (0.310967, 0.55095804), (0.424196, 0.857886), (0.422128, 0.860856), (0.424196, 0.860856), (0.422128, 0.864245), (0.424196, 0.864245), (0.422128, 0.867922), (0.424196, 0.867922), (0.422128, 0.871746), (0.424196, 0.871746), (0.422128, 0.87557), (0.424196, 0.87557), (0.424196, 0.879247), (0.422128, 0.882636), (0.424196, 0.882636), (0.422128, 0.885606), (0.424196, 0.885606), (0.507852, 0.67634296), (0.510826, 0.67841), (0.510826, 0.67634296), (0.514213, 0.67841), (0.514213, 0.67634296), (0.517889, 0.67841), (0.517889, 0.67634296), (0.521713, 0.67841), (0.422128, 0.879247), (0.551647, 0.892683), (0.53801, 0.67841), (0.551647, 0.90515697), (0.313405, 0.548891), (0.422128, 0.888044), (0.25866, 0.45202398), (0.260727, 0.455702), (0.25866, 0.455702), (0.476793, 0.807653), (0.480617, 0.805585), (0.480617, 0.807653), (0.484294, 0.805585), (0.484294, 0.807653), (0.472969, 0.807653), (0.476793, 0.805585), (0.487683, 0.805585), (0.487683, 0.807653), (0.490653, 0.805585), (0.490653, 0.807653), (0.297988, 0.50920904), (0.29592, 0.51218), (0.297988, 0.51218), (0.29592, 0.515568), (0.297988, 0.515568), (0.29592, 0.519246), (0.297988, 0.519246), (0.297988, 0.52307), (0.29592, 0.526894), (0.297988, 0.526894), (0.29592, 0.530571), (0.297988, 0.530571), (0.29592, 0.53396), (0.297988, 0.53396), (0.29592, 0.53692997), (0.297988, 0.53692997), (0.46935, 0.67634296), (0.47232, 0.67841), (0.47232, 0.67634296), (0.475709, 0.67841), (0.475709, 0.67634296), (0.479386, 0.67841), (0.479386, 0.67634296), (0.48321, 0.67841), (0.48321, 0.67634296), (0.487034, 0.67841), (0.487034, 0.67634296), (0.490711, 0.67841), (0.490711, 0.67634296), (0.4941, 0.67841), (0.4941, 0.67634296), (0.49707, 0.67841), (0.49707, 0.67634296), (0.25866, 0.43434), (0.260727, 0.43730998), (0.25866, 0.43730998), (0.260727, 0.44069898), (0.25866, 0.44069898), (0.260727, 0.444376), (0.25866, 0.444376), (0.260727, 0.4482), (0.25866, 0.4482), (0.260727, 0.45202398), (0.260727, 0.45909), (0.25866, 0.45909), (0.260727, 0.462061), (0.25866, 0.462061), (0.462932, 0.807653), (0.465903, 0.805585), (0.465903, 0.807653), (0.469291, 0.805585), (0.469291, 0.807653), (0.472969, 0.805585), (0.29592, 0.52307), (0.493091, 0.805585), (0.29592, 0.53936803), (0.499508, 0.67841), (0.260727, 0.46449798), (0.2854, 0.278395), (0.294207, 0.19202203), (0.2854, 0.19202203), (0.821249, 0.955199), (0.907622, 0.714598), (0.907622, 0.955199), (0.044802, 0.19202203), (0.035995, 0.278395), (0.044802, 0.278395), (0.294207, 0.278395), (0.302798, 0.19202203), (0.882039, 0.62149596), (0.968412, 0.630301), (0.968412, 0.62149596), (0.882039, 0.630301), (0.968412, 0.63889), (0.882039, 0.63889), (0.968412, 0.64705), (0.882039, 0.64705), (0.968412, 0.654581), (0.882039, 0.654581), (0.968412, 0.66129696), (0.338022, 0.120186985), (0.344739, 0.20656002), (0.338022, 0.20656002), (0.344739, 0.120186985), (0.352268, 0.20656002), (0.352268, 0.120186985), (0.360431, 0.20656002), (0.360431, 0.120186985), (0.369017, 0.20656002), (0.369017, 0.120186985), (0.377824, 0.20656002), (0.618422, 0.20656002), (0.377824, 0.120186985), (0.618422, 0.120186985), (0.627229, 0.20656002), (0.627229, 0.120186985), (0.63582, 0.20656002), (0.63582, 0.120186985), (0.643978, 0.20656002), (0.643978, 0.120186985), (0.651507, 0.20656002), (0.651507, 0.120186985), (0.658224, 0.20656002), (0.907622, 0.674796), (0.821249, 0.681513), (0.821249, 0.674796), (0.907622, 0.681513), (0.821249, 0.689044), (0.907622, 0.689044), (0.821249, 0.697204), (0.907622, 0.705792), (0.821249, 0.714598), (0.821249, 0.705792), (0.302798, 0.278395), (0.310956, 0.19202203), (0.821249, 0.964004), (0.907622, 0.964004), (0.821249, 0.972593), (0.907622, 0.972593), (0.821249, 0.988284), (0.907622, 0.980753), (0.907622, 0.988284), (0.821249, 0.995), (0.907622, 0.995), (0.011717, 0.19202203), (0.005, 0.278395), (0.011717, 0.278395), (0.019246, 0.19202203), (0.019246, 0.278395), (0.027409, 0.19202203), (0.027409, 0.278395), (0.035995, 0.19202203), (0.310956, 0.278395), (0.318485, 0.19202203), (0.318485, 0.278395), (0.325202, 0.19202203), (0.882039, 0.34109402), (0.968412, 0.34780997), (0.968412, 0.34109402), (0.882039, 0.34780997), (0.968412, 0.35534102), (0.882039, 0.35534102), (0.968412, 0.363501), (0.882039, 0.363501), (0.968412, 0.37208998), (0.882039, 0.37208998), (0.968412, 0.38089502), (0.882039, 0.38089502), (0.907622, 0.697204), (0.821249, 0.980753), (0.332285, 0.120186985), (0.907622, 0.66906), (0.005, 0.19202203), (0.882039, 0.33535802), (0.808119, 0.691468), (0.723744, 0.70005596), (0.723744, 0.691468), (0.714395, 0.955199), (0.630021, 0.714598), (0.630021, 0.955199), (0.294207, 0.290282), (0.302798, 0.374655), (0.294207, 0.374655), (0.302798, 0.290282), (0.310956, 0.374655), (0.310956, 0.290282), (0.318485, 0.374655), (0.318485, 0.290282), (0.325202, 0.374655), (0.808119, 0.66906), (0.723744, 0.675776), (0.723744, 0.66906), (0.808119, 0.675776), (0.723744, 0.683307), (0.808119, 0.683307), (0.2854, 0.374655), (0.044802, 0.290282), (0.2854, 0.290282), (0.027409, 0.290282), (0.035995, 0.374655), (0.027409, 0.374655), (0.630021, 0.964004), (0.714395, 0.972593), (0.714395, 0.964004), (0.630021, 0.972593), (0.714395, 0.980753), (0.630021, 0.980753), (0.714395, 0.988284), (0.630021, 0.988284), (0.714395, 0.995), (0.005, 0.290282), (0.011717, 0.374655), (0.005, 0.374655), (0.011717, 0.290282), (0.019246, 0.374655), (0.019246, 0.290282), (0.630021, 0.697204), (0.714395, 0.705792), (0.714395, 0.697204), (0.035995, 0.290282), (0.044802, 0.374655), (0.623631, 0.301526), (0.632222, 0.217152), (0.623631, 0.217152), (0.632222, 0.301526), (0.640381, 0.217152), (0.640381, 0.301526), (0.647909, 0.217152), (0.647909, 0.301526), (0.654626, 0.217152), (0.630021, 0.674796), (0.714395, 0.681513), (0.714395, 0.674796), (0.630021, 0.681513), (0.714395, 0.689044), (0.630021, 0.689044), (0.614825, 0.301526), (0.614825, 0.217152), (0.374226, 0.301526), (0.723744, 0.949463), (0.808119, 0.708861), (0.808119, 0.949463), (0.808119, 0.70005596), (0.723744, 0.708861), (0.723744, 0.966856), (0.808119, 0.958268), (0.808119, 0.966856), (0.723744, 0.975016), (0.808119, 0.975016), (0.723744, 0.982547), (0.808119, 0.982547), (0.723744, 0.989264), (0.808119, 0.989264), (0.341141, 0.217152), (0.334424, 0.301526), (0.341141, 0.301526), (0.34867, 0.217152), (0.34867, 0.301526), (0.356833, 0.217152), (0.356833, 0.301526), (0.723744, 0.958268), (0.365419, 0.217152), (0.365419, 0.301526), (0.630021, 0.705792), (0.714395, 0.714598), (0.374226, 0.217152), (0.325202, 0.290282), (0.630021, 0.995), (0.654626, 0.301526), (0.723744, 0.995), (0.546678, 0.697106), (0.53949, 0.701649), (0.538836, 0.697106), (0.53212, 0.701649), (0.531144, 0.697106), (0.523673, 0.697106), (0.524961, 0.701649), (0.51809, 0.701649), (0.516504, 0.697106), (0.51157, 0.701649), (0.509706, 0.697106), (0.505468, 0.701649), (0.503335, 0.697106), (0.499837, 0.701649), (0.497459, 0.697106), (0.293785, 0.500403), (0.298331, 0.49239302), (0.293785, 0.49452698), (0.298331, 0.486288), (0.293785, 0.48815697), (0.298331, 0.479769), (0.293785, 0.481355), (0.298331, 0.47289902), (0.293785, 0.474186), (0.298331, 0.465743), (0.293785, 0.46671897), (0.293785, 0.45902598), (0.298331, 0.45836997), (0.293785, 0.451182), (0.298331, 0.45085198), (0.298331, 0.44326103), (0.293785, 0.44326103), (0.293785, 0.43534), (0.298331, 0.435669), (0.298331, 0.428151), (0.293785, 0.427495), (0.298331, 0.420779), (0.293785, 0.41980302), (0.293785, 0.412336), (0.298331, 0.41362298), (0.293785, 0.40516698), (0.298331, 0.406752), (0.293785, 0.39836502), (0.298331, 0.40023297), (0.293785, 0.391995), (0.298331, 0.39412802), (0.298331, 0.388497), (0.293785, 0.386119), (0.806944, 0.37465), (0.810441, 0.370107), (0.80481, 0.370107), (0.800573, 0.37465), (0.798704, 0.370107), (0.793769, 0.37465), (0.792188, 0.370107), (0.785318, 0.370107), (0.786601, 0.37465), (0.779134, 0.37465), (0.778159, 0.370107), (0.770788, 0.370107), (0.771442, 0.37465), (0.763596, 0.37465), (0.763269, 0.370107), (0.755678, 0.37465), (0.755678, 0.370107), (0.747755, 0.37465), (0.748086, 0.370107), (0.740567, 0.370107), (0.739914, 0.37465), (0.732221, 0.37465), (0.733197, 0.370107), (0.726038, 0.370107), (0.72475, 0.37465), (0.719167, 0.370107), (0.717582, 0.37465), (0.712647, 0.370107), (0.710783, 0.37465), (0.706545, 0.370107), (0.704412, 0.37465), (0.700914, 0.370107), (0.698536, 0.37465), (0.846229, 0.474733), (0.841689, 0.46672398), (0.846229, 0.468857), (0.841689, 0.46061897), (0.846229, 0.46248698), (0.846229, 0.45568502), (0.841689, 0.4541), (0.846229, 0.448516), (0.841689, 0.44722903), (0.841689, 0.440073), (0.846229, 0.44104898), (0.846229, 0.433357), (0.841689, 0.432701), (0.841689, 0.425183), (0.846229, 0.42551202), (0.841689, 0.41759098), (0.846229, 0.41759098), (0.841689, 0.41000003), (0.846229, 0.409671), (0.841689, 0.40248197), (0.846229, 0.40182602), (0.846229, 0.39413297), (0.841689, 0.39511), (0.841689, 0.38795298), (0.846229, 0.386666), (0.841689, 0.381083), (0.846229, 0.379498), (0.841689, 0.374564), (0.846229, 0.37269503), (0.846229, 0.36632597), (0.841689, 0.368459), (0.846229, 0.36045003), (0.841689, 0.36282802), (0.611742, 0.697106), (0.603733, 0.701649), (0.605866, 0.697106), (0.597626, 0.701649), (0.599495, 0.697106), (0.591111, 0.701649), (0.592692, 0.697106), (0.585523, 0.697106), (0.584241, 0.701649), (0.577082, 0.701649), (0.578057, 0.697106), (0.569711, 0.701649), (0.570365, 0.697106), (0.562192, 0.701649), (0.562523, 0.697106), (0.554601, 0.701649), (0.554601, 0.697106), (0.547009, 0.701649), (0.298331, 0.498025), (0.81282, 0.37465), (0.841689, 0.472355), (0.609364, 0.701649), (0.562586, 0.695131), (0.554601, 0.686405), (0.562586, 0.686405), (0.724505, 0.376625), (0.717274, 0.385351), (0.724505, 0.385351), (0.291811, 0.488519), (0.283086, 0.48166198), (0.283086, 0.488519), (0.848204, 0.441239), (0.856929, 0.43348402), (0.856929, 0.441239), (0.291811, 0.419613), (0.283086, 0.412086), (0.283086, 0.419613), (0.848204, 0.372333), (0.856929, 0.36591202), (0.856929, 0.372333), (0.78685, 0.376625), (0.779326, 0.385351), (0.78685, 0.385351), (0.538707, 0.695131), (0.530952, 0.686405), (0.538707, 0.686405), (0.717274, 0.376625), (0.710418, 0.385351), (0.291811, 0.48166198), (0.283086, 0.47443497), (0.848204, 0.43348402), (0.856929, 0.42557597), (0.291811, 0.412086), (0.283086, 0.40486002), (0.848204, 0.36591202), (0.856929, 0.359989), (0.779326, 0.376625), (0.771572, 0.385351), (0.530952, 0.695131), (0.523428, 0.686405), (0.710418, 0.376625), (0.703999, 0.385351), (0.291811, 0.47443497), (0.283086, 0.46690798), (0.848204, 0.42557597), (0.856929, 0.41759098), (0.291811, 0.40486002), (0.283086, 0.39800298), (0.612204, 0.695131), (0.606279, 0.686405), (0.612204, 0.686405), (0.771572, 0.376625), (0.763663, 0.385351), (0.523428, 0.695131), (0.516197, 0.686405), (0.703999, 0.376625), (0.698075, 0.385351), (0.291811, 0.46690798), (0.283086, 0.459153), (0.848204, 0.41759098), (0.856929, 0.409607), (0.291811, 0.39800298), (0.283086, 0.391581), (0.606279, 0.695131), (0.59986, 0.686405), (0.763663, 0.376625), (0.755678, 0.385351), (0.516197, 0.695131), (0.509341, 0.686405), (0.848204, 0.47519398), (0.856929, 0.469271), (0.856929, 0.47519398), (0.291811, 0.459153), (0.283086, 0.451245), (0.848204, 0.409607), (0.856929, 0.401699), (0.291811, 0.391581), (0.283086, 0.38565803), (0.59986, 0.695131), (0.592999, 0.686405), (0.755678, 0.376625), (0.747692, 0.385351), (0.509341, 0.695131), (0.502922, 0.686405), (0.848204, 0.469271), (0.856929, 0.46284902), (0.291811, 0.451245), (0.283086, 0.44326103), (0.848204, 0.401699), (0.856929, 0.39394403), (0.813281, 0.376625), (0.807357, 0.385351), (0.813281, 0.385351), (0.592999, 0.695131), (0.585773, 0.686405), (0.747692, 0.376625), (0.739784, 0.385351), (0.502922, 0.695131), (0.496997, 0.686405), (0.848204, 0.46284902), (0.856929, 0.455993), (0.291811, 0.44326103), (0.283086, 0.43527597), (0.848204, 0.39394403), (0.856929, 0.38641697), (0.807357, 0.376625), (0.800938, 0.385351), (0.585773, 0.695131), (0.578249, 0.686405), (0.739784, 0.376625), (0.732029, 0.385351), (0.291811, 0.50086296), (0.283086, 0.49493998), (0.283086, 0.50086296), (0.848204, 0.455993), (0.856929, 0.448766), (0.291811, 0.43527597), (0.283086, 0.427368), (0.848204, 0.38641697), (0.856929, 0.37919003), (0.800938, 0.376625), (0.794077, 0.385351), (0.578249, 0.695131), (0.570494, 0.686405), (0.732029, 0.376625), (0.291811, 0.49493998), (0.848204, 0.448766), (0.291811, 0.427368), (0.848204, 0.37919003), (0.546615, 0.695131), (0.546615, 0.686405), (0.794077, 0.376625), (0.570494, 0.695131), (0.554601, 0.695131), (0.848204, 0.359989), (0.698075, 0.376625), (0.291811, 0.38565803), (0.496997, 0.695131), (0.006879, 0.11234099), (0.014888, 0.10492098), (0.006513, 0.10492098), (0.089634, 0.18025601), (0.082216, 0.172247), (0.082216, 0.18062103), (0.124271, 0.041978), (0.113951, 0.04554403), (0.11962, 0.048941016), (0.075614, 0.17192298), (0.074793, 0.18025601), (0.130238, 0.046404004), (0.124924, 0.05287701), (0.06908, 0.17095298), (0.067446, 0.17916602), (0.13574, 0.051392972), (0.12982, 0.05731398), (0.060239, 0.17736101), (0.06267, 0.169348), (0.140732, 0.056896985), (0.13426, 0.06220901), (0.056448, 0.167122), (0.053244, 0.17485899), (0.145157, 0.062864006), (0.138195, 0.06751603), (0.046532, 0.171682), (0.050476, 0.16429698), (0.148977, 0.06923598), (0.141592, 0.073183), (0.044811, 0.16090101), (0.040156, 0.16786301), (0.144417, 0.07915598), (0.152152, 0.07595199), (0.006879, 0.09750098), (0.01618, 0.09178603), (0.007969, 0.090152025), (0.039502, 0.15696502), (0.034188, 0.16343802), (0.154656, 0.082946), (0.146641, 0.08537698), (0.017785, 0.08537698), (0.009771, 0.082946), (0.034606, 0.15252799), (0.028687, 0.158449), (0.148246, 0.09178603), (0.156457, 0.090152025), (0.012274, 0.07595199), (0.020015, 0.07915598), (0.030172, 0.147632), (0.023695, 0.15294403), (0.157548, 0.09750098), (0.149217, 0.098321974), (0.02284, 0.073183), (0.01545, 0.06923598), (0.026237, 0.14232498), (0.01927, 0.14697802), (0.157913, 0.10492098), (0.149539, 0.10492098), (0.026232, 0.06751603), (0.01927, 0.062864006), (0.02284, 0.13665801), (0.01545, 0.14060599), (0.157548, 0.11234099), (0.149217, 0.11151999), (0.030172, 0.06220901), (0.023695, 0.056896985), (0.012274, 0.13388997), (0.020015, 0.13068599), (0.148246, 0.118056), (0.156457, 0.11968899), (0.034606, 0.05731398), (0.028687, 0.051392972), (0.017785, 0.12446499), (0.009776, 0.12689501), (0.154656, 0.12689501), (0.146641, 0.12446499), (0.034188, 0.046404004), (0.039502, 0.05287701), (0.01618, 0.118056), (0.007969, 0.11968899), (0.152152, 0.13388997), (0.144417, 0.13068497), (0.044811, 0.048941016), (0.040156, 0.041978), (0.01521, 0.11151999), (0.148977, 0.14060599), (0.141592, 0.13665801), (0.050476, 0.04554403), (0.046532, 0.038159013), (0.145157, 0.146977), (0.138195, 0.14232498), (0.053244, 0.03498298), (0.056448, 0.042719007), (0.01521, 0.098321974), (0.13426, 0.147632), (0.140732, 0.15294403), (0.06267, 0.04049301), (0.060239, 0.03248), (0.12982, 0.15252799), (0.13574, 0.158449), (0.067446, 0.030674994), (0.06908, 0.038887978), (0.130238, 0.16343802), (0.124924, 0.15696502), (0.074793, 0.029585004), (0.075614, 0.037918985), (0.11962, 0.16090101), (0.124271, 0.16786301), (0.082216, 0.03759402), (0.082216, 0.029220998), (0.113951, 0.16429698), (0.1179, 0.171682), (0.089634, 0.029585004), (0.088813, 0.037918985), (0.111183, 0.17485899), (0.107978, 0.167122), (0.095347, 0.038887978), (0.09698, 0.030674994), (0.101756, 0.169348), (0.104187, 0.17736101), (0.101756, 0.04049301), (0.104187, 0.03248), (0.09698, 0.17916602), (0.095347, 0.17095298), (0.111183, 0.03498298), (0.107978, 0.042719007), (0.088813, 0.17192298), (0.1179, 0.038159013), (0.517771, 0.887571), (0.434963, 0.881035), (0.517771, 0.881035), (0.698075, 0.599042), (0.780883, 0.59414697), (0.698075, 0.59414697), (0.434963, 0.874626), (0.517771, 0.874626), (0.780883, 0.58971), (0.698075, 0.58971), (0.434963, 0.868405), (0.517771, 0.868405), (0.780883, 0.585774), (0.698075, 0.585774), (0.434963, 0.862432), (0.517771, 0.862432), (0.780883, 0.58237696), (0.698075, 0.58237696), (0.762503, 0.486508), (0.755904, 0.56931496), (0.755904, 0.486508), (0.434963, 0.85676503), (0.517771, 0.85676503), (0.780883, 0.579552), (0.698075, 0.579552), (0.749367, 0.56931496), (0.749367, 0.486508), (0.434963, 0.851458), (0.517771, 0.851458), (0.780883, 0.577326), (0.698075, 0.577326), (0.742957, 0.56931496), (0.742957, 0.486508), (0.434963, 0.846563), (0.517771, 0.846563), (0.782046, 0.477333), (0.775636, 0.394526), (0.775636, 0.477333), (0.736738, 0.56931496), (0.736738, 0.486508), (0.434963, 0.842126), (0.517771, 0.842126), (0.769102, 0.394526), (0.769102, 0.477333), (0.730766, 0.56931496), (0.730766, 0.486508), (0.434963, 0.83819), (0.517771, 0.83819), (0.762503, 0.394526), (0.762503, 0.477333), (0.725098, 0.56931496), (0.725098, 0.486508), (0.434963, 0.834793), (0.517771, 0.834793), (0.755904, 0.394526), (0.755904, 0.477333), (0.719792, 0.56931496), (0.719792, 0.486508), (0.434963, 0.831968), (0.517771, 0.831968), (0.749367, 0.394526), (0.749367, 0.477333), (0.714896, 0.56931496), (0.714896, 0.486508), (0.434963, 0.829742), (0.517771, 0.829742), (0.742957, 0.394526), (0.742957, 0.477333), (0.710459, 0.56931496), (0.710459, 0.486508), (0.782046, 0.486508), (0.775636, 0.56931496), (0.775636, 0.486508), (0.736738, 0.394526), (0.736738, 0.477333), (0.706521, 0.56931496), (0.706521, 0.486508), (0.769102, 0.56931496), (0.769102, 0.486508), (0.730766, 0.394526), (0.730766, 0.477333), (0.703124, 0.56931496), (0.703124, 0.486508), (0.762503, 0.56931496), (0.725098, 0.394526), (0.725098, 0.477333), (0.700302, 0.56931496), (0.700302, 0.486508), (0.719789, 0.394526), (0.719789, 0.477333), (0.698075, 0.56931496), (0.698075, 0.486508), (0.714896, 0.394526), (0.714896, 0.477333), (0.698075, 0.66129696), (0.780883, 0.65488803), (0.698075, 0.65488803), (0.710459, 0.394526), (0.710459, 0.477333), (0.780883, 0.648353), (0.698075, 0.648353), (0.706521, 0.394526), (0.706521, 0.477333), (0.780883, 0.64175403), (0.698075, 0.64175403), (0.703124, 0.394526), (0.703124, 0.477333), (0.780883, 0.635154), (0.698075, 0.635154), (0.700302, 0.394526), (0.700302, 0.477333), (0.780883, 0.62861896), (0.698075, 0.62861896), (0.698075, 0.394526), (0.698075, 0.477333), (0.780883, 0.62221), (0.698075, 0.62221), (0.517771, 0.913713), (0.434963, 0.907304), (0.517771, 0.907304), (0.780883, 0.61598897), (0.698075, 0.61598897), (0.434963, 0.900769), (0.517771, 0.900769), (0.780883, 0.610016), (0.698075, 0.610016), (0.434963, 0.89417), (0.517771, 0.89417), (0.780883, 0.604349), (0.698075, 0.604349), (0.434963, 0.887571), (0.780883, 0.599042), (0.782046, 0.394526), (0.782046, 0.56931496), (0.780883, 0.66129696), (0.434963, 0.913713), (0.375827, 0.317214), (0.382328, 0.33887398), (0.38412, 0.31522298), (0.631085, 0.34009898), (0.63512, 0.33887398), (0.394767, 0.34009898), (0.686915, 0.618019), (0.687592, 0.609439), (0.660441, 0.61423504), (0.687592, 0.368989), (0.686915, 0.36040998), (0.660441, 0.36419302), (0.684926, 0.35211498), (0.660441, 0.35579097), (0.660854, 0.35999203), (0.677204, 0.33696097), (0.657227, 0.34802997), (0.659216, 0.35175198), (0.665178, 0.32493502), (0.657904, 0.32047802), (0.651283, 0.342089), (0.650025, 0.317214), (0.641732, 0.31522298), (0.643524, 0.33887398), (0.633151, 0.314547), (0.392701, 0.314547), (0.390726, 0.33887398), (0.386527, 0.33846003), (0.367948, 0.32047802), (0.360673, 0.32493502), (0.374564, 0.342089), (0.354187, 0.33047497), (0.348647, 0.33696097), (0.368625, 0.34802997), (0.344188, 0.344234), (0.340926, 0.35211498), (0.365411, 0.35579097), (0.338932, 0.36040998), (0.365411, 0.36419302), (0.364998, 0.35999203), (0.33826, 0.609439), (0.338932, 0.618019), (0.365411, 0.61423504), (0.340926, 0.626313), (0.344188, 0.634194), (0.365411, 0.62263703), (0.348647, 0.641467), (0.354187, 0.64795303), (0.368625, 0.630399), (0.360673, 0.653493), (0.367948, 0.65795004), (0.374564, 0.636339), (0.375928, 0.661257), (0.38401, 0.66319704), (0.382328, 0.639554), (0.386335, 0.63996804), (0.371301, 0.63366103), (0.364998, 0.618436), (0.371301, 0.34476697), (0.647564, 0.34009898), (0.659216, 0.610196), (0.681663, 0.634194), (0.684926, 0.626313), (0.660441, 0.62263703), (0.671665, 0.64795303), (0.677204, 0.641467), (0.657227, 0.630399), (0.657904, 0.65795004), (0.651283, 0.636339), (0.647564, 0.638329), (0.641837, 0.66318), (0.650025, 0.661214), (0.643432, 0.63958204), (0.639517, 0.63996804), (0.659216, 0.62667596), (0.639324, 0.33846003), (0.366636, 0.35175198), (0.366636, 0.62667596), (0.378287, 0.638329), (0.660854, 0.618436), (0.665178, 0.653493), (0.65455, 0.63366103), (0.366636, 0.610196), (0.657227, 0.60647404), (0.65455, 0.603211), (0.368625, 0.60647404), (0.371301, 0.603211), (0.651283, 0.600533), (0.647564, 0.598543), (0.374564, 0.600533), (0.378287, 0.598543), (0.647564, 0.37988502), (0.643524, 0.597318), (0.378287, 0.37988502), (0.382328, 0.597318), (0.386527, 0.59690404), (0.386527, 0.38152403), (0.382328, 0.38111), (0.639324, 0.38152403), (0.639324, 0.59690404), (0.643524, 0.38111), (0.651283, 0.377895), (0.33826, 0.368989), (0.374564, 0.377895), (0.65455, 0.37521797), (0.657227, 0.37195498), (0.371301, 0.37521797), (0.368625, 0.37195498), (0.659216, 0.368232), (0.366636, 0.368232), (0.681663, 0.344234), (0.671665, 0.33047497), (0.65455, 0.34476697), (0.378287, 0.34009898), (0.392701, 0.663881), (0.632929, 0.663881), (0.404429, 0.63039804), (0.635029, 0.639526), (0.390726, 0.639554), (0.394767, 0.638329), (0.631085, 0.638329), (0.627361, 0.636339), (0.398491, 0.636339), (0.401753, 0.63366103), (0.624099, 0.63366103), (0.621418, 0.63039804), (0.406419, 0.62667596), (0.619428, 0.62667596), (0.618203, 0.62263703), (0.407644, 0.62263703), (0.61779, 0.618436), (0.408057, 0.618436), (0.618203, 0.61423504), (0.407644, 0.61423504), (0.619428, 0.610196), (0.406419, 0.610196), (0.404429, 0.60647297), (0.621418, 0.60647297), (0.624099, 0.603211), (0.401753, 0.603211), (0.398491, 0.377895), (0.398491, 0.600533), (0.394767, 0.37988502), (0.401753, 0.37521797), (0.394767, 0.598543), (0.63512, 0.597318), (0.390726, 0.597318), (0.390726, 0.38111), (0.63512, 0.38111), (0.631085, 0.37988502), (0.631085, 0.598543), (0.627361, 0.377895), (0.624099, 0.37521797), (0.627361, 0.600533), (0.621418, 0.37195498), (0.404429, 0.37195498), (0.619428, 0.368232), (0.406419, 0.368232), (0.618203, 0.36419302), (0.407644, 0.36419302), (0.61779, 0.35999203), (0.408057, 0.35999203), (0.618203, 0.35579097), (0.407644, 0.35579097), (0.619428, 0.35175198), (0.406419, 0.35175198), (0.621418, 0.34802997), (0.404429, 0.34802997), (0.401753, 0.34476697), (0.624099, 0.34476697), (0.627361, 0.342089), (0.398491, 0.342089), (0.423474, 0.700536), (0.42459, 0.696859), (0.417296, 0.695408), (0.424966, 0.693035), (0.419076, 0.693035), (0.419033, 0.695341), (0.412731, 0.69552696), (0.41647, 0.697635), (0.417144, 0.695414), (0.415359, 0.699713), (0.421663, 0.703925), (0.417155, 0.69069004), (0.417156, 0.69071), (0.419034, 0.690783), (0.411414, 0.69554), (0.41258, 0.696024), (0.411859, 0.697374), (0.413865, 0.701535), (0.419225, 0.706895), (0.412042, 0.70302904), (0.416255, 0.709333), (0.409964, 0.70414), (0.412866, 0.711144), (0.407753, 0.705042), (0.409188, 0.71226), (0.407689, 0.706689), (0.405365, 0.712636), (0.401541, 0.71226), (0.40313, 0.70669), (0.403019, 0.704824), (0.397864, 0.711144), (0.400765, 0.70414), (0.398687, 0.70302904), (0.394474, 0.709333), (0.391505, 0.706895), (0.396864, 0.701535), (0.389066, 0.703925), (0.39537, 0.699713), (0.394259, 0.697635), (0.387255, 0.700536), (0.393433, 0.695408), (0.38614, 0.696859), (0.391769, 0.695344), (0.385763, 0.693035), (0.38614, 0.689211), (0.391768, 0.69078004), (0.393576, 0.69069004), (0.387255, 0.685534), (0.394259, 0.68843496), (0.39537, 0.686357), (0.389066, 0.682145), (0.396864, 0.684535), (0.391505, 0.679175), (0.398687, 0.68304), (0.394474, 0.676737), (0.400765, 0.681929), (0.397864, 0.67492497), (0.401541, 0.67381), (0.403019, 0.68124497), (0.403058, 0.681242), (0.403129, 0.679424), (0.405365, 0.673433), (0.405365, 0.67938197), (0.407692, 0.679425), (0.412866, 0.67492604), (0.409188, 0.67381), (0.407753, 0.681028), (0.412042, 0.68304), (0.416255, 0.676737), (0.419225, 0.679175), (0.413865, 0.684535), (0.421663, 0.682145), (0.415359, 0.686357), (0.423474, 0.685534), (0.41647, 0.68843496), (0.42459, 0.689211), (0.417063, 0.69070804), (0.409148, 0.695562), (0.410887, 0.698557), (0.409704, 0.699528), (0.408354, 0.70025), (0.407874, 0.700395), (0.407761, 0.704809), (0.403054, 0.704654), (0.403058, 0.704828), (0.401025, 0.699528), (0.399842, 0.698557), (0.398872, 0.697374), (0.39815, 0.696024), (0.397998, 0.69552696), (0.393585, 0.695414), (0.393667, 0.69070804), (0.393573, 0.69071), (0.398872, 0.688696), (0.399842, 0.68751204), (0.401025, 0.68654096), (0.402375, 0.68581903), (0.402945, 0.685647), (0.403054, 0.68141603), (0.407874, 0.685674), (0.409964, 0.681929), (0.407761, 0.681261), (0.408354, 0.68581903), (0.409704, 0.68654096), (0.410887, 0.68751204), (0.411859, 0.688696), (0.41258, 0.690046), (0.412747, 0.690597), (0.40792, 0.695572), (0.40792, 0.69559), (0.407909, 0.696844), (0.407888, 0.699126), (0.402929, 0.698914), (0.402375, 0.70025), (0.402945, 0.700423), (0.402909, 0.696711), (0.402899, 0.695573), (0.402827, 0.695573), (0.401583, 0.695562), (0.399316, 0.69554), (0.399443, 0.69058204), (0.39815, 0.690046), (0.397982, 0.690597), (0.401662, 0.690561), (0.402881, 0.69055104), (0.402898, 0.690549), (0.402909, 0.689359), (0.402929, 0.68715596), (0.407888, 0.686944), (0.407909, 0.68922603), (0.40792, 0.69047904), (0.407921, 0.69055104), (0.409067, 0.690561), (0.411286, 0.69058204), (0.402895, 0.69055104), (0.402898, 0.69055104), (0.405365, 0.70673203), (0.391727, 0.693035), (0.468723, 0.712481), (0.46353, 0.706191), (0.46242, 0.708269), (0.470534, 0.709092), (0.464215, 0.703936), (0.466286, 0.71545196), (0.460925, 0.710091), (0.458919, 0.70593), (0.459641, 0.70458), (0.47165, 0.705415), (0.466022, 0.703846), (0.464124, 0.703918), (0.459103, 0.711586), (0.463315, 0.717889), (0.458347, 0.704044), (0.456128, 0.70406497), (0.440636, 0.703936), (0.440634, 0.703916), (0.438756, 0.703844), (0.432824, 0.701591), (0.438714, 0.701591), (0.438757, 0.69928503), (0.434316, 0.69409), (0.4332, 0.697767), (0.440494, 0.69921803), (0.436127, 0.690701), (0.44132, 0.69699097), (0.442431, 0.694913), (0.438565, 0.687731), (0.443926, 0.693092), (0.441535, 0.68529296), (0.445747, 0.691597), (0.444924, 0.683482), (0.447825, 0.690486), (0.450037, 0.689585), (0.448601, 0.68236697), (0.4501, 0.687937), (0.452425, 0.68199), (0.456249, 0.68236697), (0.45466, 0.687936), (0.45477, 0.689802), (0.457025, 0.690486), (0.459926, 0.683482), (0.459103, 0.691597), (0.463315, 0.68529296), (0.460925, 0.693092), (0.466286, 0.687731), (0.468723, 0.690701), (0.46242, 0.694913), (0.46353, 0.69699097), (0.470534, 0.69409), (0.464357, 0.69921803), (0.47165, 0.697767), (0.466021, 0.699282), (0.472027, 0.701591), (0.457025, 0.712697), (0.459926, 0.719701), (0.456249, 0.720816), (0.45477, 0.713381), (0.454732, 0.71338403), (0.454662, 0.715203), (0.452425, 0.72119296), (0.452425, 0.715244), (0.450099, 0.715201), (0.444924, 0.719701), (0.448601, 0.720816), (0.450037, 0.713598), (0.445747, 0.711586), (0.441535, 0.717889), (0.438565, 0.71545196), (0.443926, 0.710091), (0.442431, 0.708269), (0.436127, 0.712481), (0.44132, 0.706191), (0.434316, 0.709092), (0.4332, 0.705415), (0.464217, 0.703916), (0.459808, 0.70402896), (0.456764, 0.708085), (0.457948, 0.707114), (0.454909, 0.704075), (0.440727, 0.703918), (0.445059, 0.699099), (0.440646, 0.699212), (0.44521, 0.69860303), (0.445932, 0.69725204), (0.446903, 0.696069), (0.448087, 0.69509804), (0.449437, 0.694376), (0.449916, 0.69423103), (0.450028, 0.689818), (0.454736, 0.68997204), (0.454732, 0.689798), (0.456764, 0.69509804), (0.457948, 0.696069), (0.458919, 0.69725204), (0.459641, 0.69860303), (0.459791, 0.699099), (0.464204, 0.699212), (0.455414, 0.708807), (0.454845, 0.708979), (0.454736, 0.713211), (0.449916, 0.708952), (0.447825, 0.712697), (0.450028, 0.71336496), (0.448087, 0.708085), (0.449437, 0.708807), (0.445932, 0.70593), (0.446903, 0.707114), (0.44521, 0.70458), (0.445043, 0.70402896), (0.454882, 0.705268), (0.446376, 0.699086), (0.448643, 0.699064), (0.44987, 0.699054), (0.44987, 0.699036), (0.44988, 0.697783), (0.449902, 0.6955), (0.45486, 0.695712), (0.455414, 0.694376), (0.454845, 0.694203), (0.454882, 0.69791496), (0.454891, 0.699053), (0.454963, 0.699054), (0.456208, 0.699064), (0.458474, 0.699086), (0.45486, 0.707471), (0.449902, 0.707682), (0.44988, 0.7054), (0.44987, 0.704147), (0.448723, 0.70406497), (0.446504, 0.704044), (0.454892, 0.70407796), (0.454894, 0.704076), (0.454892, 0.704076), (0.466063, 0.701591), (0.452425, 0.687895), (0.449869, 0.704075), (0.288826, 0.608496), (0.296009, 0.60463), (0.294187, 0.603135), (0.295186, 0.612745), (0.291797, 0.610933), (0.292692, 0.601314), (0.286389, 0.605525), (0.298348, 0.601129), (0.297164, 0.600158), (0.298863, 0.61386), (0.298087, 0.605741), (0.299698, 0.601851), (0.284577, 0.602136), (0.291581, 0.599235), (0.296193, 0.598974), (0.30023, 0.598312), (0.300221, 0.597122), (0.300203, 0.59712), (0.321911, 0.590811), (0.316355, 0.592329), (0.322289, 0.594635), (0.321911, 0.598459), (0.316357, 0.596888), (0.314476, 0.59698), (0.313792, 0.599235), (0.320796, 0.602136), (0.318985, 0.605525), (0.312682, 0.601313), (0.316547, 0.608496), (0.311187, 0.603135), (0.309365, 0.60463), (0.313577, 0.610933), (0.310188, 0.612745), (0.307287, 0.605741), (0.305075, 0.606642), (0.306511, 0.61386), (0.305013, 0.608245), (0.302687, 0.614237), (0.30045, 0.60824704), (0.300342, 0.606425), (0.290897, 0.59698), (0.283462, 0.598459), (0.290896, 0.59696), (0.289091, 0.59689), (0.283086, 0.594635), (0.289049, 0.594635), (0.289091, 0.592326), (0.284577, 0.587134), (0.283462, 0.590811), (0.290756, 0.592262), (0.286389, 0.583745), (0.291581, 0.59003496), (0.292692, 0.587957), (0.294187, 0.586136), (0.288826, 0.580775), (0.291797, 0.578337), (0.296009, 0.584641), (0.295186, 0.576526), (0.298087, 0.58353), (0.300342, 0.582846), (0.298863, 0.57541096), (0.30038, 0.582842), (0.300452, 0.58098), (0.302687, 0.575034), (0.302687, 0.580939), (0.305012, 0.58098197), (0.310188, 0.576526), (0.306511, 0.57541096), (0.305075, 0.58262897), (0.309365, 0.584641), (0.313577, 0.578337), (0.311187, 0.586136), (0.316547, 0.580775), (0.318985, 0.583745), (0.312682, 0.587957), (0.320796, 0.587134), (0.313792, 0.59003496), (0.314619, 0.592262), (0.300376, 0.606254), (0.300252, 0.600514), (0.295471, 0.597624), (0.298985, 0.59710896), (0.300218, 0.59712), (0.300221, 0.59712), (0.314385, 0.596962), (0.314479, 0.59696), (0.309902, 0.597624), (0.309181, 0.598974), (0.308209, 0.600158), (0.307026, 0.601129), (0.305676, 0.601851), (0.305197, 0.601996), (0.305084, 0.606409), (0.30038, 0.606429), (0.295304, 0.59707296), (0.290989, 0.596962), (0.295321, 0.592143), (0.290908, 0.592256), (0.295471, 0.591647), (0.297164, 0.589113), (0.296193, 0.59029603), (0.298348, 0.58814204), (0.299698, 0.58742), (0.300268, 0.587247), (0.300376, 0.58301604), (0.305197, 0.587275), (0.307287, 0.58353), (0.305084, 0.582862), (0.307026, 0.58814204), (0.305676, 0.58742), (0.308209, 0.589113), (0.309181, 0.59029603), (0.310053, 0.592143), (0.314466, 0.592256), (0.300268, 0.602023), (0.296766, 0.597088), (0.308609, 0.597088), (0.31007, 0.59707296), (0.306389, 0.59710896), (0.305243, 0.597119), (0.305242, 0.597191), (0.305232, 0.598444), (0.30521, 0.600726), (0.296638, 0.59213), (0.298904, 0.592108), (0.300149, 0.592098), (0.30023, 0.590959), (0.300252, 0.58875597), (0.30521, 0.588544), (0.305232, 0.590827), (0.305242, 0.59208), (0.306469, 0.592108), (0.308736, 0.59213), (0.309902, 0.591647), (0.316398, 0.594635), (0.302687, 0.608288), (0.300221, 0.59209704), (0.305242, 0.592098), (0.22896, 0.41175503), (0.235965, 0.408854), (0.235139, 0.406627), (0.227846, 0.408078), (0.233402, 0.40656), (0.227468, 0.40425402), (0.237075, 0.410932), (0.239703, 0.40674597), (0.23529, 0.40663302), (0.227846, 0.40043002), (0.2334, 0.40200102), (0.235281, 0.401909), (0.230772, 0.41514403), (0.23857, 0.412753), (0.240576, 0.408593), (0.239855, 0.407242), (0.24102, 0.40675902), (0.235965, 0.39965397), (0.22896, 0.396753), (0.235372, 0.401927), (0.235278, 0.40192902), (0.236179, 0.42055202), (0.23321, 0.418114), (0.241548, 0.40977597), (0.243288, 0.40678102), (0.237075, 0.39757597), (0.230772, 0.393364), (0.23321, 0.39039302), (0.23857, 0.39575398), (0.240391, 0.39425898), (0.236179, 0.38795602), (0.239569, 0.38614398), (0.242471, 0.393148), (0.244681, 0.39224702), (0.243247, 0.38502902), (0.244744, 0.390644), (0.247069, 0.38465202), (0.250894, 0.38502902), (0.249306, 0.390642), (0.249414, 0.39246398), (0.25167, 0.393148), (0.254572, 0.38614398), (0.253748, 0.39425898), (0.257959, 0.38795602), (0.26093, 0.39039302), (0.255568, 0.39575398), (0.257065, 0.39757597), (0.263369, 0.393364), (0.26518, 0.396753), (0.258175, 0.39965397), (0.25886, 0.401909), (0.266295, 0.40043002), (0.258862, 0.40192902), (0.260666, 0.401999), (0.266672, 0.40425402), (0.260707, 0.40425402), (0.260666, 0.40656298), (0.26518, 0.41175503), (0.266295, 0.408078), (0.259001, 0.406627), (0.263369, 0.41514403), (0.258175, 0.408854), (0.257065, 0.410932), (0.255568, 0.412753), (0.26093, 0.418114), (0.257959, 0.42055202), (0.253748, 0.414248), (0.254572, 0.42236298), (0.25167, 0.41535902), (0.249414, 0.41604298), (0.250894, 0.423478), (0.249375, 0.41604698), (0.249306, 0.41790903), (0.247069, 0.423855), (0.247069, 0.41794997), (0.244746, 0.417908), (0.239569, 0.42236298), (0.243247, 0.423478), (0.244681, 0.41626), (0.240391, 0.414248), (0.244515, 0.40680897), (0.244515, 0.40679097), (0.239855, 0.40126503), (0.24115, 0.401801), (0.239687, 0.401816), (0.240576, 0.39991498), (0.241548, 0.398731), (0.24273, 0.39775997), (0.244081, 0.39703798), (0.244561, 0.39689302), (0.244674, 0.39248002), (0.24938, 0.39263397), (0.249375, 0.392461), (0.250058, 0.39703798), (0.251408, 0.39775997), (0.252592, 0.398731), (0.253563, 0.39991498), (0.254286, 0.40126503), (0.254451, 0.401816), (0.258768, 0.401927), (0.254437, 0.40674597), (0.25885, 0.40663302), (0.254286, 0.407242), (0.253563, 0.408593), (0.252592, 0.40977597), (0.251408, 0.410747), (0.250058, 0.41146898), (0.249491, 0.41164201), (0.24938, 0.415873), (0.244561, 0.411614), (0.242471, 0.41535902), (0.244674, 0.416027), (0.24273, 0.410747), (0.244525, 0.40806198), (0.243367, 0.40178), (0.244513, 0.40177), (0.244515, 0.401698), (0.244525, 0.40044498), (0.244547, 0.39816302), (0.249505, 0.39837402), (0.249491, 0.39686602), (0.249527, 0.400577), (0.249536, 0.40176803), (0.249553, 0.40177), (0.250773, 0.40178), (0.252991, 0.401801), (0.253118, 0.40675902), (0.250853, 0.40678102), (0.249608, 0.40679199), (0.249536, 0.40679199), (0.249527, 0.40793002), (0.249505, 0.410133), (0.244547, 0.41034502), (0.244081, 0.41146898), (0.249539, 0.40176898), (0.249536, 0.40176898), (0.233359, 0.40425402), (0.247069, 0.39060098), (0.549581, 0.89636), (0.548942, 0.892689), (0.549581, 0.892683), (0.548336, 0.896447), (0.548336, 0.892727), (0.394114, 0.34167302), (0.390486, 0.3401), (0.390395, 0.340544), (0.394287, 0.341254), (0.390602, 0.33950102), (0.394522, 0.34069002), (0.390726, 0.33887398), (0.549581, 0.899749), (0.548942, 0.896372), (0.548942, 0.899767), (0.397544, 0.34350502), (0.397794, 0.34312803), (0.398135, 0.34262103), (0.394767, 0.34009898), (0.548942, 0.902742), (0.548336, 0.899875), (0.400547, 0.345971), (0.401302, 0.34521902), (0.398491, 0.342089), (0.283246, 0.55095804), (0.286199, 0.551595), (0.283224, 0.551595), (0.283086, 0.552202), (0.403017, 0.34897602), (0.400869, 0.34565097), (0.403392, 0.348724), (0.403896, 0.34838498), (0.401753, 0.34476697), (0.289606, 0.55095804), (0.286217, 0.55095804), (0.289593, 0.551595), (0.28609, 0.552202), (0.404847, 0.352404), (0.405828, 0.35199702), (0.404429, 0.34802997), (0.293283, 0.55095804), (0.293276, 0.551595), (0.289518, 0.552202), (0.406419, 0.356035), (0.405265, 0.35223103), (0.407644, 0.35579097), (0.406419, 0.35175198), (0.517889, 0.67634296), (0.521713, 0.675706), (0.517884, 0.675706), (0.517845, 0.675099), (0.366698, 0.35999203), (0.366636, 0.363949), (0.367078, 0.36386102), (0.366247, 0.35999203), (0.366035, 0.36406797), (0.365637, 0.35999203), (0.365411, 0.36419302), (0.525538, 0.67634296), (0.521713, 0.67634296), (0.525542, 0.675706), (0.521713, 0.675099), (0.367078, 0.35612398), (0.366035, 0.35591602), (0.364998, 0.35999203), (0.529228, 0.675706), (0.525581, 0.675099), (0.367789, 0.35223103), (0.366636, 0.356035), (0.367227, 0.35199702), (0.366636, 0.35175198), (0.365411, 0.35579097), (0.532605, 0.67634296), (0.529213, 0.67634296), (0.53273, 0.675099), (0.529304, 0.675099), (0.368207, 0.352404), (0.369663, 0.348724), (0.369158, 0.34838498), (0.535599, 0.675706), (0.53262, 0.675706), (0.372507, 0.345971), (0.370042, 0.34897602), (0.372185, 0.34565097), (0.371753, 0.34521902), (0.368625, 0.34802997), (0.549581, 0.877969), (0.548942, 0.874976), (0.549581, 0.874999), (0.548336, 0.877843), (0.548336, 0.874838), (0.37526, 0.34312803), (0.374919, 0.34262103), (0.374564, 0.342089), (0.371301, 0.34476697), (0.548942, 0.881346), (0.548942, 0.877951), (0.378941, 0.34167302), (0.37551, 0.34350502), (0.378768, 0.341254), (0.378532, 0.34069002), (0.549581, 0.881358), (0.548942, 0.885029), (0.548336, 0.884991), (0.548336, 0.881271), (0.382659, 0.340544), (0.382453, 0.33950102), (0.378287, 0.34009898), (0.549581, 0.888859), (0.549581, 0.885035), (0.548336, 0.888859), (0.386527, 0.33971), (0.382568, 0.3401), (0.386527, 0.3391), (0.386527, 0.33846003), (0.382328, 0.33887398), (0.548942, 0.888859), (0.386527, 0.340163), (0.407418, 0.35999203), (0.408057, 0.35999203), (0.407019, 0.35591602), (0.406808, 0.35999203), (0.406356, 0.35999203), (0.297107, 0.552202), (0.297107, 0.551595), (0.297107, 0.55095804), (0.407019, 0.36406797), (0.407644, 0.36419302), (0.406419, 0.363949), (0.405976, 0.36386102), (0.300937, 0.551595), (0.300975, 0.552202), (0.300931, 0.55095804), (0.405828, 0.36798698), (0.406419, 0.368232), (0.405265, 0.36775398), (0.404847, 0.36758), (0.304695, 0.552202), (0.30462, 0.551595), (0.304608, 0.55095804), (0.403896, 0.37159902), (0.404429, 0.37195498), (0.403392, 0.37126), (0.403017, 0.371009), (0.308014, 0.551595), (0.308123, 0.552202), (0.307997, 0.55095804), (0.401302, 0.37476498), (0.401753, 0.37521797), (0.400869, 0.37433398), (0.400547, 0.374013), (0.311128, 0.552202), (0.310989, 0.551595), (0.310967, 0.55095804), (0.398135, 0.37736303), (0.398491, 0.377895), (0.397794, 0.37685603), (0.397544, 0.37647903), (0.42544, 0.857725), (0.424833, 0.860838), (0.42544, 0.86073), (0.424833, 0.857863), (0.424196, 0.860856), (0.394522, 0.37929398), (0.394767, 0.37988502), (0.394287, 0.37873), (0.394114, 0.378312), (0.424833, 0.864233), (0.42544, 0.86415803), (0.424196, 0.864245), (0.390602, 0.38048297), (0.390726, 0.38111), (0.390486, 0.379884), (0.390395, 0.37944), (0.42544, 0.867878), (0.424833, 0.867916), (0.424196, 0.867922), (0.386527, 0.38152403), (0.386527, 0.380884), (0.386527, 0.380274), (0.386527, 0.379821), (0.42544, 0.871746), (0.424833, 0.871746), (0.424196, 0.871746), (0.382328, 0.38111), (0.382453, 0.38048297), (0.382568, 0.379884), (0.382659, 0.37944), (0.42544, 0.875615), (0.424833, 0.875576), (0.424196, 0.87557), (0.378287, 0.37988502), (0.378532, 0.37929398), (0.378768, 0.37873), (0.378941, 0.378312), (0.424833, 0.879259), (0.42544, 0.879334), (0.424196, 0.879247), (0.374919, 0.37736303), (0.374564, 0.377895), (0.37526, 0.37685603), (0.37551, 0.37647903), (0.424833, 0.882654), (0.42544, 0.882762), (0.424196, 0.882636), (0.371301, 0.37521797), (0.371753, 0.37476498), (0.372185, 0.37433398), (0.372507, 0.374013), (0.424833, 0.885629), (0.42544, 0.885767), (0.424196, 0.885606), (0.368625, 0.37195498), (0.369158, 0.37159902), (0.369663, 0.37126), (0.370042, 0.371009), (0.510696, 0.675099), (0.507832, 0.675706), (0.510807, 0.675706), (0.510826, 0.67634296), (0.367227, 0.36798698), (0.366636, 0.368232), (0.367789, 0.36775398), (0.368207, 0.36758), (0.514127, 0.675099), (0.514203, 0.675706), (0.514213, 0.67634296), (0.549581, 0.902719), (0.548336, 0.90288), (0.293238, 0.552202), (0.405976, 0.35612398), (0.535575, 0.67634296), (0.535733, 0.675099), (0.424196, 0.857886), (0.507693, 0.675099), (0.507852, 0.67634296), (0.365411, 0.62263703), (0.365637, 0.618436), (0.364998, 0.618436), (0.366035, 0.622512), (0.366247, 0.618436), (0.366636, 0.622393), (0.366698, 0.618436), (0.45968, 0.81842), (0.45585, 0.819027), (0.45968, 0.819027), (0.45968, 0.819664), (0.365411, 0.61423504), (0.366035, 0.61436), (0.366636, 0.614479), (0.367078, 0.614568), (0.46351, 0.819027), (0.463548, 0.81842), (0.463504, 0.819664), (0.366636, 0.62667596), (0.367227, 0.626431), (0.367789, 0.626198), (0.367078, 0.62230396), (0.452092, 0.81842), (0.455811, 0.81842), (0.452166, 0.819027), (0.455856, 0.819664), (0.367227, 0.61044097), (0.366636, 0.610196), (0.367789, 0.610674), (0.368207, 0.610848), (0.467193, 0.819027), (0.467268, 0.81842), (0.467181, 0.819664), (0.368625, 0.60647404), (0.369158, 0.606829), (0.369663, 0.60716796), (0.370042, 0.60741997), (0.470587, 0.819027), (0.470696, 0.81842), (0.47057, 0.819664), (0.371301, 0.603211), (0.371753, 0.60366297), (0.372185, 0.604095), (0.372507, 0.604415), (0.473701, 0.81842), (0.473563, 0.819027), (0.47354, 0.819664), (0.374919, 0.60106504), (0.374564, 0.600533), (0.37526, 0.60157204), (0.37551, 0.601949), (0.283086, 0.509048), (0.283693, 0.51216197), (0.283086, 0.512053), (0.283693, 0.509187), (0.28433, 0.51218), (0.378287, 0.598543), (0.378532, 0.59913397), (0.378768, 0.599698), (0.378941, 0.600116), (0.283693, 0.515556), (0.283086, 0.515481), (0.28433, 0.515568), (0.382453, 0.597945), (0.382328, 0.597318), (0.382568, 0.598544), (0.382659, 0.598988), (0.283693, 0.519239), (0.283086, 0.51920104), (0.28433, 0.519246), (0.386527, 0.59690404), (0.386527, 0.597544), (0.386527, 0.598154), (0.386527, 0.598607), (0.283693, 0.52307), (0.283086, 0.52307), (0.28433, 0.52307), (0.390602, 0.597945), (0.390726, 0.597318), (0.390486, 0.598544), (0.390395, 0.598988), (0.283693, 0.5269), (0.283086, 0.52693796), (0.28433, 0.526894), (0.394522, 0.59913397), (0.394767, 0.598543), (0.394287, 0.599698), (0.394114, 0.600116), (0.283693, 0.530583), (0.283086, 0.530658), (0.28433, 0.530571), (0.398491, 0.600533), (0.398135, 0.60106504), (0.397794, 0.60157204), (0.397544, 0.601949), (0.283693, 0.53397703), (0.283086, 0.534086), (0.28433, 0.53396), (0.401302, 0.60366297), (0.401753, 0.603211), (0.400869, 0.604095), (0.400547, 0.604415), (0.283693, 0.536952), (0.283086, 0.537091), (0.28433, 0.53692997), (0.404429, 0.60647297), (0.403896, 0.606829), (0.403392, 0.60716796), (0.403017, 0.60741997), (0.447798, 0.926548), (0.450911, 0.925941), (0.450803, 0.926548), (0.447959, 0.925304), (0.450929, 0.925304), (0.405828, 0.61044097), (0.406419, 0.610196), (0.405265, 0.610674), (0.404847, 0.610848), (0.454306, 0.925941), (0.454231, 0.926548), (0.454318, 0.925304), (0.407019, 0.61436), (0.407644, 0.61423504), (0.406419, 0.614479), (0.405976, 0.614568), (0.457989, 0.925941), (0.45795, 0.926548), (0.457995, 0.925304), (0.407418, 0.618436), (0.408057, 0.618436), (0.406808, 0.618436), (0.406356, 0.618436), (0.461819, 0.925941), (0.461819, 0.926548), (0.461819, 0.925304), (0.407019, 0.622512), (0.407644, 0.62263703), (0.406419, 0.622393), (0.405976, 0.62230396), (0.465649, 0.925941), (0.465687, 0.926548), (0.465643, 0.925304), (0.405828, 0.626431), (0.406419, 0.62667596), (0.405265, 0.626198), (0.404847, 0.626024), (0.469332, 0.925941), (0.469407, 0.926548), (0.46932, 0.925304), (0.404429, 0.63039804), (0.403896, 0.630043), (0.403392, 0.629704), (0.403017, 0.629452), (0.472727, 0.925941), (0.472835, 0.926548), (0.472709, 0.925304), (0.401753, 0.63366103), (0.401302, 0.633209), (0.400869, 0.632777), (0.400547, 0.632457), (0.475702, 0.925941), (0.47584, 0.926548), (0.475679, 0.925304), (0.398135, 0.63580704), (0.398491, 0.636339), (0.397794, 0.63530004), (0.397544, 0.634923), (0.314204, 0.473549), (0.313599, 0.47068298), (0.313599, 0.47365803), (0.31296, 0.473675), (0.394522, 0.637738), (0.394767, 0.638329), (0.394287, 0.637174), (0.394114, 0.636756), (0.313599, 0.47705197), (0.314204, 0.476977), (0.31296, 0.477064), (0.390726, 0.639554), (0.390602, 0.638927), (0.390486, 0.63832796), (0.314656, 0.480609), (0.314204, 0.48069698), (0.313599, 0.480735), (0.31296, 0.48074102), (0.386397, 0.639328), (0.386335, 0.63996804), (0.38646, 0.638718), (0.314204, 0.48458803), (0.314656, 0.48463398), (0.313599, 0.484569), (0.31296, 0.48456502), (0.382453, 0.638927), (0.382328, 0.639554), (0.382568, 0.63832796), (0.382659, 0.637884), (0.313599, 0.488396), (0.314204, 0.48843402), (0.31296, 0.48838902), (0.378287, 0.638329), (0.378532, 0.637738), (0.378768, 0.637174), (0.378941, 0.636756), (0.313599, 0.49207902), (0.314204, 0.492154), (0.31296, 0.49206698), (0.374919, 0.63580704), (0.374564, 0.636339), (0.37526, 0.63530004), (0.37551, 0.634923), (0.313599, 0.49547303), (0.314204, 0.49558198), (0.31296, 0.49545503), (0.371753, 0.633209), (0.371301, 0.63366103), (0.372185, 0.632777), (0.372507, 0.632457), (0.313599, 0.498448), (0.314204, 0.498587), (0.31296, 0.49842602), (0.368625, 0.630399), (0.369158, 0.630043), (0.369663, 0.629704), (0.370042, 0.629452), (0.445659, 0.81842), (0.448772, 0.819027), (0.448663, 0.81842), (0.445797, 0.819027), (0.44879, 0.819664), (0.368207, 0.626024), (0.452179, 0.819664), (0.28433, 0.50920904), (0.447936, 0.925941), (0.314204, 0.47054398), (0.31296, 0.47070497), (0.44582, 0.819664), (0.660441, 0.35579097), (0.660215, 0.35999203), (0.660854, 0.35999203), (0.659812, 0.35591602), (0.659605, 0.35999203), (0.659216, 0.356035), (0.659153, 0.35999203), (0.476793, 0.808897), (0.472963, 0.808289), (0.476793, 0.808289), (0.476793, 0.807653), (0.659812, 0.36406797), (0.660441, 0.36419302), (0.659216, 0.363949), (0.658769, 0.36386102), (0.480623, 0.808289), (0.480661, 0.808897), (0.480617, 0.807653), (0.659216, 0.35175198), (0.658625, 0.35199702), (0.658063, 0.35223103), (0.658769, 0.35612398), (0.469204, 0.808897), (0.472924, 0.808897), (0.469291, 0.807653), (0.472969, 0.807653), (0.658625, 0.36798698), (0.659216, 0.368232), (0.658063, 0.36775398), (0.657645, 0.36758), (0.484306, 0.808289), (0.484381, 0.808897), (0.484294, 0.807653), (0.657227, 0.37195498), (0.656693, 0.37159902), (0.656189, 0.37126), (0.655809, 0.371009), (0.4877, 0.808289), (0.487809, 0.808897), (0.487683, 0.807653), (0.654094, 0.37476498), (0.65455, 0.37521797), (0.653666, 0.37433398), (0.653345, 0.374013), (0.490676, 0.808289), (0.490814, 0.808897), (0.490653, 0.807653), (0.650928, 0.37736303), (0.651283, 0.377895), (0.650591, 0.37685603), (0.650337, 0.37647903), (0.299232, 0.512053), (0.298625, 0.509187), (0.298625, 0.51216197), (0.297988, 0.51218), (0.647564, 0.37988502), (0.647319, 0.37929398), (0.647084, 0.37873), (0.646911, 0.378312), (0.298625, 0.515556), (0.299232, 0.515481), (0.297988, 0.515568), (0.643399, 0.38048297), (0.643524, 0.38111), (0.643279, 0.379884), (0.643192, 0.37944), (0.298625, 0.519239), (0.299232, 0.51920104), (0.297988, 0.519246), (0.639324, 0.38152403), (0.639324, 0.380884), (0.639324, 0.380274), (0.639324, 0.379821), (0.298625, 0.52307), (0.299232, 0.52307), (0.297988, 0.52307), (0.635245, 0.38048297), (0.63512, 0.38111), (0.635365, 0.379884), (0.635452, 0.37944), (0.298625, 0.5269), (0.299232, 0.52693796), (0.297988, 0.526894), (0.63133, 0.37929398), (0.631085, 0.37988502), (0.63156, 0.37873), (0.631733, 0.378312), (0.298625, 0.530583), (0.299232, 0.530658), (0.297988, 0.530571), (0.627361, 0.377895), (0.627716, 0.37736303), (0.628053, 0.37685603), (0.628307, 0.37647903), (0.298625, 0.53397703), (0.299232, 0.534086), (0.297988, 0.53396), (0.62455, 0.37476498), (0.624099, 0.37521797), (0.624983, 0.37433398), (0.6253, 0.374013), (0.298625, 0.536952), (0.299232, 0.537091), (0.297988, 0.53692997), (0.621951, 0.37159902), (0.621418, 0.37195498), (0.62246, 0.37126), (0.622835, 0.371009), (0.472194, 0.675099), (0.469327, 0.675706), (0.472302, 0.675706), (0.46935, 0.67634296), (0.47232, 0.67634296), (0.619428, 0.368232), (0.620019, 0.36798698), (0.620586, 0.36775398), (0.621004, 0.36758), (0.475697, 0.675706), (0.475622, 0.675099), (0.475709, 0.67634296), (0.618203, 0.36419302), (0.618833, 0.36406797), (0.619428, 0.363949), (0.619875, 0.36386102), (0.47938, 0.675706), (0.479342, 0.675099), (0.479386, 0.67634296), (0.618429, 0.35999203), (0.61779, 0.35999203), (0.619039, 0.35999203), (0.619496, 0.35999203), (0.48321, 0.675706), (0.48321, 0.675099), (0.48321, 0.67634296), (0.618833, 0.35591602), (0.618203, 0.35579097), (0.619428, 0.356035), (0.619875, 0.35612398), (0.48704, 0.675706), (0.487078, 0.675099), (0.487034, 0.67634296), (0.619428, 0.35175198), (0.620019, 0.35199702), (0.620586, 0.35223103), (0.621004, 0.352404), (0.490723, 0.675706), (0.490798, 0.675099), (0.490711, 0.67634296), (0.621418, 0.34802997), (0.621951, 0.34838498), (0.62246, 0.348724), (0.622835, 0.34897602), (0.494118, 0.675706), (0.494227, 0.675099), (0.4941, 0.67634296), (0.62455, 0.34521902), (0.624099, 0.34476697), (0.624983, 0.34565097), (0.6253, 0.345971), (0.497231, 0.675099), (0.497093, 0.675706), (0.49707, 0.67634296), (0.627716, 0.34262103), (0.627361, 0.342089), (0.628053, 0.34312803), (0.628307, 0.34350502), (0.257416, 0.434179), (0.258021, 0.437293), (0.257416, 0.43718398), (0.258021, 0.434318), (0.25866, 0.43730998), (0.631085, 0.34009898), (0.63133, 0.34069002), (0.63156, 0.341254), (0.631733, 0.34167302), (0.258021, 0.440687), (0.257416, 0.44061202), (0.25866, 0.44069898), (0.63512, 0.33887398), (0.635245, 0.33950102), (0.635365, 0.3401), (0.635452, 0.340544), (0.258021, 0.44436997), (0.257416, 0.444332), (0.25866, 0.444376), (0.639324, 0.33846003), (0.639324, 0.3391), (0.639324, 0.33971), (0.639324, 0.340163), (0.258021, 0.4482), (0.257416, 0.4482), (0.25866, 0.4482), (0.643399, 0.33950102), (0.643524, 0.33887398), (0.643279, 0.3401), (0.643192, 0.340544), (0.258021, 0.45203102), (0.257416, 0.45206898), (0.25866, 0.45202398), (0.647564, 0.34009898), (0.647319, 0.34069002), (0.647084, 0.341254), (0.646911, 0.34167302), (0.258021, 0.455714), (0.257416, 0.45578903), (0.25866, 0.455702), (0.650928, 0.34262103), (0.651283, 0.342089), (0.650591, 0.34312803), (0.650337, 0.34350502), (0.257416, 0.459217), (0.258021, 0.459108), (0.25866, 0.45909), (0.654094, 0.34521902), (0.65455, 0.34476697), (0.653666, 0.34565097), (0.653345, 0.345971), (0.258021, 0.46208298), (0.257416, 0.46222198), (0.25866, 0.462061), (0.657227, 0.34802997), (0.656693, 0.34838498), (0.656189, 0.348724), (0.655809, 0.34897602), (0.462772, 0.808897), (0.465885, 0.808289), (0.465776, 0.808897), (0.46291, 0.808289), (0.465903, 0.807653), (0.657645, 0.352404), (0.469279, 0.808289), (0.299232, 0.509048), (0.297988, 0.50920904), (0.469189, 0.675099), (0.25866, 0.43434), (0.462932, 0.807653)] (
                interpolation = "vertex"
            )
            uniform token subdivisionScheme = "none"
        }

        def Mesh "geo_1" (
            prepend apiSchemas = ["MaterialBindingAPI", "PhysicsCollisionAPI", "PhysicsMeshCollisionAPI"]
        )
        {
            int[] faceVertexCounts = [3, 3, 3, 3, 3, 3, 3, 3, 3, 3, 3, 3, 3, 3, 3, 3, 3, 3, 3, 3, 3, 3, 3, 3, 3, 3, 3, 3, 3, 3, 3, 3, 3, 3, 3, 3, 3, 3, 3, 3, 3, 3, 3, 3, 3, 3, 3, 3, 3, 3, 3, 3, 3, 3, 3, 3, 3, 3, 3, 3, 3, 3, 3, 3, 3, 3, 3, 3, 3, 3, 3, 3, 3, 3, 3, 3, 3, 3, 3, 3, 3, 3, 3, 3, 3, 3, 3, 3, 3, 3, 3, 3, 3, 3, 3, 3, 3, 3, 3, 3, 3, 3, 3, 3, 3, 3, 3, 3, 3, 3, 3, 3, 3, 3, 3, 3, 3, 3, 3, 3, 3, 3, 3, 3, 3, 3, 3, 3, 3, 3, 3, 3, 3, 3, 3, 3, 3, 3, 3, 3, 3, 3, 3, 3, 3, 3, 3, 3, 3, 3, 3, 3, 3, 3, 3, 3, 3, 3, 3, 3, 3, 3, 3, 3, 3, 3, 3, 3, 3, 3, 3, 3, 3, 3, 3, 3, 3, 3, 3, 3, 3, 3, 3, 3, 3, 3, 3, 3, 3, 3, 3, 3, 3, 3, 3, 3, 3, 3, 3, 3, 3, 3, 3, 3, 3, 3, 3, 3, 3, 3, 3, 3, 3, 3, 3, 3, 3, 3, 3, 3, 3, 3, 3, 3, 3, 3, 3, 3, 3, 3, 3, 3, 3, 3, 3, 3, 3, 3, 3, 3, 3, 3, 3, 3, 3, 3, 3, 3, 3, 3, 3, 3, 3, 3, 3, 3, 3, 3, 3, 3, 3, 3, 3, 3, 3, 3, 3, 3, 3, 3, 3, 3, 3, 3, 3, 3, 3, 3, 3, 3, 3, 3, 3, 3, 3, 3, 3, 3, 3, 3, 3, 3, 3, 3, 3, 3, 3, 3, 3, 3, 3, 3, 3, 3, 3, 3, 3, 3, 3, 3, 3, 3, 3, 3, 3, 3, 3, 3, 3, 3, 3, 3, 3, 3, 3, 3, 3, 3, 3, 3, 3, 3, 3, 3, 3, 3, 3, 3, 3, 3, 3, 3, 3, 3, 3, 3, 3, 3, 3, 3, 3, 3, 3, 3, 3, 3, 3, 3, 3, 3, 3, 3, 3, 3, 3, 3, 3, 3, 3, 3, 3, 3, 3, 3, 3, 3, 3, 3, 3, 3, 3, 3, 3, 3, 3, 3, 3, 3, 3, 3, 3, 3, 3, 3, 3, 3, 3, 3, 3, 3, 3, 3, 3, 3, 3, 3, 3, 3, 3, 3, 3, 3, 3, 3, 3, 3, 3, 3, 3, 3, 3, 3, 3, 3, 3, 3, 3, 3, 3, 3, 3, 3, 3, 3, 3, 3, 3, 3, 3, 3, 3, 3, 3, 3, 3, 3, 3, 3, 3, 3, 3, 3, 3, 3, 3, 3, 3, 3, 3, 3, 3, 3, 3, 3, 3, 3, 3, 3, 3, 3, 3, 3, 3, 3, 3, 3, 3, 3, 3, 3, 3, 3, 3, 3, 3, 3, 3, 3, 3, 3, 3, 3, 3, 3, 3, 3, 3, 3, 3, 3, 3, 3, 3, 3, 3, 3, 3, 3, 3, 3, 3, 3, 3, 3, 3, 3, 3, 3, 3, 3, 3, 3, 3, 3, 3, 3, 3, 3, 3, 3, 3, 3, 3, 3, 3, 3, 3, 3, 3, 3, 3, 3, 3, 3, 3, 3, 3, 3, 3, 3, 3, 3, 3, 3, 3, 3, 3, 3, 3, 3, 3, 3, 3, 3, 3, 3, 3, 3, 3, 3, 3, 3, 3, 3, 3, 3, 3, 3, 3, 3, 3, 3, 3, 3, 3, 3, 3, 3, 3, 3, 3, 3, 3, 3, 3, 3, 3, 3, 3, 3, 3, 3, 3, 3, 3, 3, 3, 3, 3, 3, 3, 3, 3, 3, 3, 3, 3, 3, 3, 3, 3, 3, 3, 3, 3, 3, 3, 3, 3, 3, 3, 3, 3, 3, 3, 3, 3, 3, 3, 3, 3, 3, 3, 3, 3, 3, 3, 3, 3, 3, 3, 3, 3, 3, 3, 3, 3, 3, 3, 3, 3, 3, 3, 3, 3, 3, 3, 3, 3, 3, 3, 3, 3, 3, 3, 3, 3, 3, 3, 3, 3, 3, 3, 3, 3, 3, 3, 3, 3, 3, 3, 3, 3, 3, 3, 3, 3, 3, 3, 3, 3, 3, 3, 3, 3, 3, 3, 3, 3, 3, 3, 3, 3, 3, 3, 3, 3, 3, 3, 3, 3, 3, 3, 3, 3, 3, 3, 3, 3, 3, 3, 3, 3, 3, 3, 3, 3, 3, 3, 3, 3, 3, 3, 3, 3, 3, 3, 3, 3, 3, 3, 3, 3, 3, 3, 3, 3, 3, 3, 3, 3, 3, 3, 3, 3, 3, 3, 3, 3, 3, 3, 3, 3, 3, 3, 3, 3, 3, 3, 3, 3, 3, 3, 3, 3, 3, 3, 3, 3, 3, 3, 3, 3, 3, 3, 3, 3, 3, 3, 3, 3, 3, 3, 3, 3, 3, 3, 3, 3, 3, 3, 3, 3, 3, 3, 3, 3, 3, 3, 3, 3, 3, 3, 3, 3, 3, 3, 3, 3, 3, 3, 3, 3, 3, 3, 3, 3, 3, 3, 3, 3, 3, 3, 3, 3, 3, 3, 3, 3, 3, 3, 3, 3, 3, 3, 3, 3, 3, 3, 3, 3, 3, 3, 3, 3, 3, 3, 3, 3, 3, 3, 3, 3, 3, 3, 3, 3, 3, 3, 3, 3, 3, 3, 3, 3, 3, 3, 3, 3, 3, 3, 3, 3, 3, 3, 3, 3, 3, 3, 3, 3, 3, 3, 3, 3, 3, 3, 3, 3, 3, 3, 3, 3, 3, 3, 3, 3, 3, 3, 3, 3, 3, 3, 3, 3, 3, 3, 3, 3, 3, 3, 3, 3, 3, 3, 3, 3, 3, 3, 3, 3, 3, 3, 3, 3, 3, 3, 3, 3, 3, 3, 3, 3, 3, 3, 3, 3, 3, 3, 3, 3, 3, 3, 3, 3, 3, 3, 3, 3, 3, 3, 3, 3, 3, 3, 3, 3, 3, 3, 3, 3, 3, 3, 3, 3, 3, 3, 3, 3, 3, 3, 3, 3, 3, 3, 3, 3, 3, 3, 3, 3, 3, 3, 3, 3, 3, 3, 3, 3, 3, 3, 3, 3, 3, 3, 3, 3, 3, 3, 3, 3, 3, 3, 3, 3, 3, 3, 3, 3, 3, 3, 3, 3, 3, 3, 3, 3, 3, 3, 3, 3, 3, 3, 3, 3, 3, 3, 3, 3, 3, 3, 3, 3, 3, 3, 3, 3, 3, 3, 3, 3, 3, 3, 3, 3, 3, 3, 3, 3, 3, 3, 3, 3, 3, 3, 3, 3, 3, 3, 3, 3, 3, 3, 3, 3, 3, 3, 3, 3, 3, 3, 3, 3, 3, 3, 3, 3, 3, 3, 3, 3, 3, 3, 3, 3, 3, 3, 3, 3, 3, 3, 3, 3, 3, 3, 3, 3, 3, 3, 3, 3, 3, 3, 3, 3, 3, 3, 3, 3, 3, 3, 3, 3, 3, 3, 3, 3, 3, 3, 3, 3, 3, 3, 3, 3, 3, 3, 3, 3, 3, 3, 3, 3, 3, 3, 3, 3, 3, 3, 3, 3, 3, 3, 3, 3, 3, 3, 3, 3, 3, 3, 3, 3, 3, 3, 3, 3, 3, 3, 3, 3, 3, 3, 3, 3, 3, 3, 3, 3, 3, 3, 3, 3, 3, 3, 3, 3, 3, 3, 3, 3, 3, 3, 3, 3, 3, 3, 3, 3, 3, 3, 3, 3, 3, 3, 3, 3, 3, 3, 3, 3, 3, 3, 3, 3, 3, 3, 3, 3, 3, 3, 3, 3, 3, 3, 3, 3, 3, 3, 3, 3, 3, 3, 3, 3, 3, 3, 3, 3, 3, 3, 3, 3, 3, 3, 3, 3, 3, 3, 3, 3, 3, 3, 3, 3, 3, 3, 3, 3, 3, 3, 3, 3, 3, 3, 3, 3, 3, 3, 3, 3, 3, 3, 3, 3, 3, 3, 3, 3, 3, 3, 3, 3, 3, 3, 3, 3, 3, 3, 3, 3, 3, 3, 3, 3, 3, 3, 3, 3, 3, 3, 3, 3, 3, 3, 3, 3, 3, 3, 3, 3, 3, 3, 3, 3, 3, 3, 3, 3, 3, 3, 3, 3, 3, 3, 3, 3, 3, 3, 3, 3, 3, 3, 3, 3, 3, 3, 3, 3, 3, 3, 3, 3, 3, 3, 3, 3, 3, 3, 3, 3, 3, 3, 3, 3, 3, 3, 3, 3, 3, 3, 3, 3, 3, 3, 3, 3, 3, 3, 3, 3, 3, 3, 3, 3, 3, 3, 3, 3, 3, 3, 3, 3, 3, 3, 3, 3, 3, 3, 3, 3, 3, 3, 3, 3, 3, 3, 3, 3, 3, 3, 3, 3, 3, 3, 3, 3, 3, 3, 3, 3, 3, 3, 3, 3, 3, 3, 3, 3, 3, 3, 3, 3, 3, 3, 3, 3, 3, 3, 3, 3, 3, 3, 3, 3, 3, 3, 3, 3, 3, 3, 3, 3, 3, 3, 3, 3, 3, 3, 3, 3, 3, 3, 3, 3, 3, 3, 3, 3, 3, 3, 3, 3, 3, 3, 3, 3, 3, 3, 3, 3, 3, 3, 3, 3, 3, 3, 3, 3, 3, 3, 3, 3, 3, 3, 3, 3, 3, 3, 3, 3, 3, 3, 3, 3, 3, 3, 3, 3, 3, 3, 3, 3, 3, 3, 3, 3, 3, 3, 3, 3, 3, 3, 3, 3, 3, 3, 3, 3, 3, 3, 3, 3, 3, 3, 3, 3, 3, 3, 3, 3, 3, 3, 3, 3, 3, 3, 3, 3, 3, 3, 3, 3, 3, 3, 3, 3, 3, 3, 3, 3, 3, 3, 3, 3, 3, 3, 3, 3, 3, 3, 3, 3, 3, 3, 3, 3, 3, 3, 3, 3, 3, 3, 3, 3, 3, 3, 3, 3, 3, 3, 3, 3, 3, 3, 3, 3, 3, 3, 3, 3, 3, 3, 3, 3, 3, 3, 3, 3, 3, 3, 3, 3, 3, 3, 3, 3, 3, 3, 3, 3, 3, 3, 3, 3, 3, 3, 3, 3, 3, 3, 3, 3, 3, 3, 3, 3, 3, 3, 3, 3, 3, 3, 3, 3, 3, 3, 3, 3, 3, 3, 3, 3, 3, 3, 3, 3, 3, 3, 3, 3, 3, 3, 3, 3, 3, 3, 3, 3, 3, 3, 3, 3, 3, 3, 3, 3, 3, 3, 3, 3, 3, 3, 3, 3, 3, 3, 3, 3, 3, 3, 3, 3, 3, 3, 3, 3, 3, 3, 3, 3, 3, 3, 3, 3, 3, 3, 3, 3, 3, 3, 3, 3, 3, 3, 3, 3, 3, 3, 3, 3, 3, 3, 3, 3, 3, 3, 3, 3, 3, 3, 3, 3, 3, 3, 3, 3, 3, 3, 3, 3, 3, 3, 3, 3, 3, 3, 3, 3, 3, 3, 3, 3, 3, 3, 3, 3, 3, 3, 3, 3, 3, 3, 3, 3, 3, 3, 3, 3, 3, 3, 3, 3, 3, 3, 3, 3, 3, 3, 3, 3, 3, 3, 3, 3, 3, 3, 3, 3, 3, 3, 3, 3, 3, 3, 3, 3, 3, 3, 3, 3, 3, 3, 3, 3, 3, 3, 3, 3, 3, 3, 3, 3, 3, 3, 3, 3, 3, 3, 3, 3, 3, 3, 3, 3, 3, 3, 3, 3, 3, 3, 3, 3, 3, 3, 3, 3, 3, 3, 3, 3, 3, 3, 3, 3, 3, 3, 3, 3, 3, 3, 3, 3, 3, 3, 3, 3, 3, 3, 3, 3, 3, 3, 3, 3, 3, 3, 3, 3, 3, 3, 3, 3, 3, 3, 3, 3, 3, 3, 3, 3, 3, 3, 3, 3, 3, 3, 3, 3, 3, 3, 3, 3, 3, 3, 3, 3, 3, 3, 3, 3, 3, 3, 3, 3, 3, 3, 3, 3, 3, 3, 3, 3, 3, 3, 3, 3, 3, 3, 3, 3, 3, 3, 3, 3, 3, 3, 3, 3, 3, 3, 3, 3, 3, 3, 3, 3, 3, 3, 3, 3, 3, 3, 3, 3, 3, 3, 3, 3, 3, 3, 3, 3, 3, 3, 3, 3, 3, 3, 3, 3, 3, 3, 3, 3, 3, 3, 3, 3, 3, 3, 3, 3, 3, 3, 3, 3, 3, 3, 3, 3, 3, 3, 3, 3, 3, 3, 3, 3, 3, 3, 3, 3, 3, 3, 3, 3, 3, 3, 3, 3, 3, 3, 3, 3, 3, 3, 3, 3, 3, 3, 3, 3, 3, 3, 3, 3, 3, 3, 3, 3, 3, 3, 3, 3, 3, 3, 3, 3, 3, 3, 3, 3, 3, 3, 3, 3, 3, 3, 3, 3, 3, 3, 3, 3, 3, 3, 3, 3, 3, 3, 3, 3, 3, 3, 3, 3, 3, 3, 3, 3, 3, 3, 3, 3, 3, 3, 3, 3, 3, 3, 3, 3, 3, 3, 3, 3, 3, 3, 3, 3, 3, 3, 3, 3, 3, 3, 3, 3, 3, 3, 3, 3, 3, 3, 3, 3, 3, 3, 3, 3, 3, 3, 3, 3, 3, 3, 3, 3, 3, 3, 3, 3, 3, 3, 3, 3, 3, 3, 3, 3, 3, 3, 3, 3, 3, 3, 3, 3, 3, 3, 3, 3, 3, 3, 3, 3, 3, 3, 3, 3, 3, 3, 3, 3, 3, 3, 3, 3, 3, 3, 3, 3, 3, 3, 3, 3, 3, 3, 3, 3, 3, 3, 3, 3, 3, 3, 3, 3, 3, 3, 3, 3, 3, 3, 3, 3, 3, 3, 3, 3, 3, 3, 3, 3, 3, 3, 3, 3, 3, 3, 3, 3, 3, 3, 3, 3, 3, 3, 3, 3, 3, 3, 3, 3, 3, 3, 3, 3, 3, 3, 3, 3, 3, 3, 3, 3, 3, 3, 3, 3, 3, 3, 3, 3, 3, 3, 3, 3, 3, 3, 3, 3, 3, 3, 3, 3, 3, 3, 3, 3, 3, 3, 3, 3, 3, 3, 3, 3, 3, 3, 3, 3, 3, 3, 3, 3, 3, 3, 3, 3, 3, 3, 3, 3, 3, 3, 3, 3, 3, 3, 3, 3, 3, 3, 3, 3, 3, 3, 3, 3, 3, 3, 3, 3, 3, 3, 3, 3, 3, 3, 3, 3, 3, 3, 3, 3, 3, 3, 3, 3, 3, 3, 3, 3, 3, 3, 3, 3, 3, 3, 3, 3, 3, 3, 3, 3, 3, 3, 3, 3, 3, 3, 3, 3, 3, 3, 3, 3, 3, 3, 3, 3, 3, 3, 3, 3, 3, 3, 3, 3, 3, 3, 3, 3, 3, 3, 3, 3, 3, 3, 3, 3, 3, 3, 3, 3, 3, 3, 3, 3, 3, 3, 3, 3, 3, 3, 3, 3, 3, 3, 3, 3, 3, 3, 3, 3, 3, 3, 3, 3, 3, 3, 3, 3, 3, 3, 3, 3, 3, 3, 3, 3, 3, 3, 3, 3, 3, 3, 3, 3, 3, 3, 3, 3, 3, 3, 3, 3, 3, 3, 3, 3, 3, 3, 3, 3, 3, 3, 3, 3, 3, 3, 3, 3, 3, 3, 3, 3, 3, 3, 3, 3, 3, 3, 3, 3, 3, 3, 3, 3, 3, 3, 3, 3, 3, 3, 3, 3, 3, 3, 3, 3, 3, 3, 3, 3, 3, 3, 3, 3, 3, 3, 3, 3, 3, 3, 3, 3, 3, 3, 3, 3, 3, 3, 3, 3, 3, 3, 3, 3, 3, 3, 3, 3, 3, 3, 3, 3, 3, 3, 3, 3, 3, 3, 3, 3, 3, 3, 3, 3, 3, 3, 3, 3, 3, 3, 3, 3, 3, 3, 3, 3, 3, 3, 3, 3, 3, 3, 3, 3, 3, 3, 3, 3, 3, 3, 3, 3, 3, 3, 3, 3, 3, 3, 3, 3, 3, 3, 3, 3, 3, 3, 3, 3, 3, 3, 3, 3, 3, 3, 3, 3, 3, 3, 3, 3, 3, 3, 3, 3, 3, 3, 3, 3, 3, 3, 3, 3, 3, 3, 3, 3, 3, 3, 3, 3, 3, 3, 3, 3, 3, 3, 3, 3, 3, 3, 3, 3, 3, 3, 3, 3, 3, 3, 3, 3, 3, 3, 3, 3, 3, 3, 3, 3, 3, 3, 3, 3, 3, 3, 3, 3, 3, 3, 3, 3, 3, 3, 3, 3, 3, 3, 3, 3, 3, 3, 3, 3, 3, 3, 3, 3, 3, 3, 3, 3, 3, 3, 3, 3, 3, 3, 3, 3, 3, 3, 3, 3, 3, 3, 3, 3, 3, 3, 3, 3, 3, 3, 3, 3, 3, 3, 3, 3, 3, 3, 3, 3, 3, 3, 3, 3, 3, 3, 3, 3, 3, 3, 3, 3, 3, 3, 3, 3, 3, 3, 3, 3, 3, 3, 3, 3, 3, 3, 3, 3, 3, 3, 3, 3, 3, 3, 3, 3, 3, 3, 3, 3, 3, 3, 3, 3, 3, 3, 3, 3, 3, 3, 3, 3, 3, 3, 3, 3, 3, 3, 3, 3, 3, 3, 3, 3, 3, 3, 3, 3, 3, 3, 3, 3, 3, 3, 3, 3, 3, 3, 3, 3, 3, 3, 3, 3, 3, 3, 3, 3, 3, 3, 3, 3, 3, 3, 3, 3, 3, 3, 3, 3, 3, 3, 3, 3, 3, 3, 3, 3, 3, 3, 3, 3, 3, 3, 3, 3, 3, 3, 3, 3, 3, 3, 3, 3, 3, 3, 3, 3, 3, 3, 3, 3, 3, 3, 3, 3, 3, 3, 3, 3, 3, 3, 3, 3, 3, 3, 3, 3, 3, 3, 3, 3, 3, 3, 3, 3, 3, 3, 3, 3, 3, 3, 3, 3, 3, 3, 3, 3, 3, 3, 3, 3, 3, 3, 3, 3, 3, 3, 3, 3, 3, 3, 3, 3, 3, 3, 3, 3, 3, 3, 3, 3, 3, 3, 3]
            int[] faceVertexIndices = [0, 1, 2, 2, 3, 4, 3, 5, 4, 6, 7, 8, 9, 10, 7, 11, 2, 12, 12, 4, 13, 13, 5, 14, 15, 7, 16, 16, 10, 17, 18, 19, 1, 1, 20, 3, 3, 21, 22, 23, 9, 6, 24, 25, 9, 11, 26, 27, 12, 28, 26, 28, 14, 29, 30, 16, 31, 16, 32, 31, 27, 33, 34, 26, 35, 33, 28, 36, 35, 37, 31, 38, 31, 39, 38, 40, 33, 41, 41, 35, 42, 42, 36, 43, 44, 45, 46, 47, 48, 45, 49, 41, 50, 41, 51, 50, 42, 52, 51, 46, 53, 54, 45, 55, 53, 49, 56, 57, 50, 58, 56, 51, 59, 58, 54, 60, 61, 53, 62, 60, 63, 56, 64, 64, 58, 65, 65, 59, 66, 67, 60, 68, 68, 62, 69, 70, 64, 71, 71, 65, 72, 73, 67, 74, 74, 68, 75, 75, 69, 76, 70, 77, 78, 71, 79, 77, 72, 80, 79, 74, 81, 82, 75, 83, 81, 78, 84, 85, 84, 79, 86, 86, 80, 87, 88, 81, 89, 81, 90, 89, 91, 84, 92, 92, 86, 93, 86, 94, 93, 88, 95, 96, 89, 97, 95, 98, 92, 99, 99, 93, 100, 93, 101, 100, 102, 103, 104, 103, 105, 106, 98, 107, 108, 99, 109, 107, 100, 110, 109, 104, 111, 112, 103, 113, 111, 108, 114, 115, 107, 116, 114, 109, 117, 116, 112, 118, 119, 118, 113, 120, 115, 121, 122, 114, 123, 121, 116, 124, 123, 125, 118, 126, 126, 120, 127, 122, 128, 129, 128, 123, 130, 123, 131, 130, 125, 132, 133, 132, 127, 134, 129, 135, 136, 128, 137, 135, 130, 138, 137, 139, 132, 140, 132, 141, 140, 136, 142, 143, 135, 144, 142, 137, 145, 144, 139, 146, 147, 140, 148, 146, 149, 142, 150, 150, 144, 151, 151, 145, 152, 153, 146, 154, 146, 155, 154, 149, 156, 157, 156, 151, 158, 158, 152, 159, 160, 161, 162, 163, 164, 161, 157, 165, 166, 156, 167, 165, 167, 159, 168, 169, 161, 170, 161, 171, 170, 172, 165, 173, 173, 167, 174, 167, 175, 174, 176, 170, 177, 170, 178, 177, 179, 173, 180, 180, 174, 181, 174, 182, 181, 183, 177, 184, 184, 178, 185, 186, 180, 187, 180, 188, 187, 188, 182, 189, 190, 184, 191, 184, 192, 191, 193, 187, 194, 187, 195, 194, 188, 196, 195, 190, 197, 198, 191, 199, 197, 193, 200, 201, 194, 202, 200, 195, 203, 202, 198, 204, 205, 197, 206, 204, 201, 207, 208, 200, 209, 207, 202, 210, 209, 205, 211, 212, 204, 213, 211, 208, 214, 215, 214, 209, 216, 209, 217, 216, 218, 219, 220, 221, 222, 219, 223, 214, 224, 224, 216, 225, 216, 226, 225, 227, 219, 228, 219, 229, 228, 223, 19, 230, 224, 20, 19, 20, 226, 21, 23, 228, 24, 228, 231, 24, 0, 18, 1, 2, 1, 3, 3, 22, 5, 6, 9, 7, 9, 25, 10, 11, 0, 2, 12, 2, 4, 13, 4, 5, 15, 8, 7, 16, 7, 10, 18, 230, 19, 1, 19, 20, 3, 20, 21, 23, 24, 9, 24, 231, 25, 11, 12, 26, 12, 13, 28, 28, 13, 14, 30, 15, 16, 16, 17, 32, 27, 26, 33, 26, 28, 35, 28, 29, 36, 37, 30, 31, 31, 32, 39, 40, 34, 33, 41, 33, 35, 42, 35, 36, 44, 47, 45, 47, 232, 48, 49, 40, 41, 41, 42, 51, 42, 43, 52, 46, 45, 53, 45, 48, 55, 49, 50, 56, 50, 51, 58, 51, 52, 59, 54, 53, 60, 53, 55, 62, 63, 57, 56, 64, 56, 58, 65, 58, 59, 67, 61, 60, 68, 60, 62, 70, 63, 64, 71, 64, 65, 72, 65, 66, 74, 67, 68, 75, 68, 69, 70, 71, 77, 71, 72, 79, 73, 74, 82, 74, 75, 81, 75, 76, 83, 78, 77, 84, 84, 77, 79, 86, 79, 80, 88, 82, 81, 81, 83, 90, 91, 85, 84, 92, 84, 86, 86, 87, 94, 88, 89, 95, 89, 90, 97, 98, 91, 92, 99, 92, 93, 93, 94, 101, 102, 233, 103, 103, 233, 105, 98, 99, 107, 99, 100, 109, 100, 101, 110, 104, 103, 111, 103, 106, 113, 108, 107, 114, 107, 109, 116, 109, 110, 117, 112, 111, 118, 118, 111, 113, 115, 114, 121, 114, 116, 123, 116, 117, 124, 125, 119, 118, 126, 118, 120, 122, 121, 128, 128, 121, 123, 123, 124, 131, 125, 126, 132, 132, 126, 127, 129, 128, 135, 128, 130, 137, 130, 131, 138, 139, 133, 132, 132, 134, 141, 136, 135, 142, 135, 137, 144, 137, 138, 145, 139, 140, 146, 140, 141, 148, 149, 143, 142, 150, 142, 144, 151, 144, 145, 153, 147, 146, 146, 148, 155, 149, 150, 156, 156, 150, 151, 158, 151, 152, 160, 163, 161, 163, 234, 164, 157, 156, 165, 156, 158, 167, 167, 158, 159, 169, 162, 161, 161, 164, 171, 172, 166, 165, 173, 165, 167, 167, 168, 175, 176, 169, 170, 170, 171, 178, 179, 172, 173, 180, 173, 174, 174, 175, 182, 183, 176, 177, 184, 177, 178, 186, 179, 180, 180, 181, 188, 188, 181, 182, 190, 183, 184, 184, 185, 192, 193, 186, 187, 187, 188, 195, 188, 189, 196, 190, 191, 197, 191, 192, 199, 193, 194, 200, 194, 195, 202, 195, 196, 203, 198, 197, 204, 197, 199, 206, 201, 200, 207, 200, 202, 209, 202, 203, 210, 205, 204, 211, 204, 206, 213, 208, 207, 214, 214, 207, 209, 209, 210, 217, 218, 221, 219, 221, 235, 222, 223, 215, 214, 224, 214, 216, 216, 217, 226, 227, 220, 219, 219, 222, 229, 223, 224, 19, 224, 225, 20, 20, 225, 226, 23, 227, 228, 228, 229, 231, 236, 237, 238, 239, 240, 241, 240, 242, 241, 238, 243, 244, 239, 245, 246, 241, 247, 245, 248, 243, 249, 250, 245, 251, 251, 247, 252, 253, 249, 254, 250, 255, 256, 251, 257, 255, 253, 258, 259, 260, 255, 261, 255, 262, 261, 263, 258, 264, 265, 261, 266, 266, 262, 267, 268, 264, 269, 265, 270, 271, 270, 267, 272, 273, 269, 274, 275, 270, 276, 270, 277, 276, 278, 279, 280, 275, 281, 282, 276, 283, 281, 284, 280, 285, 282, 286, 287, 286, 283, 288, 284, 289, 290, 291, 286, 292, 286, 293, 292, 290, 294, 295, 291, 296, 297, 292, 298, 296, 295, 299, 300, 297, 301, 302, 301, 298, 303, 304, 299, 305, 302, 306, 307, 306, 303, 308, 304, 309, 310, 307, 311, 312, 306, 313, 311, 310, 314, 315, 312, 316, 317, 316, 313, 318, 315, 319, 320, 317, 321, 322, 316, 323, 321, 320, 324, 325, 322, 326, 327, 321, 328, 326, 325, 329, 330, 327, 331, 332, 326, 333, 331, 330, 334, 335, 336, 331, 337, 331, 338, 337, 335, 339, 340, 336, 341, 342, 341, 338, 343, 340, 344, 345, 342, 346, 347, 346, 343, 348, 349, 344, 350, 347, 351, 352, 351, 348, 353, 349, 354, 355, 352, 356, 357, 351, 358, 356, 359, 360, 361, 357, 362, 363, 356, 364, 362, 365, 361, 366, 363, 367, 368, 362, 369, 367, 370, 366, 371, 368, 372, 373, 367, 374, 372, 375, 371, 376, 373, 377, 378, 377, 374, 379, 380, 376, 381, 378, 382, 383, 382, 379, 384, 385, 381, 386, 383, 387, 388, 382, 389, 387, 385, 390, 391, 392, 387, 393, 387, 394, 393, 391, 395, 396, 392, 397, 398, 397, 394, 399, 400, 395, 401, 402, 397, 403, 397, 404, 403, 405, 401, 406, 402, 407, 408, 403, 409, 407, 405, 410, 411, 408, 412, 413, 412, 409, 414, 415, 410, 416, 413, 417, 418, 412, 419, 417, 420, 416, 421, 418, 422, 423, 422, 419, 424, 420, 425, 426, 423, 427, 428, 422, 429, 427, 426, 430, 431, 432, 427, 433, 427, 434, 433, 431, 435, 436, 432, 437, 438, 433, 439, 437, 440, 441, 442, 443, 437, 444, 437, 445, 444, 442, 446, 447, 443, 448, 449, 444, 450, 448, 447, 451, 452, 453, 448, 454, 454, 450, 455, 452, 456, 457, 453, 458, 459, 458, 455, 460, 461, 456, 462, 459, 463, 464, 463, 460, 465, 461, 466, 467, 464, 468, 469, 463, 470, 468, 467, 471, 472, 469, 473, 474, 468, 475, 473, 472, 476, 477, 478, 473, 479, 479, 475, 480, 477, 481, 482, 478, 483, 484, 479, 485, 483, 486, 481, 487, 484, 488, 489, 488, 485, 490, 486, 491, 492, 489, 493, 494, 493, 490, 495, 492, 496, 497, 498, 493, 499, 493, 500, 499, 501, 496, 502, 498, 503, 504, 499, 505, 503, 501, 506, 507, 504, 508, 509, 503, 510, 508, 507, 511, 512, 513, 508, 514, 508, 515, 514, 512, 516, 517, 518, 514, 519, 514, 520, 519, 521, 522, 523, 518, 524, 525, 524, 520, 526, 521, 527, 528, 529, 524, 530, 524, 531, 530, 528, 532, 533, 534, 530, 535, 530, 536, 535, 533, 537, 538, 534, 539, 540, 535, 541, 539, 538, 542, 543, 540, 544, 545, 544, 541, 546, 547, 542, 548, 549, 544, 550, 544, 551, 550, 552, 548, 553, 549, 554, 555, 550, 556, 554, 552, 557, 236, 558, 554, 240, 240, 556, 559, 236, 557, 237, 239, 558, 240, 240, 559, 242, 238, 237, 243, 239, 241, 245, 241, 242, 247, 248, 244, 243, 250, 246, 245, 251, 245, 247, 253, 248, 249, 250, 251, 255, 251, 252, 257, 253, 254, 258, 260, 256, 255, 255, 257, 262, 263, 259, 258, 265, 260, 261, 266, 261, 262, 268, 263, 264, 265, 266, 270, 270, 266, 267, 273, 268, 269, 275, 271, 270, 270, 272, 277, 278, 560, 279, 275, 276, 281, 276, 277, 283, 284, 278, 280, 282, 281, 286, 286, 281, 283, 284, 285, 289, 291, 287, 286, 286, 288, 293, 290, 289, 294, 291, 292, 296, 292, 293, 298, 295, 294, 299, 297, 296, 301, 301, 296, 298, 304, 300, 299, 302, 301, 306, 306, 301, 303, 304, 305, 309, 307, 306, 311, 306, 308, 313, 310, 309, 314, 312, 311, 316, 316, 311, 313, 315, 314, 319, 317, 316, 321, 316, 318, 323, 320, 319, 324, 322, 321, 326, 321, 323, 328, 325, 324, 329, 327, 326, 331, 326, 328, 333, 330, 329, 334, 336, 332, 331, 331, 333, 338, 335, 334, 339, 336, 337, 341, 341, 337, 338, 340, 339, 344, 342, 341, 346, 346, 341, 343, 349, 345, 344, 347, 346, 351, 351, 346, 348, 349, 350, 354, 352, 351, 356, 351, 353, 358, 359, 561, 360, 357, 356, 362, 356, 358, 364, 365, 359, 361, 363, 362, 367, 362, 364, 369, 370, 365, 366, 368, 367, 372, 367, 369, 374, 375, 370, 371, 373, 372, 377, 377, 372, 374, 380, 375, 376, 378, 377, 382, 382, 377, 379, 385, 380, 381, 383, 382, 387, 382, 384, 389, 385, 386, 390, 392, 388, 387, 387, 389, 394, 391, 390, 395, 392, 393, 397, 397, 393, 394, 400, 396, 395, 402, 398, 397, 397, 399, 404, 405, 400, 401, 402, 403, 407, 403, 404, 409, 405, 406, 410, 408, 407, 412, 412, 407, 409, 415, 411, 410, 413, 412, 417, 412, 414, 419, 420, 415, 416, 418, 417, 422, 422, 417, 419, 420, 421, 425, 423, 422, 427, 422, 424, 429, 426, 425, 430, 432, 428, 427, 427, 429, 434, 431, 430, 435, 432, 433, 437, 433, 434, 439, 440, 562, 441, 443, 438, 437, 437, 439, 445, 442, 441, 446, 443, 444, 448, 444, 445, 450, 447, 446, 451, 453, 449, 448, 454, 448, 450, 452, 451, 456, 453, 454, 458, 458, 454, 455, 461, 457, 456, 459, 458, 463, 463, 458, 460, 461, 462, 466, 464, 463, 468, 463, 465, 470, 467, 466, 471, 469, 468, 473, 468, 470, 475, 472, 471, 476, 478, 474, 473, 479, 473, 475, 477, 476, 481, 478, 479, 483, 479, 480, 485, 486, 482, 481, 484, 483, 488, 488, 483, 485, 486, 487, 491, 489, 488, 493, 493, 488, 490, 492, 491, 496, 498, 494, 493, 493, 495, 500, 501, 497, 496, 498, 499, 503, 499, 500, 505, 501, 502, 506, 504, 503, 508, 503, 505, 510, 507, 506, 511, 513, 509, 508, 508, 510, 515, 512, 511, 516, 518, 513, 514, 514, 515, 520, 521, 563, 522, 518, 519, 524, 524, 519, 520, 521, 523, 527, 529, 525, 524, 524, 526, 531, 528, 527, 532, 534, 529, 530, 530, 531, 536, 533, 532, 537, 534, 535, 539, 535, 536, 541, 538, 537, 542, 540, 539, 544, 544, 539, 541, 547, 543, 542, 549, 545, 544, 544, 546, 551, 552, 547, 548, 549, 550, 554, 550, 551, 556, 552, 553, 557, 558, 555, 554, 240, 554, 556, 564, 565, 566, 566, 567, 568, 568, 569, 570, 571, 572, 573, 573, 574, 575, 564, 576, 577, 566, 578, 576, 568, 579, 578, 580, 573, 581, 573, 582, 581, 577, 583, 584, 583, 578, 585, 578, 586, 585, 580, 587, 588, 581, 589, 587, 590, 583, 591, 591, 585, 592, 592, 586, 593, 588, 594, 595, 587, 596, 594, 597, 591, 598, 591, 599, 598, 599, 593, 600, 601, 594, 602, 594, 603, 602, 597, 604, 605, 598, 606, 604, 599, 607, 606, 608, 609, 610, 609, 611, 612, 605, 613, 614, 604, 615, 613, 606, 616, 615, 617, 609, 618, 618, 612, 619, 620, 613, 621, 613, 622, 621, 615, 623, 622, 624, 618, 625, 625, 619, 626, 627, 621, 628, 628, 622, 629, 622, 630, 629, 631, 625, 632, 625, 633, 632, 627, 634, 635, 628, 636, 634, 629, 637, 636, 631, 638, 639, 632, 640, 638, 641, 642, 643, 644, 645, 642, 646, 647, 645, 648, 649, 650, 651, 652, 649, 641, 653, 644, 644, 654, 646, 654, 655, 646, 648, 656, 651, 656, 657, 651, 658, 659, 653, 659, 654, 653, 660, 661, 654, 662, 663, 656, 656, 664, 665, 666, 659, 667, 668, 660, 659, 669, 670, 660, 671, 672, 663, 663, 673, 664, 674, 668, 666, 675, 669, 668, 676, 677, 669, 678, 672, 679, 672, 680, 673, 674, 681, 675, 681, 676, 675, 676, 682, 683, 684, 685, 686, 685, 687, 686, 688, 689, 681, 681, 690, 691, 691, 692, 682, 693, 685, 694, 695, 696, 685, 697, 689, 698, 689, 699, 690, 699, 692, 690, 700, 695, 693, 701, 702, 695, 703, 704, 697, 705, 699, 704, 706, 707, 699, 700, 708, 701, 708, 709, 701, 703, 710, 705, 705, 711, 706, 706, 712, 713, 714, 715, 708, 708, 716, 717, 718, 719, 720, 721, 722, 719, 723, 724, 722, 725, 726, 727, 728, 729, 726, 718, 730, 721, 721, 731, 723, 731, 732, 723, 725, 733, 728, 733, 734, 728, 735, 736, 730, 736, 731, 730, 737, 738, 731, 739, 740, 733, 733, 741, 742, 743, 736, 744, 745, 737, 736, 746, 747, 737, 748, 749, 740, 740, 750, 741, 751, 745, 743, 752, 746, 745, 753, 754, 746, 755, 749, 756, 749, 757, 750, 751, 758, 752, 758, 753, 752, 753, 759, 760, 761, 762, 763, 762, 764, 763, 765, 766, 758, 758, 767, 768, 768, 769, 759, 770, 762, 771, 772, 773, 762, 774, 766, 775, 766, 776, 767, 776, 769, 767, 777, 772, 770, 778, 779, 772, 780, 781, 774, 782, 776, 781, 783, 784, 776, 777, 785, 778, 785, 786, 778, 780, 787, 782, 782, 788, 783, 783, 789, 790, 791, 792, 785, 785, 793, 794, 795, 796, 797, 798, 799, 796, 800, 801, 799, 802, 803, 804, 805, 806, 803, 795, 807, 798, 798, 808, 800, 808, 809, 800, 802, 810, 805, 810, 811, 805, 812, 813, 807, 813, 808, 807, 814, 815, 808, 816, 817, 810, 810, 818, 819, 820, 813, 821, 822, 814, 813, 823, 824, 814, 825, 826, 817, 817, 827, 818, 828, 822, 820, 829, 823, 822, 830, 831, 823, 832, 826, 833, 826, 834, 827, 828, 835, 829, 835, 830, 829, 830, 836, 837, 838, 839, 840, 839, 841, 840, 842, 843, 835, 835, 844, 845, 845, 846, 836, 847, 839, 848, 849, 850, 839, 851, 843, 852, 843, 853, 844, 853, 846, 844, 854, 849, 847, 855, 856, 849, 857, 858, 851, 859, 853, 858, 860, 861, 853, 854, 862, 855, 862, 863, 855, 857, 864, 859, 859, 865, 860, 860, 866, 867, 868, 869, 862, 862, 870, 871, 640, 715, 638, 638, 872, 639, 712, 636, 637, 711, 634, 636, 710, 635, 634, 652, 792, 649, 649, 873, 650, 789, 645, 647, 788, 642, 645, 787, 643, 642, 729, 869, 726, 726, 874, 727, 866, 722, 724, 865, 719, 722, 864, 720, 719, 806, 572, 803, 803, 875, 804, 569, 799, 801, 567, 796, 799, 565, 797, 796, 564, 876, 565, 566, 565, 567, 568, 567, 569, 571, 875, 572, 573, 572, 574, 564, 566, 576, 566, 568, 578, 568, 570, 579, 580, 571, 573, 573, 575, 582, 577, 576, 583, 583, 576, 578, 578, 579, 586, 580, 581, 587, 581, 582, 589, 590, 584, 583, 591, 583, 585, 592, 585, 586, 588, 587, 594, 587, 589, 596, 597, 590, 591, 591, 592, 599, 599, 592, 593, 601, 595, 594, 594, 596, 603, 597, 598, 604, 598, 599, 606, 599, 600, 607, 608, 877, 609, 609, 877, 611, 605, 604, 613, 604, 606, 615, 606, 607, 616, 617, 610, 609, 618, 609, 612, 620, 614, 613, 613, 615, 622, 615, 616, 623, 624, 617, 618, 625, 618, 619, 627, 620, 621, 628, 621, 622, 622, 623, 630, 631, 624, 625, 625, 626, 633, 627, 628, 634, 628, 629, 636, 629, 630, 637, 631, 632, 638, 632, 633, 640, 641, 644, 642, 644, 646, 645, 646, 655, 647, 648, 651, 649, 651, 657, 652, 641, 658, 653, 644, 653, 654, 654, 661, 655, 648, 662, 656, 656, 665, 657, 658, 667, 659, 659, 660, 654, 660, 670, 661, 662, 671, 663, 656, 663, 664, 666, 668, 659, 668, 669, 660, 669, 677, 670, 671, 679, 672, 663, 672, 673, 674, 675, 668, 675, 676, 669, 676, 683, 677, 678, 878, 672, 672, 878, 680, 674, 688, 681, 681, 691, 676, 676, 691, 682, 684, 694, 685, 685, 696, 687, 688, 698, 689, 681, 689, 690, 691, 690, 692, 693, 695, 685, 695, 702, 696, 697, 704, 689, 689, 704, 699, 699, 707, 692, 700, 701, 695, 701, 709, 702, 703, 705, 704, 705, 706, 699, 706, 713, 707, 700, 714, 708, 708, 717, 709, 703, 879, 710, 705, 710, 711, 706, 711, 712, 714, 872, 715, 708, 715, 716, 718, 721, 719, 721, 723, 722, 723, 732, 724, 725, 728, 726, 728, 734, 729, 718, 735, 730, 721, 730, 731, 731, 738, 732, 725, 739, 733, 733, 742, 734, 735, 744, 736, 736, 737, 731, 737, 747, 738, 739, 748, 740, 733, 740, 741, 743, 745, 736, 745, 746, 737, 746, 754, 747, 748, 756, 749, 740, 749, 750, 751, 752, 745, 752, 753, 746, 753, 760, 754, 755, 880, 749, 749, 880, 757, 751, 765, 758, 758, 768, 753, 753, 768, 759, 761, 771, 762, 762, 773, 764, 765, 775, 766, 758, 766, 767, 768, 767, 769, 770, 772, 762, 772, 779, 773, 774, 781, 766, 766, 781, 776, 776, 784, 769, 777, 778, 772, 778, 786, 779, 780, 782, 781, 782, 783, 776, 783, 790, 784, 777, 791, 785, 785, 794, 786, 780, 881, 787, 782, 787, 788, 783, 788, 789, 791, 873, 792, 785, 792, 793, 795, 798, 796, 798, 800, 799, 800, 809, 801, 802, 805, 803, 805, 811, 806, 795, 812, 807, 798, 807, 808, 808, 815, 809, 802, 816, 810, 810, 819, 811, 812, 821, 813, 813, 814, 808, 814, 824, 815, 816, 825, 817, 810, 817, 818, 820, 822, 813, 822, 823, 814, 823, 831, 824, 825, 833, 826, 817, 826, 827, 828, 829, 822, 829, 830, 823, 830, 837, 831, 832, 882, 826, 826, 882, 834, 828, 842, 835, 835, 845, 830, 830, 845, 836, 838, 848, 839, 839, 850, 841, 842, 852, 843, 835, 843, 844, 845, 844, 846, 847, 849, 839, 849, 856, 850, 851, 858, 843, 843, 858, 853, 853, 861, 846, 854, 855, 849, 855, 863, 856, 857, 859, 858, 859, 860, 853, 860, 867, 861, 854, 868, 862, 862, 871, 863, 857, 883, 864, 859, 864, 865, 860, 865, 866, 868, 874, 869, 862, 869, 870, 640, 716, 715, 638, 715, 872, 712, 711, 636, 711, 710, 634, 710, 879, 635, 652, 793, 792, 649, 792, 873, 789, 788, 645, 788, 787, 642, 787, 881, 643, 729, 870, 869, 726, 869, 874, 866, 865, 722, 865, 864, 719, 864, 883, 720, 806, 574, 572, 803, 572, 875, 569, 567, 799, 567, 565, 796, 565, 876, 797, 884, 885, 886, 887, 888, 885, 889, 890, 888, 891, 892, 893, 892, 894, 893, 895, 885, 896, 896, 888, 897, 897, 890, 898, 899, 893, 900, 900, 894, 901, 902, 903, 904, 904, 905, 906, 907, 908, 909, 909, 910, 911, 911, 912, 913, 914, 915, 916, 916, 917, 918, 919, 920, 921, 921, 922, 923, 923, 924, 925, 926, 904, 915, 915, 906, 917, 927, 909, 920, 920, 911, 922, 922, 913, 924, 928, 929, 930, 929, 931, 932, 933, 934, 935, 936, 937, 934, 938, 939, 937, 940, 941, 928, 941, 942, 931, 943, 936, 933, 936, 944, 938, 938, 945, 946, 947, 948, 940, 948, 949, 942, 950, 951, 943, 951, 952, 944, 944, 953, 945, 954, 955, 956, 955, 957, 958, 959, 960, 950, 961, 952, 960, 962, 953, 952, 954, 963, 964, 963, 957, 964, 965, 961, 959, 966, 962, 961, 967, 968, 962, 969, 970, 963, 970, 971, 963, 965, 972, 966, 966, 973, 967, 967, 974, 975, 976, 970, 977, 978, 979, 970, 980, 981, 972, 981, 973, 972, 973, 982, 974, 983, 978, 976, 984, 985, 978, 986, 981, 987, 988, 989, 981, 990, 982, 989, 991, 992, 993, 994, 995, 992, 996, 997, 998, 999, 1000, 997, 1001, 1002, 1000, 1003, 994, 991, 994, 1004, 1005, 1006, 999, 996, 1007, 1001, 999, 1008, 1009, 1001, 1010, 1011, 1003, 1011, 1012, 1004, 1013, 1007, 1006, 1007, 1014, 1008, 1008, 1015, 1016, 1017, 1018, 1010, 1018, 1019, 1012, 1020, 1021, 1013, 1021, 1022, 1014, 1014, 1023, 1015, 1024, 1025, 1026, 1025, 1027, 1028, 1029, 1030, 1020, 1031, 1022, 1030, 1032, 1023, 1022, 1024, 1033, 1034, 1033, 1027, 1034, 1035, 1031, 1029, 1036, 1032, 1031, 1037, 1038, 1032, 1039, 1033, 1040, 1041, 1042, 1033, 1043, 1036, 1035, 1044, 1037, 1036, 1045, 1046, 1037, 1039, 916, 1041, 916, 1047, 1041, 919, 1044, 1043, 1044, 923, 1045, 923, 1048, 1045, 1049, 903, 1050, 1051, 905, 903, 1052, 908, 1053, 1054, 910, 908, 1055, 912, 910, 1056, 1051, 1049, 1051, 1057, 1058, 1059, 1054, 1052, 1060, 1055, 1054, 1061, 1062, 1055, 1063, 1064, 1056, 1064, 1065, 1057, 1066, 1060, 1059, 1060, 1067, 1061, 1061, 1068, 1069, 1070, 1071, 1063, 1071, 1072, 1065, 1073, 1074, 1066, 1074, 1075, 1067, 1067, 1076, 1068, 1077, 1078, 1079, 1078, 1080, 1081, 1082, 1083, 1073, 1084, 1075, 1083, 1085, 1076, 1075, 1077, 1086, 1087, 1086, 1080, 1087, 1088, 1084, 1082, 1089, 1085, 1084, 1090, 1091, 1085, 1092, 1093, 1086, 1093, 1094, 1086, 1088, 1095, 1089, 1089, 1096, 1090, 1090, 1097, 1098, 1099, 1093, 1100, 1101, 1102, 1093, 1103, 1104, 1095, 1104, 1096, 1095, 1096, 1105, 1097, 1105, 887, 884, 1106, 889, 887, 1104, 1107, 889, 1108, 892, 1109, 1101, 1110, 892, 895, 937, 939, 937, 897, 934, 897, 935, 934, 899, 929, 932, 900, 930, 929, 1111, 1112, 1113, 990, 1114, 1112, 988, 1115, 1114, 1116, 984, 1117, 984, 1118, 1117, 1119, 1112, 1120, 1120, 1114, 1121, 1121, 1115, 1122, 1123, 1117, 1124, 1124, 1118, 1125, 1119, 1126, 1127, 1126, 1121, 1128, 1121, 1129, 1128, 1123, 1130, 1131, 1124, 1132, 1130, 1127, 1133, 1134, 1126, 1135, 1133, 1128, 1136, 1135, 1131, 1137, 1138, 1130, 1139, 1137, 1140, 1133, 1141, 1141, 1135, 1142, 1135, 1143, 1142, 1144, 1137, 1145, 1137, 1146, 1145, 1147, 1141, 1148, 1141, 1149, 1148, 1142, 1150, 1149, 1151, 1145, 1152, 1145, 1153, 1152, 1147, 1154, 1155, 1148, 1156, 1154, 1149, 1157, 1156, 1158, 1159, 1160, 1159, 1161, 1160, 1162, 1154, 1163, 1154, 1164, 1163, 1156, 1165, 1164, 1158, 1166, 1167, 1166, 1161, 1168, 1169, 1163, 1170, 1170, 1164, 1171, 1171, 1165, 1172, 1173, 1166, 1174, 1174, 1168, 1175, 1176, 1170, 1177, 1170, 1178, 1177, 1178, 1172, 1179, 1173, 1180, 1181, 1174, 1182, 1180, 1176, 1183, 1184, 1177, 1185, 1183, 1178, 1186, 1185, 1181, 1187, 1188, 1180, 1189, 1187, 1184, 1190, 1191, 1183, 1192, 1190, 1185, 1193, 1192, 1194, 1187, 1195, 1187, 1196, 1195, 1002, 1190, 1000, 1000, 1192, 997, 997, 1193, 998, 995, 1195, 992, 992, 1196, 993, 884, 887, 885, 887, 889, 888, 889, 1107, 890, 891, 1109, 892, 892, 1110, 894, 895, 886, 885, 896, 885, 888, 897, 888, 890, 899, 891, 893, 900, 893, 894, 902, 1050, 903, 904, 903, 905, 907, 1053, 908, 909, 908, 910, 911, 910, 912, 914, 926, 915, 916, 915, 917, 919, 927, 920, 921, 920, 922, 923, 922, 924, 926, 902, 904, 915, 904, 906, 927, 907, 909, 920, 909, 911, 922, 911, 913, 928, 941, 929, 929, 941, 931, 933, 936, 934, 936, 938, 937, 938, 946, 939, 940, 948, 941, 941, 948, 942, 943, 951, 936, 936, 951, 944, 938, 944, 945, 947, 1197, 948, 948, 1197, 949, 950, 960, 951, 951, 960, 952, 944, 952, 953, 954, 964, 955, 955, 964, 957, 959, 961, 960, 961, 962, 952, 962, 968, 953, 954, 969, 963, 963, 971, 957, 965, 966, 961, 966, 967, 962, 967, 975, 968, 969, 977, 970, 970, 979, 971, 965, 980, 972, 966, 972, 973, 967, 973, 974, 976, 978, 970, 978, 985, 979, 980, 987, 981, 981, 989, 973, 973, 989, 982, 983, 984, 978, 984, 1198, 985, 986, 988, 981, 988, 990, 989, 990, 1111, 982, 991, 994, 992, 994, 1005, 995, 996, 999, 997, 999, 1001, 1000, 1001, 1009, 1002, 1003, 1011, 994, 994, 1011, 1004, 1006, 1007, 999, 1007, 1008, 1001, 1008, 1016, 1009, 1010, 1018, 1011, 1011, 1018, 1012, 1013, 1021, 1007, 1007, 1021, 1014, 1008, 1014, 1015, 1017, 1199, 1018, 1018, 1199, 1019, 1020, 1030, 1021, 1021, 1030, 1022, 1014, 1022, 1023, 1024, 1034, 1025, 1025, 1034, 1027, 1029, 1031, 1030, 1031, 1032, 1022, 1032, 1038, 1023, 1024, 1040, 1033, 1033, 1042, 1027, 1035, 1036, 1031, 1036, 1037, 1032, 1037, 1046, 1038, 1039, 1041, 1033, 1041, 1047, 1042, 1043, 1044, 1036, 1044, 1045, 1037, 1045, 1048, 1046, 1039, 914, 916, 916, 918, 1047, 919, 921, 1044, 1044, 921, 923, 923, 925, 1048, 1049, 1051, 903, 1051, 1058, 905, 1052, 1054, 908, 1054, 1055, 910, 1055, 1062, 912, 1056, 1064, 1051, 1051, 1064, 1057, 1059, 1060, 1054, 1060, 1061, 1055, 1061, 1069, 1062, 1063, 1071, 1064, 1064, 1071, 1065, 1066, 1074, 1060, 1060, 1074, 1067, 1061, 1067, 1068, 1070, 1200, 1071, 1071, 1200, 1072, 1073, 1083, 1074, 1074, 1083, 1075, 1067, 1075, 1076, 1077, 1087, 1078, 1078, 1087, 1080, 1082, 1084, 1083, 1084, 1085, 1075, 1085, 1091, 1076, 1077, 1092, 1086, 1086, 1094, 1080, 1088, 1089, 1084, 1089, 1090, 1085, 1090, 1098, 1091, 1092, 1100, 1093, 1093, 1102, 1094, 1088, 1103, 1095, 1089, 1095, 1096, 1090, 1096, 1097, 1099, 1101, 1093, 1101, 1108, 1102, 1103, 1201, 1104, 1104, 1106, 1096, 1096, 1106, 1105, 1105, 1106, 887, 1106, 1104, 889, 1104, 1201, 1107, 1108, 1101, 892, 1101, 1099, 1110, 895, 896, 937, 937, 896, 897, 897, 898, 935, 899, 900, 929, 900, 901, 930, 1111, 990, 1112, 990, 988, 1114, 988, 986, 1115, 1116, 1198, 984, 984, 983, 1118, 1119, 1113, 1112, 1120, 1112, 1114, 1121, 1114, 1115, 1123, 1116, 1117, 1124, 1117, 1118, 1119, 1120, 1126, 1126, 1120, 1121, 1121, 1122, 1129, 1123, 1124, 1130, 1124, 1125, 1132, 1127, 1126, 1133, 1126, 1128, 1135, 1128, 1129, 1136, 1131, 1130, 1137, 1130, 1132, 1139, 1140, 1134, 1133, 1141, 1133, 1135, 1135, 1136, 1143, 1144, 1138, 1137, 1137, 1139, 1146, 1147, 1140, 1141, 1141, 1142, 1149, 1142, 1143, 1150, 1151, 1144, 1145, 1145, 1146, 1153, 1147, 1148, 1154, 1148, 1149, 1156, 1149, 1150, 1157, 1158, 1202, 1159, 1159, 1203, 1161, 1162, 1155, 1154, 1154, 1156, 1164, 1156, 1157, 1165, 1158, 1160, 1166, 1166, 1160, 1161, 1169, 1162, 1163, 1170, 1163, 1164, 1171, 1164, 1165, 1173, 1167, 1166, 1174, 1166, 1168, 1176, 1169, 1170, 1170, 1171, 1178, 1178, 1171, 1172, 1173, 1174, 1180, 1174, 1175, 1182, 1176, 1177, 1183, 1177, 1178, 1185, 1178, 1179, 1186, 1181, 1180, 1187, 1180, 1182, 1189, 1184, 1183, 1190, 1183, 1185, 1192, 1185, 1186, 1193, 1194, 1188, 1187, 1187, 1189, 1196, 1002, 1191, 1190, 1000, 1190, 1192, 997, 1192, 1193, 995, 1194, 1195, 992, 1195, 1196, 1204, 1205, 1206, 1207, 1208, 1209, 1210, 1211, 1208, 1212, 1213, 1211, 1214, 1215, 1213, 1206, 1216, 1217, 1218, 1208, 1219, 1208, 1220, 1219, 1211, 1221, 1220, 1213, 1222, 1221, 1217, 1223, 1224, 1218, 1225, 1226, 1219, 1227, 1225, 1220, 1228, 1227, 1221, 1229, 1228, 1224, 1230, 1231, 1226, 1232, 1233, 1225, 1234, 1232, 1227, 1235, 1234, 1228, 1236, 1235, 1231, 1237, 1238, 1233, 1239, 1240, 1232, 1241, 1239, 1241, 1235, 1242, 1235, 1243, 1242, 1244, 1237, 1245, 1240, 1246, 1247, 1239, 1248, 1246, 1241, 1249, 1248, 1242, 1250, 1249, 1244, 1251, 1252, 1247, 1253, 1254, 1253, 1248, 1255, 1255, 1249, 1256, 1256, 1250, 1257, 1258, 1259, 1260, 1254, 1261, 1259, 1253, 1262, 1261, 1255, 1263, 1262, 1256, 1264, 1263, 1265, 1259, 1266, 1259, 1267, 1266, 1261, 1268, 1267, 1268, 1263, 1269, 1263, 1270, 1269, 1271, 1272, 1273, 1266, 1274, 1275, 1267, 1276, 1274, 1268, 1277, 1276, 1269, 1278, 1277, 1271, 1279, 1280, 1281, 1274, 1282, 1274, 1283, 1282, 1283, 1277, 1284, 1284, 1278, 1285, 1280, 1286, 1287, 1281, 1288, 1289, 1282, 1290, 1288, 1290, 1284, 1291, 1291, 1285, 1292, 1293, 1286, 1294, 1289, 1295, 1296, 1288, 1297, 1295, 1290, 1298, 1297, 1291, 1299, 1298, 1300, 1294, 1301, 1296, 1302, 1303, 1302, 1297, 1304, 1304, 1298, 1305, 1298, 1306, 1305, 1307, 1301, 1308, 1303, 1309, 1310, 1302, 1311, 1309, 1311, 1305, 1312, 1305, 1313, 1312, 1307, 1314, 1315, 1310, 1316, 1317, 1316, 1311, 1318, 1311, 1319, 1318, 1319, 1313, 1320, 1315, 1321, 1322, 1323, 1316, 1324, 1316, 1325, 1324, 1325, 1319, 1326, 1319, 1327, 1326, 1328, 1321, 1329, 1323, 1330, 1331, 1324, 1332, 1330, 1332, 1326, 1333, 1326, 1334, 1333, 1328, 1335, 1336, 1337, 1330, 1338, 1330, 1339, 1338, 1339, 1333, 1340, 1333, 1341, 1340, 1342, 1335, 1343, 1344, 1338, 1345, 1345, 1339, 1346, 1346, 1340, 1347, 1340, 1348, 1347, 1349, 1343, 1350, 1344, 1351, 1352, 1345, 1353, 1351, 1353, 1347, 1354, 1347, 1355, 1354, 1356, 1350, 1357, 1352, 1358, 1359, 1351, 1360, 1358, 1360, 1354, 1361, 1354, 1362, 1361, 1363, 1357, 1364, 1359, 1365, 1366, 1365, 1360, 1367, 1367, 1361, 1368, 1361, 1369, 1368, 1370, 1366, 1371, 1366, 1372, 1371, 1372, 1367, 1373, 1367, 1374, 1373, 1368, 1375, 1374, 1376, 1371, 1377, 1371, 1378, 1377, 1372, 1379, 1378, 1379, 1374, 1380, 1380, 1375, 1381, 1382, 1383, 1384, 1377, 1385, 1386, 1378, 1387, 1385, 1387, 1380, 1388, 1388, 1381, 1389, 1390, 1383, 1391, 1392, 1385, 1393, 1385, 1394, 1393, 1387, 1395, 1394, 1395, 1389, 1396, 1397, 1391, 1398, 1399, 1393, 1400, 1393, 1401, 1400, 1401, 1395, 1402, 1395, 1403, 1402, 1397, 1404, 1405, 1399, 1406, 1407, 1400, 1408, 1406, 1401, 1409, 1408, 1402, 1410, 1409, 1411, 1404, 1412, 1407, 1413, 1414, 1406, 1415, 1413, 1408, 1416, 1415, 1409, 1417, 1416, 1411, 1418, 1419, 1414, 1420, 1421, 1413, 1422, 1420, 1422, 1416, 1423, 1423, 1417, 1424, 1419, 1425, 1426, 1421, 1427, 1428, 1420, 1429, 1427, 1422, 1430, 1429, 1423, 1431, 1430, 1432, 1425, 1433, 1428, 1434, 1435, 1434, 1429, 1436, 1429, 1437, 1436, 1430, 1438, 1437, 1432, 1439, 1440, 1435, 1441, 1442, 1441, 1436, 1443, 1436, 1444, 1443, 1437, 1445, 1444, 1446, 1439, 1447, 1448, 1441, 1449, 1441, 1450, 1449, 1443, 1451, 1450, 1451, 1445, 1452, 1453, 1447, 1454, 1448, 1455, 1456, 1449, 1457, 1455, 1450, 1458, 1457, 1451, 1459, 1458, 1460, 1454, 1461, 1456, 1462, 1463, 1455, 1464, 1462, 1464, 1458, 1465, 1458, 1466, 1465, 1460, 1467, 1468, 1463, 1469, 1470, 1462, 1471, 1469, 1471, 1465, 1472, 1472, 1466, 1473, 1468, 1474, 1475, 1476, 1469, 1477, 1469, 1478, 1477, 1478, 1472, 1479, 1472, 1480, 1479, 1481, 1482, 1483, 1482, 1477, 1484, 1477, 1485, 1484, 1478, 1486, 1485, 1486, 1480, 1487, 1483, 1488, 1489, 1488, 1484, 1490, 1490, 1485, 1491, 1485, 1492, 1491, 1486, 1493, 1492, 1494, 1495, 1496, 1488, 1497, 1498, 1497, 1491, 1499, 1491, 1500, 1499, 1492, 1501, 1500, 1496, 1502, 1503, 1498, 1504, 1505, 1497, 1506, 1504, 1499, 1507, 1506, 1507, 1501, 1508, 1503, 1509, 1510, 1505, 1511, 1512, 1504, 1513, 1511, 1513, 1507, 1514, 1514, 1508, 1515, 1510, 1516, 1517, 1512, 1518, 1519, 1511, 1520, 1518, 1513, 1521, 1520, 1514, 1522, 1521, 1523, 1516, 1524, 1525, 1518, 1526, 1518, 1527, 1526, 1527, 1521, 1528, 1521, 1529, 1528, 1523, 1530, 1531, 1525, 1532, 1533, 1526, 1534, 1532, 1527, 1535, 1534, 1528, 1536, 1535, 1537, 1530, 1538, 1539, 1532, 1540, 1532, 1541, 1540, 1534, 1542, 1541, 1535, 1543, 1542, 1537, 1544, 1545, 1539, 1546, 1547, 1540, 1548, 1546, 1548, 1542, 1549, 1549, 1543, 1550, 1545, 1551, 1552, 1547, 1553, 1554, 1546, 1555, 1553, 1548, 1556, 1555, 1549, 1557, 1556, 1552, 1558, 1559, 1560, 1553, 1561, 1561, 1555, 1562, 1555, 1563, 1562, 1556, 1564, 1563, 1559, 1565, 1566, 1560, 1567, 1568, 1567, 1562, 1569, 1562, 1570, 1569, 1563, 1571, 1570, 1566, 1572, 1573, 1568, 1574, 1575, 1574, 1569, 1576, 1576, 1570, 1577, 1570, 1578, 1577, 1573, 1579, 1580, 1581, 1574, 1582, 1574, 1583, 1582, 1583, 1577, 1584, 1577, 1585, 1584, 1580, 1586, 1587, 1581, 1588, 1589, 1582, 1590, 1588, 1590, 1584, 1591, 1584, 1592, 1591, 1593, 1594, 1595, 1589, 1596, 1594, 1588, 1597, 1596, 1590, 1598, 1597, 1591, 1599, 1598, 1600, 1601, 1602, 1594, 1603, 1604, 1603, 1597, 1605, 1605, 1598, 1606, 1598, 1607, 1606, 1608, 1601, 1609, 1604, 1610, 1611, 1610, 1605, 1612, 1605, 1613, 1612, 1606, 1614, 1613, 1608, 1615, 1616, 1611, 1617, 1618, 1617, 1612, 1619, 1612, 1620, 1619, 1620, 1614, 1621, 1622, 1615, 1623, 1618, 1624, 1625, 1617, 1626, 1624, 1619, 1627, 1626, 1627, 1621, 1628, 1622, 1629, 1630, 1631, 1624, 1632, 1624, 1633, 1632, 1626, 1634, 1633, 1627, 1635, 1634, 1630, 1636, 1637, 1631, 1638, 1639, 1632, 1640, 1638, 1633, 1641, 1640, 1634, 1642, 1641, 1637, 1643, 1644, 1645, 1638, 1646, 1646, 1640, 1647, 1640, 1648, 1647, 1641, 1649, 1648, 1644, 1650, 1204, 1645, 1210, 1207, 1646, 1212, 1210, 1647, 1214, 1212, 1648, 1651, 1214, 1204, 1650, 1205, 1207, 1210, 1208, 1210, 1212, 1211, 1212, 1214, 1213, 1214, 1651, 1215, 1206, 1205, 1216, 1218, 1209, 1208, 1208, 1211, 1220, 1211, 1213, 1221, 1213, 1215, 1222, 1217, 1216, 1223, 1218, 1219, 1225, 1219, 1220, 1227, 1220, 1221, 1228, 1221, 1222, 1229, 1224, 1223, 1230, 1226, 1225, 1232, 1225, 1227, 1234, 1227, 1228, 1235, 1228, 1229, 1236, 1231, 1230, 1237, 1233, 1232, 1239, 1232, 1234, 1241, 1241, 1234, 1235, 1235, 1236, 1243, 1244, 1238, 1237, 1240, 1239, 1246, 1239, 1241, 1248, 1241, 1242, 1249, 1242, 1243, 1250, 1244, 1245, 1251, 1247, 1246, 1253, 1253, 1246, 1248, 1255, 1248, 1249, 1256, 1249, 1250, 1258, 1254, 1259, 1254, 1253, 1261, 1253, 1255, 1262, 1255, 1256, 1263, 1256, 1257, 1264, 1265, 1260, 1259, 1259, 1261, 1267, 1261, 1262, 1268, 1268, 1262, 1263, 1263, 1264, 1270, 1271, 1652, 1272, 1266, 1267, 1274, 1267, 1268, 1276, 1268, 1269, 1277, 1269, 1270, 1278, 1271, 1273, 1279, 1281, 1275, 1274, 1274, 1276, 1283, 1283, 1276, 1277, 1284, 1277, 1278, 1280, 1279, 1286, 1281, 1282, 1288, 1282, 1283, 1290, 1290, 1283, 1284, 1291, 1284, 1285, 1293, 1287, 1286, 1289, 1288, 1295, 1288, 1290, 1297, 1290, 1291, 1298, 1291, 1292, 1299, 1300, 1293, 1294, 1296, 1295, 1302, 1302, 1295, 1297, 1304, 1297, 1298, 1298, 1299, 1306, 1307, 1300, 1301, 1303, 1302, 1309, 1302, 1304, 1311, 1311, 1304, 1305, 1305, 1306, 1313, 1307, 1308, 1314, 1310, 1309, 1316, 1316, 1309, 1311, 1311, 1312, 1319, 1319, 1312, 1313, 1315, 1314, 1321, 1323, 1317, 1316, 1316, 1318, 1325, 1325, 1318, 1319, 1319, 1320, 1327, 1328, 1322, 1321, 1323, 1324, 1330, 1324, 1325, 1332, 1332, 1325, 1326, 1326, 1327, 1334, 1328, 1329, 1335, 1337, 1331, 1330, 1330, 1332, 1339, 1339, 1332, 1333, 1333, 1334, 1341, 1342, 1336, 1335, 1344, 1337, 1338, 1345, 1338, 1339, 1346, 1339, 1340, 1340, 1341, 1348, 1349, 1342, 1343, 1344, 1345, 1351, 1345, 1346, 1353, 1353, 1346, 1347, 1347, 1348, 1355, 1356, 1349, 1350, 1352, 1351, 1358, 1351, 1353, 1360, 1360, 1353, 1354, 1354, 1355, 1362, 1363, 1356, 1357, 1359, 1358, 1365, 1365, 1358, 1360, 1367, 1360, 1361, 1361, 1362, 1369, 1653, 1363, 1364, 1366, 1365, 1372, 1372, 1365, 1367, 1367, 1368, 1374, 1368, 1369, 1375, 1376, 1370, 1371, 1371, 1372, 1378, 1372, 1373, 1379, 1379, 1373, 1374, 1380, 1374, 1375, 1376, 1377, 1386, 1377, 1378, 1385, 1378, 1379, 1387, 1387, 1379, 1380, 1388, 1380, 1381, 1390, 1384, 1383, 1392, 1386, 1385, 1385, 1387, 1394, 1387, 1388, 1395, 1395, 1388, 1389, 1397, 1390, 1391, 1399, 1392, 1393, 1393, 1394, 1401, 1401, 1394, 1395, 1395, 1396, 1403, 1397, 1398, 1404, 1399, 1400, 1406, 1400, 1401, 1408, 1401, 1402, 1409, 1402, 1403, 1410, 1411, 1405, 1404, 1407, 1406, 1413, 1406, 1408, 1415, 1408, 1409, 1416, 1409, 1410, 1417, 1411, 1412, 1418, 1414, 1413, 1420, 1413, 1415, 1422, 1422, 1415, 1416, 1423, 1416, 1417, 1419, 1418, 1425, 1421, 1420, 1427, 1420, 1422, 1429, 1422, 1423, 1430, 1423, 1424, 1431, 1432, 1426, 1425, 1428, 1427, 1434, 1434, 1427, 1429, 1429, 1430, 1437, 1430, 1431, 1438, 1432, 1433, 1439, 1435, 1434, 1441, 1441, 1434, 1436, 1436, 1437, 1444, 1437, 1438, 1445, 1446, 1440, 1439, 1448, 1442, 1441, 1441, 1443, 1450, 1443, 1444, 1451, 1451, 1444, 1445, 1453, 1446, 1447, 1448, 1449, 1455, 1449, 1450, 1457, 1450, 1451, 1458, 1451, 1452, 1459, 1460, 1453, 1454, 1456, 1455, 1462, 1455, 1457, 1464, 1464, 1457, 1458, 1458, 1459, 1466, 1460, 1461, 1467, 1463, 1462, 1469, 1462, 1464, 1471, 1471, 1464, 1465, 1472, 1465, 1466, 1468, 1467, 1474, 1476, 1470, 1469, 1469, 1471, 1478, 1478, 1471, 1472, 1472, 1473, 1480, 1481, 1476, 1482, 1482, 1476, 1477, 1477, 1478, 1485, 1478, 1479, 1486, 1486, 1479, 1480, 1483, 1482, 1488, 1488, 1482, 1484, 1490, 1484, 1485, 1485, 1486, 1492, 1486, 1487, 1493, 1489, 1488, 1498, 1488, 1490, 1497, 1497, 1490, 1491, 1491, 1492, 1500, 1492, 1493, 1501, 1496, 1495, 1502, 1498, 1497, 1504, 1497, 1499, 1506, 1499, 1500, 1507, 1507, 1500, 1501, 1503, 1502, 1509, 1505, 1504, 1511, 1504, 1506, 1513, 1513, 1506, 1507, 1514, 1507, 1508, 1510, 1509, 1516, 1512, 1511, 1518, 1511, 1513, 1520, 1513, 1514, 1521, 1514, 1515, 1522, 1523, 1517, 1516, 1525, 1519, 1518, 1518, 1520, 1527, 1527, 1520, 1521, 1521, 1522, 1529, 1523, 1524, 1530, 1525, 1526, 1532, 1526, 1527, 1534, 1527, 1528, 1535, 1528, 1529, 1536, 1537, 1531, 1530, 1539, 1533, 1532, 1532, 1534, 1541, 1534, 1535, 1542, 1535, 1536, 1543, 1537, 1538, 1544, 1539, 1540, 1546, 1540, 1541, 1548, 1548, 1541, 1542, 1549, 1542, 1543, 1545, 1544, 1551, 1547, 1546, 1553, 1546, 1548, 1555, 1548, 1549, 1556, 1549, 1550, 1557, 1552, 1551, 1558, 1560, 1554, 1553, 1561, 1553, 1555, 1555, 1556, 1563, 1556, 1557, 1564, 1559, 1558, 1565, 1560, 1561, 1567, 1567, 1561, 1562, 1562, 1563, 1570, 1563, 1564, 1571, 1566, 1565, 1572, 1568, 1567, 1574, 1574, 1567, 1569, 1576, 1569, 1570, 1570, 1571, 1578, 1573, 1572, 1579, 1581, 1575, 1574, 1574, 1576, 1583, 1583, 1576, 1577, 1577, 1578, 1585, 1580, 1579, 1586, 1581, 1582, 1588, 1582, 1583, 1590, 1590, 1583, 1584, 1584, 1585, 1592, 1593, 1589, 1594, 1589, 1588, 1596, 1588, 1590, 1597, 1590, 1591, 1598, 1591, 1592, 1599, 1595, 1594, 1604, 1594, 1596, 1603, 1603, 1596, 1597, 1605, 1597, 1598, 1598, 1599, 1607, 1608, 1602, 1601, 1604, 1603, 1610, 1610, 1603, 1605, 1605, 1606, 1613, 1606, 1607, 1614, 1608, 1609, 1615, 1611, 1610, 1617, 1617, 1610, 1612, 1612, 1613, 1620, 1620, 1613, 1614, 1622, 1616, 1615, 1618, 1617, 1624, 1617, 1619, 1626, 1619, 1620, 1627, 1627, 1620, 1621, 1622, 1623, 1629, 1631, 1625, 1624, 1624, 1626, 1633, 1626, 1627, 1634, 1627, 1628, 1635, 1630, 1629, 1636, 1631, 1632, 1638, 1632, 1633, 1640, 1633, 1634, 1641, 1634, 1635, 1642, 1637, 1636, 1643, 1645, 1639, 1638, 1646, 1638, 1640, 1640, 1641, 1648, 1641, 1642, 1649, 1644, 1643, 1650, 1645, 1646, 1210, 1646, 1647, 1212, 1647, 1648, 1214, 1648, 1649, 1651, 1654, 1655, 1656, 1657, 1658, 1655, 1659, 1660, 1658, 1661, 1662, 1660, 1663, 1664, 1662, 1665, 1655, 1666, 1655, 1667, 1666, 1667, 1660, 1668, 1668, 1662, 1669, 1662, 1670, 1669, 1665, 1671, 1672, 1666, 1673, 1671, 1667, 1674, 1673, 1668, 1675, 1674, 1669, 1676, 1675, 1672, 1677, 1678, 1671, 1679, 1677, 1673, 1680, 1679, 1680, 1675, 1681, 1675, 1682, 1681, 1683, 1677, 1684, 1677, 1685, 1684, 1685, 1680, 1686, 1680, 1687, 1686, 1687, 1682, 1688, 1683, 1689, 1690, 1684, 1691, 1689, 1685, 1692, 1691, 1692, 1687, 1693, 1687, 1694, 1693, 1690, 1695, 1696, 1695, 1691, 1697, 1697, 1692, 1698, 1692, 1699, 1698, 1693, 1700, 1699, 1696, 1701, 1702, 1701, 1697, 1703, 1697, 1704, 1703, 1698, 1705, 1704, 1705, 1700, 1706, 1707, 1708, 1709, 1708, 1710, 1709, 1710, 1711, 1712, 1711, 1713, 1712, 1713, 1714, 1715, 1707, 1716, 1717, 1709, 1718, 1716, 1718, 1712, 1719, 1712, 1720, 1719, 1713, 1721, 1720, 1722, 1716, 1723, 1716, 1724, 1723, 1724, 1719, 1725, 1725, 1720, 1726, 1720, 1727, 1726, 1722, 1728, 1729, 1728, 1724, 1730, 1730, 1725, 1731, 1731, 1726, 1732, 1732, 1727, 1733, 1729, 1734, 1735, 1728, 1736, 1734, 1730, 1737, 1736, 1737, 1732, 1738, 1732, 1739, 1738, 1740, 1734, 1741, 1734, 1742, 1741, 1736, 1743, 1742, 1743, 1738, 1744, 1738, 1745, 1744, 1740, 1746, 1747, 1741, 1748, 1746, 1742, 1749, 1748, 1749, 1744, 1750, 1750, 1745, 1751, 1747, 1752, 1753, 1746, 1754, 1752, 1748, 1755, 1754, 1749, 1756, 1755, 1750, 1757, 1756, 1758, 1752, 1759, 1752, 1760, 1759, 1754, 1761, 1760, 1755, 1762, 1761, 1756, 1763, 1762, 1758, 1764, 1765, 1764, 1760, 1766, 1766, 1761, 1767, 1761, 1768, 1767, 1762, 1769, 1768, 1765, 1770, 1771, 1764, 1772, 1770, 1772, 1767, 1773, 1773, 1768, 1774, 1768, 1775, 1774, 1771, 1776, 1777, 1776, 1772, 1778, 1778, 1773, 1779, 1779, 1774, 1780, 1774, 1781, 1780, 1777, 1782, 1783, 1776, 1784, 1782, 1778, 1785, 1784, 1785, 1780, 1786, 1780, 1787, 1786, 1783, 1788, 1789, 1782, 1790, 1788, 1784, 1791, 1790, 1791, 1786, 1792, 1786, 1793, 1792, 1789, 1794, 1795, 1794, 1790, 1796, 1796, 1791, 1797, 1797, 1792, 1798, 1792, 1799, 1798, 1795, 1800, 1801, 1794, 1802, 1800, 1802, 1797, 1803, 1803, 1798, 1804, 1798, 1805, 1804, 1806, 1807, 1808, 1807, 1809, 1808, 1810, 1811, 1809, 1811, 1812, 1813, 1812, 1814, 1813, 1815, 1808, 1816, 1808, 1817, 1816, 1809, 1818, 1817, 1811, 1819, 1818, 1819, 1814, 1820, 1821, 1816, 1822, 1816, 1823, 1822, 1817, 1824, 1823, 1824, 1819, 1825, 1819, 1826, 1825, 1827, 1822, 1828, 1822, 1829, 1828, 1829, 1824, 1830, 1830, 1825, 1831, 1831, 1826, 1832, 1827, 1833, 1834, 1833, 1829, 1835, 1835, 1830, 1836, 1836, 1831, 1837, 1831, 1838, 1837, 1834, 1839, 1840, 1833, 1841, 1839, 1841, 1836, 1842, 1836, 1843, 1842, 1837, 1844, 1843, 1845, 1839, 1846, 1839, 1847, 1846, 1847, 1842, 1848, 1842, 1849, 1848, 1843, 1850, 1849, 1845, 1851, 1852, 1846, 1853, 1851, 1853, 1848, 1854, 1854, 1849, 1855, 1855, 1850, 1856, 1857, 1851, 1858, 1858, 1853, 1859, 1853, 1860, 1859, 1854, 1861, 1860, 1855, 1862, 1861, 1857, 1863, 1864, 1863, 1859, 1865, 1859, 1866, 1865, 1866, 1861, 1867, 1867, 1862, 1868, 1864, 1869, 1870, 1869, 1865, 1871, 1865, 1872, 1871, 1866, 1873, 1872, 1867, 1874, 1873, 1870, 1875, 1876, 1869, 1877, 1875, 1871, 1878, 1877, 1872, 1879, 1878, 1879, 1874, 1880, 1881, 1875, 1882, 1875, 1883, 1882, 1877, 1884, 1883, 1884, 1879, 1885, 1879, 1886, 1885, 1881, 1887, 1888, 1887, 1883, 1889, 1883, 1890, 1889, 1890, 1885, 1891, 1885, 1892, 1891, 1888, 1893, 1894, 1893, 1889, 1895, 1889, 1896, 1895, 1890, 1897, 1896, 1891, 1898, 1897, 1894, 1899, 1900, 1899, 1895, 1901, 1901, 1896, 1902, 1896, 1903, 1902, 1897, 1904, 1903, 1905, 1906, 1907, 1908, 1909, 1906, 1910, 1911, 1909, 1912, 1913, 1911, 1914, 1915, 1913, 1907, 1916, 1917, 1906, 1918, 1916, 1909, 1919, 1918, 1919, 1913, 1920, 1920, 1915, 1921, 1917, 1922, 1923, 1916, 1924, 1922, 1918, 1925, 1924, 1925, 1920, 1926, 1926, 1921, 1927, 1923, 1928, 1929, 1922, 1930, 1928, 1924, 1931, 1930, 1925, 1932, 1931, 1926, 1933, 1932, 1929, 1934, 1935, 1934, 1930, 1936, 1930, 1937, 1936, 1937, 1932, 1938, 1932, 1939, 1938, 1935, 1940, 1941, 1940, 1936, 1942, 1942, 1937, 1943, 1943, 1938, 1944, 1938, 1945, 1944, 1941, 1946, 1947, 1940, 1948, 1946, 1942, 1949, 1948, 1949, 1944, 1950, 1944, 1951, 1950, 1947, 1952, 1953, 1946, 1954, 1952, 1948, 1955, 1954, 1949, 1956, 1955, 1950, 1957, 1956, 1953, 1958, 1959, 1952, 1960, 1958, 1954, 1961, 1960, 1955, 1962, 1961, 1956, 1963, 1962, 1959, 1964, 1965, 1964, 1960, 1966, 1960, 1967, 1966, 1967, 1962, 1968, 1962, 1969, 1968, 1965, 1970, 1971, 1964, 1972, 1970, 1966, 1973, 1972, 1973, 1968, 1974, 1974, 1969, 1975, 1976, 1970, 1977, 1977, 1972, 1978, 1972, 1979, 1978, 1973, 1980, 1979, 1974, 1981, 1980, 1976, 1982, 1983, 1982, 1978, 1984, 1978, 1985, 1984, 1979, 1986, 1985, 1980, 1987, 1986, 1983, 1988, 1989, 1982, 1990, 1988, 1984, 1991, 1990, 1985, 1992, 1991, 1986, 1993, 1992, 1989, 1994, 1995, 1994, 1990, 1996, 1996, 1991, 1997, 1997, 1992, 1998, 1992, 1999, 1998, 1995, 2000, 2001, 2000, 1996, 2002, 2002, 1997, 2003, 1997, 2004, 2003, 1998, 2005, 2004, 2006, 2007, 2008, 2009, 2010, 2007, 2011, 2012, 2010, 2013, 2014, 2012, 2015, 2016, 2014, 2008, 2017, 2018, 2007, 2019, 2017, 2019, 2012, 2020, 2020, 2014, 2021, 2021, 2016, 2022, 2023, 2017, 2024, 2017, 2025, 2024, 2025, 2020, 2026, 2020, 2027, 2026, 2021, 2028, 2027, 2023, 2029, 2030, 2024, 2031, 2029, 2025, 2032, 2031, 2026, 2033, 2032, 2033, 2028, 2034, 2030, 2035, 2036, 2029, 2037, 2035, 2031, 2038, 2037, 2032, 2039, 2038, 2033, 2040, 2039, 2036, 2041, 2042, 2035, 2043, 2041, 2037, 2044, 2043, 2038, 2045, 2044, 2045, 2040, 2046, 2042, 2047, 2048, 2041, 2049, 2047, 2043, 2050, 2049, 2050, 2045, 2051, 2045, 2052, 2051, 2048, 1657, 1654, 2047, 1659, 1657, 2049, 1661, 1659, 2050, 1663, 1661, 2051, 2053, 1663, 1654, 1657, 1655, 1657, 1659, 1658, 1659, 1661, 1660, 1661, 1663, 1662, 1663, 2053, 1664, 1665, 1656, 1655, 1655, 1658, 1667, 1667, 1658, 1660, 1668, 1660, 1662, 1662, 1664, 1670, 1665, 1666, 1671, 1666, 1667, 1673, 1667, 1668, 1674, 1668, 1669, 1675, 1669, 1670, 1676, 1672, 1671, 1677, 1671, 1673, 1679, 1673, 1674, 1680, 1680, 1674, 1675, 1675, 1676, 1682, 1683, 1678, 1677, 1677, 1679, 1685, 1685, 1679, 1680, 1680, 1681, 1687, 1687, 1681, 1682, 1683, 1684, 1689, 1684, 1685, 1691, 1685, 1686, 1692, 1692, 1686, 1687, 1687, 1688, 1694, 1690, 1689, 1695, 1695, 1689, 1691, 1697, 1691, 1692, 1692, 1693, 1699, 1693, 1694, 1700, 1696, 1695, 1701, 1701, 1695, 1697, 1697, 1698, 1704, 1698, 1699, 1705, 1705, 1699, 1700, 1707, 2054, 1708, 1708, 2055, 1710, 1710, 2055, 1711, 1711, 2056, 1713, 1713, 2056, 1714, 1707, 1709, 1716, 1709, 1710, 1718, 1718, 1710, 1712, 1712, 1713, 1720, 1713, 1715, 1721, 1722, 1717, 1716, 1716, 1718, 1724, 1724, 1718, 1719, 1725, 1719, 1720, 1720, 1721, 1727, 1722, 1723, 1728, 1728, 1723, 1724, 1730, 1724, 1725, 1731, 1725, 1726, 1732, 1726, 1727, 1729, 1728, 1734, 1728, 1730, 1736, 1730, 1731, 1737, 1737, 1731, 1732, 1732, 1733, 1739, 1740, 1735, 1734, 1734, 1736, 1742, 1736, 1737, 1743, 1743, 1737, 1738, 1738, 1739, 1745, 1740, 1741, 1746, 1741, 1742, 1748, 1742, 1743, 1749, 1749, 1743, 1744, 1750, 1744, 1745, 1747, 1746, 1752, 1746, 1748, 1754, 1748, 1749, 1755, 1749, 1750, 1756, 1750, 1751, 1757, 1758, 1753, 1752, 1752, 1754, 1760, 1754, 1755, 1761, 1755, 1756, 1762, 1756, 1757, 1763, 1758, 1759, 1764, 1764, 1759, 1760, 1766, 1760, 1761, 1761, 1762, 1768, 1762, 1763, 1769, 1765, 1764, 1770, 1764, 1766, 1772, 1772, 1766, 1767, 1773, 1767, 1768, 1768, 1769, 1775, 1771, 1770, 1776, 1776, 1770, 1772, 1778, 1772, 1773, 1779, 1773, 1774, 1774, 1775, 1781, 1777, 1776, 1782, 1776, 1778, 1784, 1778, 1779, 1785, 1785, 1779, 1780, 1780, 1781, 1787, 1783, 1782, 1788, 1782, 1784, 1790, 1784, 1785, 1791, 1791, 1785, 1786, 1786, 1787, 1793, 1789, 1788, 1794, 1794, 1788, 1790, 1796, 1790, 1791, 1797, 1791, 1792, 1792, 1793, 1799, 1795, 1794, 1800, 1794, 1796, 1802, 1802, 1796, 1797, 1803, 1797, 1798, 1798, 1799, 1805, 1806, 2057, 1807, 1807, 1810, 1809, 1810, 2058, 1811, 1811, 2058, 1812, 1812, 2059, 1814, 1815, 1806, 1808, 1808, 1809, 1817, 1809, 1811, 1818, 1811, 1813, 1819, 1819, 1813, 1814, 1821, 1815, 1816, 1816, 1817, 1823, 1817, 1818, 1824, 1824, 1818, 1819, 1819, 1820, 1826, 1827, 1821, 1822, 1822, 1823, 1829, 1829, 1823, 1824, 1830, 1824, 1825, 1831, 1825, 1826, 1827, 1828, 1833, 1833, 1828, 1829, 1835, 1829, 1830, 1836, 1830, 1831, 1831, 1832, 1838, 1834, 1833, 1839, 1833, 1835, 1841, 1841, 1835, 1836, 1836, 1837, 1843, 1837, 1838, 1844, 1845, 1840, 1839, 1839, 1841, 1847, 1847, 1841, 1842, 1842, 1843, 1849, 1843, 1844, 1850, 1845, 1846, 1851, 1846, 1847, 1853, 1853, 1847, 1848, 1854, 1848, 1849, 1855, 1849, 1850, 1857, 1852, 1851, 1858, 1851, 1853, 1853, 1854, 1860, 1854, 1855, 1861, 1855, 1856, 1862, 1857, 1858, 1863, 1863, 1858, 1859, 1859, 1860, 1866, 1866, 1860, 1861, 1867, 1861, 1862, 1864, 1863, 1869, 1869, 1863, 1865, 1865, 1866, 1872, 1866, 1867, 1873, 1867, 1868, 1874, 1870, 1869, 1875, 1869, 1871, 1877, 1871, 1872, 1878, 1872, 1873, 1879, 1879, 1873, 1874, 1881, 1876, 1875, 1875, 1877, 1883, 1877, 1878, 1884, 1884, 1878, 1879, 1879, 1880, 1886, 1881, 1882, 1887, 1887, 1882, 1883, 1883, 1884, 1890, 1890, 1884, 1885, 1885, 1886, 1892, 1888, 1887, 1893, 1893, 1887, 1889, 1889, 1890, 1896, 1890, 1891, 1897, 1891, 1892, 1898, 1894, 1893, 1899, 1899, 1893, 1895, 1901, 1895, 1896, 1896, 1897, 1903, 1897, 1898, 1904, 1905, 1908, 1906, 1908, 1910, 1909, 1910, 1912, 1911, 1912, 1914, 1913, 1914, 2060, 1915, 1907, 1906, 1916, 1906, 1909, 1918, 1909, 1911, 1919, 1919, 1911, 1913, 1920, 1913, 1915, 1917, 1916, 1922, 1916, 1918, 1924, 1918, 1919, 1925, 1925, 1919, 1920, 1926, 1920, 1921, 1923, 1922, 1928, 1922, 1924, 1930, 1924, 1925, 1931, 1925, 1926, 1932, 1926, 1927, 1933, 1929, 1928, 1934, 1934, 1928, 1930, 1930, 1931, 1937, 1937, 1931, 1932, 1932, 1933, 1939, 1935, 1934, 1940, 1940, 1934, 1936, 1942, 1936, 1937, 1943, 1937, 1938, 1938, 1939, 1945, 1941, 1940, 1946, 1940, 1942, 1948, 1942, 1943, 1949, 1949, 1943, 1944, 1944, 1945, 1951, 1947, 1946, 1952, 1946, 1948, 1954, 1948, 1949, 1955, 1949, 1950, 1956, 1950, 1951, 1957, 1953, 1952, 1958, 1952, 1954, 1960, 1954, 1955, 1961, 1955, 1956, 1962, 1956, 1957, 1963, 1959, 1958, 1964, 1964, 1958, 1960, 1960, 1961, 1967, 1967, 1961, 1962, 1962, 1963, 1969, 1965, 1964, 1970, 1964, 1966, 1972, 1966, 1967, 1973, 1973, 1967, 1968, 1974, 1968, 1969, 1976, 1971, 1970, 1977, 1970, 1972, 1972, 1973, 1979, 1973, 1974, 1980, 1974, 1975, 1981, 1976, 1977, 1982, 1982, 1977, 1978, 1978, 1979, 1985, 1979, 1980, 1986, 1980, 1981, 1987, 1983, 1982, 1988, 1982, 1984, 1990, 1984, 1985, 1991, 1985, 1986, 1992, 1986, 1987, 1993, 1989, 1988, 1994, 1994, 1988, 1990, 1996, 1990, 1991, 1997, 1991, 1992, 1992, 1993, 1999, 1995, 1994, 2000, 2000, 1994, 1996, 2002, 1996, 1997, 1997, 1998, 2004, 1998, 1999, 2005, 2006, 2009, 2007, 2009, 2011, 2010, 2011, 2013, 2012, 2013, 2015, 2014, 2015, 2061, 2016, 2008, 2007, 2017, 2007, 2010, 2019, 2019, 2010, 2012, 2020, 2012, 2014, 2021, 2014, 2016, 2023, 2018, 2017, 2017, 2019, 2025, 2025, 2019, 2020, 2020, 2021, 2027, 2021, 2022, 2028, 2023, 2024, 2029, 2024, 2025, 2031, 2025, 2026, 2032, 2026, 2027, 2033, 2033, 2027, 2028, 2030, 2029, 2035, 2029, 2031, 2037, 2031, 2032, 2038, 2032, 2033, 2039, 2033, 2034, 2040, 2036, 2035, 2041, 2035, 2037, 2043, 2037, 2038, 2044, 2038, 2039, 2045, 2045, 2039, 2040, 2042, 2041, 2047, 2041, 2043, 2049, 2043, 2044, 2050, 2050, 2044, 2045, 2045, 2046, 2052, 2048, 2047, 1657, 2047, 2049, 1659, 2049, 2050, 1661, 2050, 2051, 1663, 2051, 2052, 2053]
            rel material:binding = </EStopButton/Looks/Scene___Root>
            normal3f[] normals = [(0.009625, -0.9987821, 0.048390005), (0, -0.9853769, 0.17038898), (0.033234984, -0.9853756, 0.16712394), (0, -0.86112815, 0.50838804), (0.09918604, -0.86111337, 0.49864417), (0.16550694, -0.52923787, 0.8321748), (0, -0.52922475, 0.84848166), (0.19184408, -0.18131505, 0.9645313), (0.16550694, -0.52923787, 0.8321748), (0, -0.181315, 0.9834251), (0.19484892, -0.04980998, 0.97956765), (0.01886299, -0.9987826, 0.045580983), (0.06518899, -0.98537797, 0.157419), (0.19456205, -0.86110616, 0.46972513), (0.32469505, -0.5292361, 0.7838891), (0.32469505, -0.5292361, 0.7838891), (0.37633476, -0.1813459, 0.90856254), (0.38221797, -0.049842995, 0.922727), (0.000001, -0.9987821, 0.049338005), (-0.03323599, -0.98538065, 0.16709396), (-0.09918604, -0.86111337, 0.49864417), (-0.16550694, -0.52923787, 0.8321748), (0, -0.52922475, 0.84848166), (-0.16550694, -0.52923787, 0.8321748), (-0.19184303, -0.18134402, 0.9645261), (9.999999e-7, -0.049844995, 0.99875695), (0.09467105, -0.9853764, 0.14167106), (0.027418006, -0.9987821, 0.041021008), (0.28245592, -0.8611027, 0.4227538), (0.47140476, -0.5292088, 0.7054897), (0.47140476, -0.5292088, 0.7054897), (0.54635125, -0.18131308, 0.81769544), (0.55488217, -0.04983002, 0.83043534), (0.12049002, -0.98537517, 0.12049002), (0.03488501, -0.9987823, 0.034886006), (0.359494, -0.8611199, 0.359495), (0.59994805, -0.52923405, 0.5999781), (0.59994805, -0.52923405, 0.5999781), (0.69538635, -0.18131611, 0.69538635), (0.7062318, -0.049789976, 0.7062277), (0.041024003, -0.9987821, 0.027410004), (0.14167106, -0.9853764, 0.09467105), (0.42271695, -0.86112183, 0.28245294), (0.705478, -0.529231, 0.47139704), (0.59994805, -0.52923405, 0.5999781), (0.81769544, -0.18131308, 0.54635125), (0.705478, -0.529231, 0.47139704), (0.69538635, -0.18131611, 0.69538635), (0.830438, -0.049798, 0.55488104), (0.045583002, -0.9987821, 0.01888), (0.157419, -0.98537797, 0.06518899), (0.46971297, -0.86111397, 0.19455698), (0.78388923, -0.52923614, 0.32469508), (0.90856755, -0.1813169, 0.37633675), (0.78388923, -0.52923614, 0.32469508), (0.92273223, -0.049814012, 0.3822091), (0.16638905, -0.98551524, 0.03277701), (0.048165992, -0.99879473, 0.009441999), (0.4970701, -0.8620822, 0.098669015), (0.8310848, -0.5308728, 0.16574694), (0.96430415, -0.18213603, 0.19220804), (0.8310848, -0.5308728, 0.16574694), (0.9795236, -0.05007798, 0.19500192), (0.049321998, -0.9987829, 0.00028099996), (0.17035493, -0.9853826, 0.0005799997), (0.508446, -0.8610939, 0.000336), (0.8485528, -0.52910995, -0.0008849998), (0.8485528, -0.52910995, -0.0008849998), (0.9834301, -0.181286, -0.00079300004), (0.99875695, -0.049844995, -0.00031499998), (0.04860699, -0.99876976, -0.009812998), (0.16782306, -0.98524123, -0.033693008), (0.50026625, -0.8601154, -0.099675044), (0.50026625, -0.8601154, -0.099675044), (0.8333246, -0.52749276, -0.16529192), (0.964765, -0.180459, -0.19147602), (0.97960997, -0.049583998, -0.19469398), (0.157419, -0.98537797, -0.06518899), (0.045586996, -0.9987819, -0.018880999), (0.4697248, -0.86110663, -0.19456092), (0.78388923, -0.52923614, -0.32469508), (0.90856254, -0.1813459, -0.37633476), (0.78388923, -0.52923614, -0.32469508), (0.9227348, -0.04986199, -0.3821969), (0.14167093, -0.9853764, -0.094670944), (0.04102101, -0.9987823, -0.027410006), (0.42271703, -0.8611221, -0.28245202), (0.705478, -0.529231, -0.47139704), (0.705478, -0.529231, -0.47139704), (0.8176851, -0.18131803, -0.5463651), (0.8304325, -0.049820025, -0.5548873), (0.03488501, -0.9987823, -0.034886006), (0.12049002, -0.98537517, -0.12049002), (0.35952088, -0.8611108, -0.3594899), (0.599967, -0.529225, -0.599967), (0.69538635, -0.18131611, -0.69538635), (0.599967, -0.529225, -0.599967), (0.7062311, -0.04982401, -0.7062261), (0.027417002, -0.998782, -0.041023), (0.09464103, -0.98537934, -0.14167105), (0.2824529, -0.8611218, -0.4227169), (0.47140476, -0.5292088, -0.7054897), (0.599967, -0.529225, -0.599967), (0.5463618, -0.18134794, -0.81768066), (0.47140476, -0.5292088, -0.7054897), (0.7062311, -0.04982401, -0.7062261), (0.5548891, -0.049853012, -0.8304292), (0.06518899, -0.98537797, -0.157419), (0.018873008, -0.9987824, -0.045581017), (0.1945619, -0.8611065, -0.46972474), (0.3246929, -0.52920085, -0.7839139), (0.3763371, -0.18131705, -0.90856725), (0.3246929, -0.52920085, -0.7839139), (0.3822009, -0.04984899, -0.9227338), (0.03323499, -0.98537576, -0.16712296), (0.009625, -0.9987821, -0.048390005), (0.09918595, -0.86111355, -0.49864373), (0.16550711, -0.5292383, -0.83217436), (0.19184408, -0.18131505, -0.9645313), (0.16550711, -0.5292383, -0.83217436), (0.19485009, -0.049831018, -0.9795664), (0, -0.9853769, -0.17038898), (0.0000010000001, -0.9987822, -0.049337007), (0, -0.86110693, -0.5084239), (0, -0.52922523, -0.84848136), (0, -0.52922523, -0.84848136), (0, -0.18134493, -0.9834196), (0.0000010000001, -0.04984301, -0.9987571), (-0.03323499, -0.98537576, -0.16712296), (-0.009617003, -0.9987823, -0.048389014), (-0.09918797, -0.86110574, -0.49865684), (-0.16550711, -0.5292383, -0.83217436), (-0.191843, -0.18134499, -0.96452594), (-0.16550711, -0.5292383, -0.83217436), (-0.19485591, -0.049843978, -0.97956455), (-0.06518899, -0.98537797, -0.157419), (-0.018875007, -0.9987823, -0.045581013), (-0.19455613, -0.86111456, -0.46971232), (-0.32470092, -0.5292139, -0.78390175), (-0.32470092, -0.5292139, -0.78390175), (-0.3763371, -0.18131705, -0.90856725), (-0.38220912, -0.049831014, -0.9227313), (-0.09464103, -0.98537934, -0.14167105), (-0.027415005, -0.9987821, -0.041022003), (-0.28246, -0.861114, -0.42272803), (-0.4713971, -0.5292311, -0.7054781), (-0.5463618, -0.18134794, -0.81768066), (-0.4713971, -0.5292311, -0.7054781), (-0.5548841, -0.049847, -0.830433), (-0.03488101, -0.9987824, -0.034887012), (-0.12045999, -0.98537886, -0.12048997), (-0.3594899, -0.8611108, -0.35952088), (-0.59997684, -0.5292029, -0.59997684), (-0.59997684, -0.5292029, -0.59997684), (-0.69538635, -0.18131611, -0.69538635), (-0.7062282, -0.049849015, -0.7062272), (-0.14167106, -0.9853794, -0.09464004), (-0.04101598, -0.99878246, -0.027409986), (-0.42271703, -0.8611221, -0.28245202), (-0.7054885, -0.52923834, -0.47137332), (-0.59997684, -0.5292029, -0.59997684), (-0.81769097, -0.18134299, -0.5463479), (-0.7054885, -0.52923834, -0.47137332), (-0.69538635, -0.18131611, -0.69538635), (-0.8304369, -0.049850993, -0.554878), (-0.157419, -0.98537797, -0.06518899), (-0.045584008, -0.9987821, -0.018881004), (-0.4697248, -0.86110663, -0.19456092), (-0.78388923, -0.52923614, -0.32469508), (-0.78388923, -0.52923614, -0.32469508), (-0.90856254, -0.1813459, -0.37633476), (-0.9227342, -0.049833007, -0.38220206), (-0.048398986, -0.9987817, -0.009624997), (-0.16712394, -0.9853756, -0.033234984), (-0.49865684, -0.86110574, -0.09918797), (-0.83216995, -0.52923596, -0.165537), (-0.83216995, -0.52923596, -0.165537), (-0.96452594, -0.18134499, -0.191843), (-0.97956526, -0.04984601, -0.19485204), (-0.049322993, -0.9987829, 2.2177435e-16), (-0.17038898, -0.9853769, 2.1879762e-16), (-0.5084108, -0.86111474, 1.9120588e-16), (-0.84848166, -0.52922475, 1.175115e-16), (-0.84848166, -0.52922475, 1.175115e-16), (-0.9834196, -0.18134493, 4.0266663e-17), (-0.9987574, -0.04983497, 1.1065586e-17), (-0.04837699, -0.99878275, 0.009624998), (-0.16712393, -0.9853756, 0.03323599), (-0.49865684, -0.86110574, 0.09918797), (-0.83219707, -0.52920306, 0.165506), (-0.83219707, -0.52920306, 0.165506), (-0.9645313, -0.18131505, 0.19184408), (-0.97956604, -0.049834006, 0.19485101), (-0.045576017, -0.9987824, 0.01888101), (-0.157419, -0.98537797, 0.06518899), (-0.46972516, -0.8611063, 0.19456206), (-0.7839139, -0.52920085, 0.3246929), (-0.90856755, -0.1813169, 0.37633675), (-0.7839139, -0.52920085, 0.3246929), (-0.92273176, -0.049823992, 0.38220894), (-0.14167105, -0.98537934, 0.09464103), (-0.041026, -0.998782, 0.027411005), (-0.42271695, -0.86112183, 0.28245294), (-0.705478, -0.529231, 0.47139704), (-0.81769097, -0.18134299, 0.5463479), (-0.705478, -0.529231, 0.47139704), (-0.8304367, -0.04983298, 0.55487984), (-0.120459974, -0.98537874, 0.12049097), (-0.034882005, -0.9987822, 0.034890007), (-0.35948497, -0.86112785, 0.35948497), (-0.59997684, -0.5292029, 0.59997684), (-0.69538254, -0.18134588, 0.69538254), (-0.59997684, -0.5292029, 0.59997684), (-0.706229, -0.049869, 0.70622504), (-0.09467105, -0.9853764, 0.14167106), (-0.027415005, -0.9987821, 0.04102301), (-0.28245988, -0.86111367, 0.4227288), (-0.47140476, -0.5292088, 0.7054897), (-0.59997684, -0.5292029, 0.59997684), (-0.54635125, -0.18131308, 0.81769544), (-0.47140476, -0.5292088, 0.7054897), (-0.69538254, -0.18134588, 0.69538254), (-0.55488384, -0.049836982, 0.8304338), (-0.01886399, -0.99878246, 0.045582976), (-0.06518899, -0.98537797, 0.157419), (-0.19456205, -0.86110616, 0.46972513), (-0.32469505, -0.5292361, 0.7838891), (-0.32469505, -0.5292361, 0.7838891), (-0.37633476, -0.1813459, 0.90856254), (-0.38220704, -0.049832005, 0.92273206), (-0.009623001, -0.9987821, 0.04839101), (-0.19484094, -0.049839985, 0.97956777), (0.7062318, -0.049789976, 0.7062277), (0.69538635, -0.18131611, -0.69538635), (-0.7062282, -0.049849015, -0.7062272), (-0.706229, -0.049869, 0.70622504), (-9.999997e-7, 0.12605996, 0.9920227), (0.087773986, 0.4446089, 0.89141387), (0.09723495, 0.12611693, 0.98723847), (0.087773986, 0.4446089, 0.89141387), (0, 0.9020508, 0.43162993), (0.04229898, 0.9020496, 0.4295548), (0.012328004, 0.99206036, 0.12515704), (0.17475407, 0.44457522, 0.8785294), (0.1935331, 0.12603705, 0.9729644), (0.08420101, 0.9020421, 0.42335606), (0.17475407, 0.44457522, 0.8785294), (0.02453101, 0.9920615, 0.123338066), (0.28796792, 0.12608296, 0.94930375), (0.2599939, 0.44460487, 0.8571638), (0.2599939, 0.44460487, 0.8571638), (0.12528107, 0.90205234, 0.41304517), (0.036509015, 0.9920605, 0.12034605), (0.37963203, 0.12606601, 0.916508), (0.34279087, 0.44457185, 0.8275568), (0.16516994, 0.90205675, 0.3987639), (0.34279087, 0.44457185, 0.8275568), (0.04812401, 0.99206126, 0.11618303), (0.42223093, 0.44457093, 0.78998584), (0.46763772, 0.12602893, 0.8748895), (0.42223093, 0.44457093, 0.78998584), (0.20346989, 0.9020505, 0.38066378), (0.059281003, 0.99206114, 0.11090701), (0.55113614, 0.12606601, 0.82483715), (0.49764803, 0.444606, 0.7447631), (0.49764803, 0.444606, 0.7447631), (0.23979, 0.902058, 0.35887596), (0.069865994, 0.99206096, 0.104564995), (0.6293321, 0.12607202, 0.7668421), (0.56824195, 0.444577, 0.69242495), (0.27381608, 0.9020493, 0.33366415), (0.56824195, 0.444577, 0.69242495), (0.07978899, 0.99206, 0.097214), (0.7014628, 0.12606098, 0.7014688), (0.6333691, 0.44457608, 0.63340014), (0.6333691, 0.44457608, 0.63340014), (0.30521813, 0.90204424, 0.30521813), (0.088925, 0.992061, 0.088923), (0.7668421, 0.12607202, 0.6293321), (0.6333691, 0.44457608, 0.63340014), (0.69242495, 0.444577, 0.56824195), (0.33363685, 0.9020586, 0.27381888), (0.69242495, 0.444577, 0.56824195), (0.09720199, 0.9920619, 0.079780996), (0.82483387, 0.12608, 0.551138), (0.74478674, 0.44457084, 0.49764386), (0.35890302, 0.9020482, 0.23978703), (0.74478674, 0.44457084, 0.49764386), (0.10457399, 0.99205977, 0.06986898), (0.78998584, 0.44457093, 0.42223093), (0.874887, 0.12604898, 0.46763697), (0.78998584, 0.44457093, 0.42223093), (0.38066378, 0.9020505, 0.20346989), (0.110905044, 0.99206144, 0.05928103), (0.8275568, 0.44457185, 0.34279087), (0.91650873, 0.12605795, 0.3796329), (0.3987639, 0.90205675, 0.16516994), (0.8275568, 0.44457185, 0.34279087), (0.11617194, 0.9920625, 0.048125975), (0.8571571, 0.4446011, 0.26002207), (0.9493049, 0.12607399, 0.28796798), (0.41304517, 0.90205234, 0.12528107), (0.8571571, 0.4446011, 0.26002207), (0.120352976, 0.99205977, 0.036505993), (0.9729589, 0.126079, 0.19353299), (0.87852216, 0.4446021, 0.17472203), (0.42335606, 0.9020421, 0.08420101), (0.87852216, 0.4446021, 0.17472203), (0.12336205, 0.99205846, 0.02453401), (0.89143246, 0.44457173, 0.08777295), (0.98724467, 0.12606896, 0.09723497), (0.4295548, 0.9020496, 0.04229898), (0.89143246, 0.44457173, 0.08777295), (0.12515101, 0.99206114, 0.012326002), (0.8957417, 0.44457486, -9.871545e-17), (0.9920201, 0.12608, -2.7995385e-17), (0.4316549, 0.9020388, -2.0029285e-16), (0.8957417, 0.44457486, -9.871545e-17), (0.12576796, 0.9920597, -2.202815e-16), (0.8914204, 0.44459617, -0.087772034), (0.98724467, 0.12606896, -0.09723497), (0.4295548, 0.9020496, -0.04229898), (0.8914204, 0.44459617, -0.087772034), (0.125161, 0.9920599, -0.012326999), (0.8785343, 0.44457716, -0.17472406), (0.972959, 0.126077, -0.193534), (0.4233309, 0.9020538, -0.084201984), (0.8785343, 0.44457716, -0.17472406), (0.12334495, 0.99206054, -0.02453499), (0.8571758, 0.44457984, -0.25999692), (0.9493052, 0.12607402, -0.28796703), (0.41304517, 0.90205234, -0.12528107), (0.8571758, 0.44457984, -0.25999692), (0.120340034, 0.9920613, -0.036506016), (0.8275543, 0.44460115, -0.34275913), (0.9165069, 0.12607697, -0.37963095), (0.8275543, 0.44460115, -0.34275913), (0.3987639, 0.90205675, -0.16516994), (0.11618301, 0.99206114, -0.048127007), (0.78997415, 0.4445821, -0.42224112), (0.8748832, 0.12607503, -0.46763712), (0.3806641, 0.9020503, -0.20347008), (0.78997415, 0.4445821, -0.42224112), (0.11091205, 0.9920605, -0.059284028), (0.74478674, 0.44457084, -0.49764386), (0.82483697, 0.12606798, -0.55113596), (0.35890302, 0.9020482, -0.23978703), (0.74478674, 0.44457084, -0.49764386), (0.10456696, 0.99206066, -0.069867976), (0.7668421, 0.12606701, -0.62933314), (0.69242495, 0.444577, -0.56824195), (0.33366415, 0.9020493, -0.27381608), (0.69242495, 0.444577, -0.56824195), (0.09721803, 0.99206024, -0.079781026), (0.6333816, 0.4445847, -0.6333816), (0.70146465, 0.12606794, -0.70146567), (0.305218, 0.90204394, -0.30521896), (0.6333816, 0.4445847, -0.6333816), (0.08892696, 0.99206054, -0.088925965), (0.62933403, 0.12607501, -0.76684004), (0.6333816, 0.4445847, -0.6333816), (0.56824195, 0.444577, -0.69242495), (0.27381608, 0.9020493, -0.33366415), (0.56824195, 0.444577, -0.69242495), (0.07978105, 0.99206054, -0.097216055), (0.5511332, 0.12606406, -0.8248394), (0.49764386, 0.44457084, -0.74478674), (0.23978703, 0.9020482, -0.35890302), (0.49764386, 0.44457084, -0.74478674), (0.06986599, 0.99206084, -0.10456597), (0.4676379, 0.12606098, -0.87488484), (0.42223093, 0.44457093, -0.78998584), (0.20347008, 0.9020503, -0.3806641), (0.42223093, 0.44457093, -0.78998584), (0.059280984, 0.99206084, -0.110909976), (0.37963286, 0.12604396, -0.91651076), (0.34279087, 0.44457185, -0.8275568), (0.16516791, 0.9020456, -0.3987898), (0.34279087, 0.44457185, -0.8275568), (0.048130002, 0.99206007, -0.11619101), (0.287967, 0.126098, -0.94930196), (0.25999403, 0.4446041, -0.85716414), (0.12528107, 0.90205234, -0.41304517), (0.25999403, 0.4446041, -0.85716414), (0.036505986, 0.99206066, -0.12034495), (0.19353294, 0.12604995, -0.9729627), (0.1747539, 0.44457483, -0.8785296), (0.084201984, 0.9020538, -0.4233309), (0.1747539, 0.44457483, -0.8785296), (0.024533996, 0.99206096, -0.123341985), (0.08777295, 0.44457173, -0.89143246), (0.09723301, 0.12607402, -0.9872442), (0.08777295, 0.44457173, -0.89143246), (0.04229898, 0.9020496, -0.4295548), (0.012325004, 0.99206036, -0.12515703), (0, 0.44457486, -0.8957417), (-9.999995e-7, 0.12603696, -0.99202555), (0, 0.9020502, -0.43163103), (0, 0.44457486, -0.8957417), (0, 0.9920605, -0.12576205), (-0.09723397, 0.12610798, -0.9872397), (-0.087772034, 0.44459617, -0.8914204), (-0.087772034, 0.44459617, -0.8914204), (-0.04229898, 0.9020496, -0.4295548), (-0.012327004, 0.9920605, -0.12515604), (-0.19353305, 0.12608501, -0.97295815), (-0.17472203, 0.4446021, -0.87852216), (-0.084201984, 0.9020538, -0.4233309), (-0.17472203, 0.4446021, -0.87852216), (-0.024534, 0.99206, -0.123348996), (-0.26002604, 0.44457603, -0.857169), (-0.2879689, 0.12608096, -0.94930375), (-0.12528107, 0.90205234, -0.41304517), (-0.26002604, 0.44457603, -0.857169), (-0.036511008, 0.99206024, -0.12034704), (-0.3796321, 0.12608603, -0.9165052), (-0.34275913, 0.44460115, -0.8275543), (-0.16516994, 0.90205675, -0.3987639), (-0.34275913, 0.44460115, -0.8275543), (-0.048125014, 0.99206024, -0.116191044), (-0.46763408, 0.12610003, -0.8748812), (-0.42223585, 0.44460583, -0.78996366), (-0.20347008, 0.9020503, -0.3806641), (-0.42223585, 0.44460583, -0.78996366), (-0.05929199, 0.99205977, -0.11091398), (-0.49764386, 0.44457084, -0.74478674), (-0.55114096, 0.12604697, -0.82483685), (-0.23978703, 0.9020482, -0.35890302), (-0.49764386, 0.44457084, -0.74478674), (-0.06986898, 0.99206066, -0.10456597), (-0.56824195, 0.444577, -0.69242495), (-0.62932956, 0.1260769, -0.76684344), (-0.56824195, 0.444577, -0.69242495), (-0.27381608, 0.9020493, -0.33366415), (-0.07978098, 0.9920607, -0.09721397), (-0.6333875, 0.44456768, -0.6333875), (-0.7014704, 0.12604906, -0.7014634), (-0.305218, 0.90204394, -0.30521896), (-0.6333875, 0.44456768, -0.6333875), (-0.088930026, 0.99206024, -0.088926025), (-0.7014704, 0.12604906, -0.7014634), (-0.692416, 0.44460106, -0.568234), (-0.7668418, 0.12608096, -0.62933075), (-0.692416, 0.44460106, -0.568234), (-0.33366415, 0.9020493, -0.27381608), (-0.09721098, 0.99206084, -0.07978299), (-0.74477696, 0.44459498, -0.49763697), (-0.8248351, 0.12608002, -0.5511361), (-0.35887596, 0.902058, -0.23979), (-0.74477696, 0.44459498, -0.49763697), (-0.10456201, 0.992061, -0.069869004), (-0.78997415, 0.4445821, -0.42224112), (-0.87488437, 0.12606704, -0.4676372), (-0.78997415, 0.4445821, -0.42224112), (-0.3806641, 0.9020503, -0.20347008), (-0.11091096, 0.99206066, -0.05928298), (-0.8275651, 0.4445771, -0.34276408), (-0.91650873, 0.12607296, -0.37962788), (-0.3987898, 0.9020456, -0.16516791), (-0.8275651, 0.4445771, -0.34276408), (-0.116192006, 0.99206007, -0.048127003), (-0.9493065, 0.12605706, -0.2879702), (-0.85716856, 0.4445768, -0.2600259), (-0.41304517, 0.90205234, -0.12528107), (-0.85716856, 0.4445768, -0.2600259), (-0.12034495, 0.99206066, -0.036505986), (-0.87851757, 0.44459975, -0.1747509), (-0.972959, 0.126077, -0.193534), (-0.4233309, 0.9020538, -0.084201984), (-0.87851757, 0.44459975, -0.1747509), (-0.12334197, 0.99206084, -0.024534995), (-0.89143246, 0.44457173, -0.08777295), (-0.9872467, 0.12605296, -0.09723497), (-0.4295548, 0.9020496, -0.04229898), (-0.89143246, 0.44457173, -0.08777295), (-0.12515101, 0.99206114, -0.012327002), (-0.8957417, 0.44457486, -9.871545e-17), (-0.992022, 0.126065, -0.000002), (-0.8957417, 0.44457486, -9.871545e-17), (-0.43162993, 0.9020508, -2.0029551e-16), (-0.12577105, 0.9920593, -2.2028141e-16), (-0.89143246, 0.44457173, 0.08777295), (-0.98724437, 0.12607004, 0.09723603), (-0.4295548, 0.9020496, 0.04229898), (-0.89143246, 0.44457173, 0.08777295), (-0.12515396, 0.9920607, 0.012326996), (-0.9729593, 0.12607904, 0.19353107), (-0.87852216, 0.4446021, 0.17472203), (-0.4233309, 0.9020538, 0.084201984), (-0.87852216, 0.4446021, 0.17472203), (-0.12335196, 0.9920597, 0.024534993), (-0.85716856, 0.4445768, 0.2600259), (-0.94930524, 0.12607105, 0.28796807), (-0.41307005, 0.90204126, 0.12527901), (-0.85716856, 0.4445768, 0.2600259), (-0.120361954, 0.99205863, 0.036504984), (-0.8275568, 0.44457185, 0.34279087), (-0.91651005, 0.126057, 0.37963003), (-0.8275568, 0.44457185, 0.34279087), (-0.3987898, 0.9020456, 0.16516791), (-0.11618896, 0.99206054, 0.048125982), (-0.8748845, 0.12608592, 0.46763173), (-0.7899636, 0.44460636, 0.42223534), (-0.38066378, 0.9020505, 0.20346989), (-0.7899636, 0.44460636, 0.42223534), (-0.11091404, 0.99206024, 0.059284016), (-0.74478674, 0.44457084, 0.49764386), (-0.8248381, 0.12606901, 0.55113405), (-0.35890302, 0.9020482, 0.23978703), (-0.74478674, 0.44457084, 0.49764386), (-0.10456202, 0.99206114, 0.069868006), (-0.69242495, 0.444577, 0.56824195), (-0.76684284, 0.12605397, 0.62933487), (-0.69242495, 0.444577, 0.56824195), (-0.33366415, 0.9020493, 0.27381608), (-0.09721902, 0.9920602, 0.07978201), (-0.63340014, 0.44457608, 0.6333691), (-0.70147, 0.12605901, 0.701462), (-0.63340014, 0.44457608, 0.6333691), (-0.30521813, 0.90204424, 0.30521813), (-0.08892399, 0.99206084, 0.08892599), (-0.629334, 0.126076, 0.76684), (-0.63340014, 0.44457608, 0.6333691), (-0.56824195, 0.444577, 0.69242495), (-0.27381608, 0.9020493, 0.33366415), (-0.56824195, 0.444577, 0.69242495), (-0.07978899, 0.99206, 0.097214), (-0.49764386, 0.44457084, 0.74478674), (-0.5511411, 0.12605801, 0.8248351), (-0.49764386, 0.44457084, 0.74478674), (-0.23978703, 0.9020482, 0.35890302), (-0.069870025, 0.9920605, 0.10456704), (-0.42224112, 0.4445821, 0.78997415), (-0.46763483, 0.12607995, 0.8748837), (-0.42224112, 0.4445821, 0.78997415), (-0.20346989, 0.9020505, 0.38066378), (-0.05928501, 0.9920602, 0.11091402), (-0.34275913, 0.44460115, 0.8275543), (-0.37963077, 0.12608095, 0.91650647), (-0.16516791, 0.9020456, 0.3987898), (-0.34275913, 0.44460115, 0.8275543), (-0.048122983, 0.9920607, 0.11618796), (-0.2600259, 0.4445768, 0.85716856), (-0.28797308, 0.12608203, 0.94930226), (-0.12528107, 0.90205234, 0.41304517), (-0.2600259, 0.4445768, 0.85716856), (-0.03650799, 0.9920607, 0.12034396), (-0.19353499, 0.12608398, 0.97295797), (-0.1747509, 0.44459975, 0.87851757), (-0.1747509, 0.44459975, 0.87851757), (-0.084201984, 0.9020538, 0.4233309), (-0.024534995, 0.99205977, 0.12335098), (-0.09723699, 0.126065, 0.98724496), (-0.087773025, 0.44457212, 0.8914323), (-0.04229898, 0.9020496, 0.4295548), (-0.087773025, 0.44457212, 0.8914323), (-0.012325996, 0.99206066, 0.12515496), (0, 0.44457486, 0.8957417), (0, 0.44457486, 0.8957417), (-0, 0.9920605, 0.12576205), (0.7014628, 0.12606098, 0.7014688), (0.70146465, 0.12606794, -0.70146567), (-0.6333875, 0.44456768, -0.6333875), (-0.70147, 0.12605901, 0.701462), (-0.0077349995, 0.9987769, -0.04883699), (-0.0071409987, 0.98328686, -0.18192297), (-0.028901987, 0.9827745, -0.1825349), (-0.020600999, 0.85115695, -0.5245069), (-0.082647026, 0.8490222, -0.52185315), (-0.03354, 0.518575, -0.854374), (-0.13392007, 0.5167873, -0.84557456), (-0.13392007, 0.5167873, -0.84557456), (-0.038606018, 0.17862608, -0.98315936), (-0.15390599, 0.17844298, -0.97183895), (-0.039210998, 0.049643, -0.997997), (-0.15624101, 0.049755, -0.98646504), (-0.05710098, 0.9827756, -0.17575994), (-0.015278999, 0.9987769, -0.047024995), (-0.16324504, 0.8490311, -0.50249106), (-0.26454002, 0.516781, -0.81422114), (-0.26454002, 0.516781, -0.81422114), (-0.30405688, 0.17844194, -0.9357927), (-0.30863407, 0.04974501, -0.9498791), (-0.08389703, 0.98277736, -0.16465108), (-0.022447996, 0.9987768, -0.044056993), (-0.23984787, 0.8490366, -0.47075474), (-0.388666, 0.516787, -0.762804), (-0.44670093, 0.17844197, -0.87670785), (-0.388666, 0.516787, -0.762804), (-0.45342904, 0.049744003, -0.8899031), (-0.029062998, 0.9987769, -0.040001996), (-0.108616985, 0.98277575, -0.14951298), (-0.31055698, 0.849027, -0.427443), (-0.50320786, 0.5167889, -0.6926118), (-0.5783429, 0.17844696, -0.7960378), (-0.50320786, 0.5167889, -0.6926118), (-0.58705807, 0.049760006, -0.8080141), (-0.034962997, 0.9987769, -0.034962997), (-0.13068198, 0.9827737, -0.13068298), (-0.3735839, 0.84904075, -0.3735839), (-0.6053616, 0.51679265, -0.6053616), (-0.6053616, 0.51679265, -0.6053616), (-0.6957572, 0.17844807, -0.6957572), (-0.706231, 0.049739003, -0.706232), (-0.14951296, 0.9827756, -0.10861798), (-0.040001996, 0.9987769, -0.029062998), (-0.42742202, 0.84904605, -0.310534), (-0.6926118, 0.5167889, -0.50320786), (-0.6053616, 0.51679265, -0.6053616), (-0.7960378, 0.17844696, -0.5783429), (-0.6926118, 0.5167889, -0.50320786), (-0.706231, 0.049739003, -0.706232), (-0.80801487, 0.04976099, -0.5870569), (-0.16465108, 0.98277736, -0.08389703), (-0.044056993, 0.9987768, -0.022447996), (-0.47075397, 0.8490369, -0.23984799), (-0.762804, 0.516787, -0.388666), (-0.762804, 0.516787, -0.388666), (-0.8767008, 0.17844695, -0.4467129), (-0.8899033, 0.04974802, -0.45342818), (-0.04702599, 0.9987768, -0.015279997), (-0.17575896, 0.98277575, -0.05710098), (-0.50249106, 0.8490311, -0.16324504), (-0.81422114, 0.516781, -0.26454002), (-0.81422114, 0.516781, -0.26454002), (-0.9357927, 0.17844194, -0.30405688), (-0.94987893, 0.049750995, -0.30863398), (-0.04883699, 0.9987769, -0.0077349995), (-0.18253393, 0.9827747, -0.02890199), (-0.52183974, 0.8490306, -0.08264496), (-0.84557456, 0.5167873, -0.13392007), (-0.84557456, 0.5167873, -0.13392007), (-0.9718391, 0.178443, -0.153906), (-0.98646516, 0.049755007, -0.15624002), (-0.18192297, 0.98328686, -0.007141998), (-0.049522005, 0.9987711, -0.0019460001), (-0.5245069, 0.85115695, -0.020600999), (-0.854374, 0.518575, -0.03354), (-0.98315936, 0.17862608, -0.038606018), (-0.854374, 0.518575, -0.03354), (-0.9979974, 0.04963502, -0.03921202), (-0.0077349995, 0.9987769, 0.04883699), (-0.0071409987, 0.98328686, 0.18192297), (-0.0019460001, 0.9987711, 0.049522005), (-0.02890199, 0.9827747, 0.18253393), (-0.020600999, 0.85115695, 0.5245069), (-0.08264501, 0.8490311, 0.5218391), (-0.033539984, 0.5185758, 0.85437363), (-0.13392, 0.516788, 0.8455741), (-0.038606018, 0.17862608, 0.98315936), (-0.033539984, 0.5185758, 0.85437363), (-0.15390599, 0.17844298, 0.97183895), (-0.039211, 0.049642004, 0.9979971), (-0.05710098, 0.98277575, 0.17575896), (-0.16324504, 0.8490311, 0.50249106), (-0.13392, 0.516788, 0.8455741), (-0.30405682, 0.1784429, 0.9357925), (-0.156241, 0.049757, 0.9864649), (-0.015278999, 0.9987769, 0.047024995), (-0.08389703, 0.98277736, 0.16465108), (-0.23984799, 0.8490369, 0.47075397), (-0.26454002, 0.516781, 0.81422114), (-0.26454002, 0.516781, 0.81422114), (-0.44670093, 0.17844197, 0.87670785), (-0.4534291, 0.04974501, 0.8899031), (-0.30863386, 0.049738977, 0.9498796), (-0.029062998, 0.9987769, 0.040000997), (-0.022447998, 0.9987769, 0.044056), (-0.108616985, 0.98277575, 0.14951298), (-0.31052998, 0.84903497, 0.42744693), (-0.388666, 0.516787, 0.762804), (-0.388666, 0.516787, 0.762804), (-0.5783429, 0.17844696, 0.7960378), (-0.58705807, 0.049760006, 0.8080141), (-0.034962997, 0.9987769, 0.034962997), (-0.13068199, 0.9827739, 0.13068199), (-0.3735839, 0.84904075, 0.3735839), (-0.50320786, 0.5167889, 0.6926118), (-0.60536194, 0.516793, 0.6053609), (-0.50320786, 0.5167889, 0.6926118), (-0.706231, 0.049740005, 0.706232), (-0.14951298, 0.98277575, 0.108616985), (-0.6926122, 0.5167891, 0.50320715), (-0.60536194, 0.516793, 0.6053609), (-0.60536194, 0.516793, 0.6053609), (-0.7960378, 0.17844696, 0.5783429), (-0.69575715, 0.17844905, 0.69575715), (-0.706231, 0.049740005, 0.706232), (-0.040001996, 0.9987769, 0.029062998), (-0.16465108, 0.98277736, 0.08389703), (-0.47075397, 0.8490369, 0.23984799), (-0.4274221, 0.84904623, 0.31053308), (-0.762804, 0.516787, 0.388666), (-0.762804, 0.516787, 0.388666), (-0.6926122, 0.5167891, 0.50320715), (-0.8767008, 0.17844695, 0.4467129), (-0.80801487, 0.04976099, 0.5870569), (-0.04702599, 0.9987768, 0.015278997), (-0.044056993, 0.9987768, 0.022447996), (-0.50249106, 0.8490311, 0.16324504), (-0.81422114, 0.516781, 0.26454002), (-0.9357927, 0.17844194, 0.30405688), (-0.8899033, 0.04974802, 0.45342818), (-0.04883699, 0.9987769, 0.0077349995), (-0.17575896, 0.98277575, 0.05710098), (-0.18253393, 0.9827747, 0.02890099), (-0.52183974, 0.8490306, 0.08264496), (-0.81422114, 0.516781, 0.26454002), (-0.9718391, 0.178443, 0.153906), (-0.94987893, 0.049749997, 0.30863398), (-0.18192297, 0.98328686, 0.0071409987), (-0.5245069, 0.85115695, 0.020599999), (-0.854374, 0.518575, 0.03354), (-0.8455744, 0.5167876, 0.1339199), (-0.8455744, 0.5167876, 0.1339199), (-0.98315936, 0.17862608, 0.038606018), (-0.99799687, 0.049644995, 0.039211996), (-0.98646504, 0.049755, 0.15624101), (0.04883699, 0.9987769, 0.0077349995), (0.18192297, 0.98328686, 0.0071409987), (0.049522005, 0.9987711, 0.0019460001), (0.18253393, 0.9827747, 0.02890099), (0.5245069, 0.85115695, 0.020599999), (0.52183974, 0.8490306, 0.08264496), (0.854374, 0.518575, 0.03354), (0.8455744, 0.5167876, 0.1339199), (0.98315936, 0.17862608, 0.038606018), (0.854374, 0.518575, 0.03354), (0.9718391, 0.178443, 0.153906), (0.9979974, 0.04963502, 0.03921202), (0.17575896, 0.98277575, 0.05710098), (0.50249106, 0.8490311, 0.16324504), (0.8455744, 0.5167876, 0.1339199), (0.9357927, 0.17844194, 0.30405688), (0.98646516, 0.049755007, 0.15624002), (0.04702599, 0.9987768, 0.015278997), (0.16465108, 0.98277736, 0.08389703), (0.47075397, 0.8490369, 0.23984799), (0.81422114, 0.516781, 0.26454002), (0.81422114, 0.516781, 0.26454002), (0.8767008, 0.17844695, 0.4467129), (0.8899033, 0.04974802, 0.45342818), (0.94987893, 0.049750995, 0.30863398), (0.040001996, 0.9987769, 0.029062998), (0.044056993, 0.9987768, 0.022447996), (0.14951298, 0.98277575, 0.108616985), (0.4274221, 0.84904623, 0.31053308), (0.762804, 0.516787, 0.388666), (0.762804, 0.516787, 0.388666), (0.7960378, 0.17844696, 0.5783429), (0.80801487, 0.04976099, 0.5870569), (0.034962997, 0.9987769, 0.034962997), (0.13068199, 0.9827739, 0.13068199), (0.3735839, 0.84904075, 0.3735839), (0.6926122, 0.5167891, 0.50320715), (0.60536194, 0.516793, 0.6053609), (0.6926122, 0.5167891, 0.50320715), (0.706231, 0.049740005, 0.706232), (0.108616985, 0.98277575, 0.14951298), (0.50320786, 0.5167889, 0.6926118), (0.60536194, 0.516793, 0.6053609), (0.60536194, 0.516793, 0.6053609), (0.5783429, 0.17844696, 0.7960378), (0.69575715, 0.17844905, 0.69575715), (0.706231, 0.049740005, 0.706232), (0.029062998, 0.9987769, 0.040001996), (0.08389703, 0.98277736, 0.16465108), (0.23984799, 0.8490369, 0.47075397), (0.31055698, 0.849027, 0.427443), (0.388666, 0.516787, 0.762804), (0.388666, 0.516787, 0.762804), (0.50320786, 0.5167889, 0.6926118), (0.44670093, 0.17844197, 0.87670785), (0.58705807, 0.049760006, 0.8080141), (0.015278999, 0.9987769, 0.047024995), (0.022447998, 0.9987769, 0.044056), (0.16324504, 0.8490311, 0.50249106), (0.26454002, 0.516781, 0.81422114), (0.30405682, 0.1784429, 0.9357925), (0.4534291, 0.04974501, 0.8899031), (0.0077349995, 0.9987769, 0.04883699), (0.05710098, 0.98277575, 0.17575896), (0.02890199, 0.9827747, 0.18253393), (0.082647026, 0.8490222, 0.52185315), (0.26454002, 0.516781, 0.81422114), (0.15390599, 0.17844298, 0.97183895), (0.30863407, 0.04974501, 0.9498791), (0.0071409987, 0.98328686, 0.18192297), (0.020600999, 0.85115695, 0.5245069), (0.033539984, 0.5185758, 0.85437363), (0.13392, 0.516788, 0.8455741), (0.13392, 0.516788, 0.8455741), (0.038606018, 0.17862608, 0.98315936), (0.039210998, 0.049643, 0.997997), (0.156241, 0.049755998, 0.986465), (0.0077349995, 0.9987769, -0.04883699), (0.0071409987, 0.98328686, -0.18192297), (0.0019460001, 0.9987711, -0.049522005), (0.028901987, 0.9827745, -0.1825349), (0.020600999, 0.85115695, -0.5245069), (0.08264496, 0.8490306, -0.52183974), (0.03354, 0.518575, -0.854374), (0.13392007, 0.5167873, -0.84557456), (0.038606018, 0.17862608, -0.98315936), (0.03354, 0.518575, -0.854374), (0.15390599, 0.17844298, -0.97183895), (0.039211, 0.049642004, -0.9979971), (0.05710098, 0.9827756, -0.17575994), (0.16324504, 0.8490311, -0.50249106), (0.13392007, 0.5167873, -0.84557456), (0.30405688, 0.17844194, -0.9357927), (0.156241, 0.049755998, -0.986465), (0.015278999, 0.9987769, -0.047024995), (0.08389703, 0.98277736, -0.16465108), (0.23984787, 0.8490366, -0.47075474), (0.26454002, 0.516781, -0.81422114), (0.26454002, 0.516781, -0.81422114), (0.44670093, 0.17844197, -0.87670785), (0.45342904, 0.049744003, -0.8899031), (0.30863386, 0.049738977, -0.9498796), (0.029062998, 0.9987769, -0.040001996), (0.022447996, 0.9987768, -0.044056993), (0.108616985, 0.98277575, -0.14951298), (0.31052998, 0.84903497, -0.42744693), (0.388666, 0.516787, -0.762804), (0.388666, 0.516787, -0.762804), (0.5783429, 0.17844696, -0.7960378), (0.58705807, 0.049760006, -0.8080141), (0.034962997, 0.9987769, -0.034962997), (0.13068198, 0.9827737, -0.13068298), (0.3735839, 0.84904075, -0.3735839), (0.50320786, 0.5167889, -0.6926118), (0.6053616, 0.51679265, -0.6053616), (0.50320786, 0.5167889, -0.6926118), (0.706231, 0.049739003, -0.706232), (0.14951296, 0.9827756, -0.10861798), (0.6926118, 0.5167889, -0.50320786), (0.6053616, 0.51679265, -0.6053616), (0.6053616, 0.51679265, -0.6053616), (0.7960378, 0.17844696, -0.5783429), (0.6957572, 0.17844807, -0.6957572), (0.706231, 0.049739003, -0.706232), (0.040001992, 0.9987768, -0.029063994), (0.16465108, 0.98277736, -0.08389703), (0.47075397, 0.8490369, -0.23984799), (0.42742202, 0.84904605, -0.310534), (0.762804, 0.516787, -0.388666), (0.762804, 0.516787, -0.388666), (0.6926118, 0.5167889, -0.50320786), (0.8767008, 0.17844695, -0.4467129), (0.80801487, 0.04976099, -0.5870569), (0.04702599, 0.9987768, -0.015279997), (0.044056993, 0.9987768, -0.022447996), (0.50249106, 0.8490311, -0.16324504), (0.81422114, 0.516781, -0.26454002), (0.9357927, 0.17844194, -0.30405688), (0.8899033, 0.04974802, -0.45342818), (0.04883699, 0.9987769, -0.0077349995), (0.17575896, 0.98277575, -0.05710098), (0.18253393, 0.9827747, -0.02890199), (0.52183974, 0.8490306, -0.08264496), (0.81422114, 0.516781, -0.26454002), (0.9718391, 0.178443, -0.153906), (0.94987893, 0.049749997, -0.30863398), (0.18192297, 0.98328686, -0.007141998), (0.5245069, 0.85115695, -0.020600999), (0.854374, 0.518575, -0.03354), (0.84557456, 0.5167873, -0.13392007), (0.84557456, 0.5167873, -0.13392007), (0.98315936, 0.17862608, -0.038606018), (0.99799687, 0.049644995, -0.039211996), (0.98646504, 0.049755, -0.15624101), (-0.854374, 0.518575, 0.03354), (0.033539984, 0.5185758, 0.85437363), (0.854374, 0.518575, -0.03354), (-0.03354, 0.518575, -0.854374), (-0.0019460003, 0.9987712, -0.049521007), (-0.6957572, 0.17844807, -0.6957572), (-0.69575715, 0.17844905, 0.69575715), (-0.049522005, 0.9987711, 0.0019460001), (0.69575715, 0.17844905, 0.69575715), (0.0019460003, 0.9987712, 0.049521007), (0.6957572, 0.17844807, -0.6957572), (0.049522005, 0.9987711, -0.0019460001), (-0.0019470004, -0.99877226, -0.04949801), (0.0071409987, -0.98328686, -0.18192297), (0.0019470006, -0.9987724, -0.04949702), (-0.0071409987, -0.98328686, -0.18192297), (0.020600008, -0.85114324, -0.52452916), (-0.020600999, -0.85115695, -0.5245069), (0.033539984, -0.5185758, -0.85437363), (0.033539984, -0.5185758, -0.85437363), (-0.03860599, -0.17859596, -0.9831648), (0.03860599, -0.17859596, -0.9831648), (0.03921101, -0.04961801, -0.99799824), (0.0077329995, -0.9987779, -0.048814997), (0.028902, -0.98278, -0.18250498), (0.08264603, -0.8490444, -0.52181727), (0.133918, -0.51681, -0.845561), (0.133918, -0.51681, -0.845561), (0.15390702, -0.17841403, -0.9718442), (0.15624505, -0.049735017, -0.98646533), (-0.99798167, -0.049838983, -0.039354984), (-0.971756, -0.17920798, -0.15354098), (-0.98300713, -0.17938901, -0.038942), (-0.8446819, -0.51834, -0.13355199), (-0.8533985, -0.52016324, -0.033784013), (-0.8533985, -0.52016324, -0.033784013), (-0.5202568, -0.84998375, -0.08282797), (-0.523005, -0.8520909, -0.020172998), (-0.18170908, -0.9829194, -0.029176014), (-0.18119293, -0.9834247, -0.0067139976), (-0.04858601, -0.9987882, -0.007848002), (-0.04926002, -0.9987844, -0.0017900007), (-0.98649734, -0.04955002, 0.15610206), (-0.9831648, -0.17859596, 0.03860599), (-0.9720214, -0.17771088, 0.1536009), (-0.854374, -0.518575, 0.03354), (-0.8464849, -0.515319, 0.13382699), (-0.8464849, -0.515319, 0.13382699), (-0.5245069, -0.85115695, 0.020600999), (-0.523288, -0.848076, 0.083288), (-0.18192297, -0.98328686, 0.007141998), (-0.18323804, -0.9826282, 0.029421007), (-0.04950001, -0.99877226, 0.0019450006), (-0.049035978, -0.9987656, 0.007919996), (-0.9979984, -0.04961302, 0.039212015), (-0.854374, -0.518575, 0.03354), (0.4534241, -0.049788006, -0.88990325), (0.30405885, -0.17841291, -0.9357976), (0.30863607, -0.049731012, -0.9498792), (0.388666, -0.516787, -0.762804), (0.264536, -0.5168039, -0.8142079), (0.388666, -0.516787, -0.762804), (0.16324705, -0.8490443, -0.5024681), (0.264536, -0.5168039, -0.8142079), (0.23984799, -0.8490369, -0.47075397), (0.05710098, -0.98277575, -0.17575896), (0.08389703, -0.98277736, -0.16465108), (0.015274, -0.9987779, -0.047002997), (0.587048, -0.04976899, -0.8080209), (0.4467129, -0.17844695, -0.8767008), (0.50320786, -0.5167889, -0.6926118), (0.50320786, -0.5167889, -0.6926118), (0.108616985, -0.98277575, -0.14951298), (0.02904201, -0.9987782, -0.03998401), (0.022442995, -0.99877775, -0.04403699), (0.7062351, -0.04972501, -0.7062291), (0.5783429, -0.17844696, -0.7960378), (0.60535204, -0.516815, -0.60535204), (0.60535204, -0.516815, -0.60535204), (0.31056514, -0.84901845, -0.4274542), (0.13068199, -0.9827739, -0.13068199), (0.034952987, -0.99877775, -0.034945987), (0.8080083, -0.049747016, -0.5870672), (0.695777, -0.178415, -0.695746), (0.7062351, -0.04972501, -0.7062291), (0.6926122, -0.5167891, -0.50320715), (0.60535204, -0.516815, -0.60535204), (0.6926122, -0.5167891, -0.50320715), (0.3735839, -0.84904075, -0.3735839), (0.4274221, -0.84904623, -0.31053308), (0.14948301, -0.98278016, -0.108618006), (0.8767008, -0.17844695, -0.4467129), (0.79604197, -0.178418, -0.57834595), (0.762804, -0.516787, -0.388666), (0.47075397, -0.8490369, -0.23984799), (0.16465108, -0.98277736, -0.08389703), (0.039975014, -0.99877834, -0.029049011), (0.8898988, -0.04977799, -0.45343387), (0.9357976, -0.17841291, -0.30405885), (0.762804, -0.516787, -0.388666), (0.5024681, -0.8490443, -0.16324705), (0.17573, -0.98278105, -0.057101), (0.04699098, -0.99877864, -0.015271993), (0.04404698, -0.99877745, -0.022437988), (0.986466, -0.049739003, -0.15624002), (0.94988126, -0.04973001, -0.30863005), (0.9718391, -0.178443, -0.153906), (0.81422114, -0.516781, -0.26454002), (0.81422114, -0.516781, -0.26454002), (0.52181727, -0.8490444, -0.08264603), (0.048801977, -0.99877864, -0.0077309967), (0.99799854, -0.049612023, -0.03921302), (0.9831648, -0.17859596, -0.03860599), (0.845561, -0.51681, -0.133918), (0.85436565, -0.5185888, -0.03354099), (0.845561, -0.51681, -0.133918), (0.5245069, -0.85115695, -0.020599999), (0.18253393, -0.9827747, -0.02890099), (0.18192297, -0.98328686, -0.0071409987), (-0.3086349, -0.04972899, 0.9498797), (-0.15390706, -0.17841306, 0.9718444), (-0.15624392, -0.04973598, 0.9864655), (-0.30405688, -0.17844194, 0.9357927), (-0.133918, -0.51681, 0.845561), (-0.26454297, -0.516816, 0.8141979), (-0.082646, -0.8490439, 0.521818), (-0.133918, -0.51681, 0.845561), (-0.16324705, -0.8490443, 0.5024681), (-0.028901987, -0.9827745, 0.1825349), (-0.05710098, -0.9827756, 0.17575994), (-0.0077329995, -0.9987779, 0.048814997), (-0.4534241, -0.049788006, 0.88990325), (-0.388666, -0.516787, 0.762804), (-0.26454297, -0.516816, 0.8141979), (-0.388666, -0.516787, 0.762804), (-0.23984787, -0.8490366, 0.47075474), (-0.08389703, -0.98277736, 0.16465108), (-0.015272, -0.9987779, 0.047003996), (-0.587048, -0.04976899, 0.8080209), (-0.4467129, -0.17844695, 0.8767008), (-0.50320786, -0.5167889, 0.6926118), (-0.50320786, -0.5167889, 0.6926118), (-0.108616985, -0.98277575, 0.14951298), (-0.02904201, -0.9987782, 0.03998401), (-0.022442995, -0.99877775, 0.04403799), (-0.7062351, -0.04972501, 0.7062291), (-0.5783429, -0.17844696, 0.7960378), (-0.60535204, -0.516815, 0.60535204), (-0.60535204, -0.516815, 0.60535204), (-0.31056514, -0.84901845, 0.4274542), (-0.13068198, -0.9827737, 0.13068298), (-0.034952987, -0.99877775, 0.034945987), (-0.8080083, -0.049747016, 0.5870672), (-0.695777, -0.178415, 0.695746), (-0.7062351, -0.04972501, 0.7062291), (-0.6926118, -0.5167889, 0.50320786), (-0.60535204, -0.516815, 0.60535204), (-0.6926118, -0.5167889, 0.50320786), (-0.3735839, -0.84904075, 0.3735839), (-0.42742202, -0.84904605, 0.310534), (-0.14948301, -0.98278016, 0.108618006), (-0.87670785, -0.17844197, 0.44670093), (-0.79604214, -0.17841703, 0.5783461), (-0.762804, -0.516787, 0.388666), (-0.47075397, -0.8490369, 0.23984799), (-0.16465108, -0.98277736, 0.08389703), (-0.039975014, -0.99877834, 0.029050011), (-0.94984376, -0.049501985, 0.30878192), (-0.88990235, -0.04979402, 0.45342514), (-0.9358152, -0.17768404, 0.30443108), (-0.762804, -0.516787, 0.388666), (-0.814988, -0.515319, 0.26503), (-0.50405216, -0.8480933, 0.16330706), (-0.17664494, -0.9826257, 0.056948982), (-0.04404802, -0.9987774, 0.02243901), (-0.814988, -0.515319, 0.26503), (-0.04725401, -0.99876726, 0.015198004), (-0.9498803, -0.049731016, -0.3086331), (-0.9864766, -0.049973976, -0.15609793), (-0.9357976, -0.17841291, -0.30405885), (-0.81422114, -0.516781, -0.26454002), (-0.8446819, -0.51834, -0.13355199), (-0.5024681, -0.8490443, -0.16324705), (-0.17575896, -0.98277575, -0.05710098), (-0.8898988, -0.04977799, -0.45343387), (-0.762804, -0.516787, -0.388666), (-0.81422114, -0.516781, -0.26454002), (-0.762804, -0.516787, -0.388666), (-0.47075397, -0.8490369, -0.23984799), (-0.16465108, -0.98277736, -0.08389703), (-0.04699098, -0.99877864, -0.015271993), (-0.8080161, -0.049751006, -0.58705604), (-0.8767008, -0.17844695, -0.4467129), (-0.6926122, -0.5167891, -0.50320715), (-0.6926122, -0.5167891, -0.50320715), (-0.14948301, -0.98278016, -0.108618006), (-0.039975014, -0.99877834, -0.029049011), (-0.04404698, -0.99877745, -0.022437988), (-0.70623016, -0.049722016, -0.70623416), (-0.7960378, -0.17844696, -0.5783429), (-0.60536194, -0.516793, -0.6053609), (-0.60536194, -0.516793, -0.6053609), (-0.4274221, -0.84904623, -0.31053308), (-0.13068199, -0.9827739, -0.13068199), (-0.034951992, -0.99877787, -0.034944996), (-0.58703893, -0.049778994, -0.80802685), (-0.69576097, -0.17841898, -0.69576097), (-0.70623016, -0.049722016, -0.70623416), (-0.50320786, -0.5167889, -0.6926118), (-0.60536194, -0.516793, -0.6053609), (-0.50320786, -0.5167889, -0.6926118), (-0.3735839, -0.84904075, -0.3735839), (-0.310534, -0.84904605, -0.42742202), (-0.108616985, -0.98277575, -0.14951298), (-0.44667596, -0.17844498, -0.87672), (-0.5783429, -0.17844696, -0.7960378), (-0.388666, -0.516787, -0.762804), (-0.23984799, -0.8490369, -0.47075397), (-0.08389703, -0.98277736, -0.16465108), (-0.02904201, -0.9987782, -0.03998401), (-0.4534241, -0.049788006, -0.88990325), (-0.30405885, -0.17841291, -0.9357976), (-0.388666, -0.516787, -0.762804), (-0.16324705, -0.8490443, -0.5024681), (-0.05710098, -0.98277575, -0.17575896), (-0.015272001, -0.99877805, -0.047003), (-0.022442995, -0.99877775, -0.04403699), (-0.156239, -0.049763992, -0.98646486), (-0.30864197, -0.049700998, -0.94987893), (-0.15390599, -0.17844298, -0.97183895), (-0.26454002, -0.516781, -0.81422114), (-0.26454002, -0.516781, -0.81422114), (-0.08264603, -0.8490444, -0.52181727), (-0.0077329995, -0.9987779, -0.048813), (-0.028902, -0.98278, -0.18250498), (-0.033541013, -0.51858926, -0.85436535), (-0.133918, -0.51681, -0.845561), (-0.033541013, -0.51858926, -0.85436535), (-0.039211016, -0.049596023, -0.99799937), (0.04950001, -0.99877226, -0.0019450006), (0.18192297, -0.98328686, 0.007141998), (0.049507987, -0.9987718, 0.0019449994), (0.5245069, -0.85115695, 0.020600999), (0.854374, -0.518575, 0.03354), (0.854374, -0.518575, 0.03354), (0.9831648, -0.17859596, 0.03860599), (0.9979984, -0.04961402, 0.039213017), (0.04880298, -0.9987785, 0.007731997), (0.18253393, -0.9827747, 0.02890199), (0.52181727, -0.8490444, 0.08264603), (0.845561, -0.51681, 0.133918), (0.845561, -0.51681, 0.133918), (0.9718391, -0.178443, 0.153906), (0.986466, -0.049743004, 0.156239), (0.17572999, -0.98278093, 0.057101995), (0.046999015, -0.9987782, 0.015273004), (0.5024681, -0.8490443, 0.16324705), (0.81422114, -0.516781, 0.26454002), (0.93580633, -0.17841406, 0.30403113), (0.81422114, -0.516781, 0.26454002), (0.94988084, -0.049726993, 0.30863196), (0.16465108, -0.98277736, 0.08389703), (0.044047024, -0.99877745, 0.022439012), (0.47075397, -0.8490369, 0.23984799), (0.762804, -0.516787, 0.388666), (0.8767008, -0.17844695, 0.4467129), (0.762804, -0.516787, 0.388666), (0.8899009, -0.049784996, 0.45342895), (0.03998799, -0.99877775, 0.02904999), (0.14951296, -0.9827756, 0.10861798), (0.42742202, -0.84904605, 0.310534), (0.6926118, -0.5167889, 0.50320786), (0.6926118, -0.5167889, 0.50320786), (0.7960378, -0.17844696, 0.5783429), (0.80801576, -0.049746986, 0.5870568), (0.034951992, -0.99877787, 0.03494599), (0.13068198, -0.9827737, 0.13068298), (0.3735839, -0.84904075, 0.3735839), (0.60538113, -0.5167831, 0.60535014), (0.60538113, -0.5167831, 0.60535014), (0.695777, -0.178415, 0.695746), (0.70623714, -0.04970801, 0.70622814), (0.108616985, -0.98277575, 0.14951298), (0.029056992, -0.99877775, 0.039983988), (0.310534, -0.84904605, 0.42742202), (0.50320786, -0.5167889, 0.6926118), (0.50320786, -0.5167889, 0.6926118), (0.695777, -0.178415, 0.695746), (0.5783429, -0.17844696, 0.7960378), (0.58703893, -0.049777992, 0.8080269), (0.022431, -0.99877805, 0.044038), (0.08389703, -0.98277736, 0.16465108), (0.23984787, -0.8490366, 0.47075474), (0.388666, -0.516787, 0.762804), (0.44667596, -0.17844498, 0.87672), (0.388666, -0.516787, 0.762804), (0.45341796, -0.049775, 0.889907), (0.015272001, -0.99877805, 0.047003), (0.05710098, -0.9827756, 0.17575994), (0.16324705, -0.8490443, 0.5024681), (0.26454002, -0.516781, 0.81422114), (0.26454002, -0.516781, 0.81422114), (0.30405885, -0.17841291, 0.9357976), (0.30863896, -0.049700998, 0.9498799), (0.0077329995, -0.9987779, 0.048813995), (0.028902, -0.98278, 0.18250498), (0.082646, -0.8490439, 0.521818), (0.133918, -0.51681, 0.845561), (0.15390599, -0.17844298, 0.97183895), (0.133918, -0.51681, 0.845561), (0.15623702, -0.049765006, 0.98646516), (0.0071409987, -0.98328686, 0.18192297), (0.0019470004, -0.99877226, 0.04949801), (0.020600999, -0.85115695, 0.5245069), (0.03354099, -0.5185888, 0.85436565), (0.03860599, -0.17859596, 0.9831648), (0.03354099, -0.5185888, 0.85436565), (0.039211016, -0.049595017, 0.99799937), (-0.0071409987, -0.98328686, 0.18192297), (-0.0019470004, -0.99877226, 0.04949801), (-0.020600008, -0.85114324, 0.52452916), (-0.03354, -0.518575, 0.854374), (-0.03354, -0.518575, 0.854374), (-0.03860599, -0.17859596, 0.9831648), (-0.03921101, -0.04961801, 0.99799824), (0.695777, -0.178415, -0.695746), (0.85436565, -0.5185888, -0.03354099), (-0.695777, -0.178415, 0.695746), (-0.69576097, -0.17841898, -0.69576097), (-0.133918, -0.51681, -0.845561), (0.60538113, -0.5167831, 0.60535014), (0.70623714, -0.04970801, 0.70622814), (-9.999994e-7, -0.62565666, 0.78009856), (0.07092699, -0.68994784, 0.7203759), (0.07646303, -0.62566024, 0.77633935), (0, -0.68995, 0.723857), (0.055056974, -0.8272217, 0.55917174), (0.07092699, -0.68994784, 0.7203759), (0, -0.827216, 0.561884), (0.032992013, -0.94155943, 0.33522716), (0, -0.9415601, 0.33684504), (0.012543006, -0.9917425, 0.12763005), (0, -0.9917431, 0.128241), (0.0037940016, -0.9992505, 0.03852302), (0.14121401, -0.68995404, 0.70994514), (0.152184, -0.62569, 0.765083), (0.14121401, -0.68995404, 0.70994514), (0.10959406, -0.8272214, 0.5510843), (0.06570899, -0.9415598, 0.3303749), (0.024994994, -0.9917408, 0.12579897), (0.0075519965, -0.9992505, 0.03796598), (0.21012388, -0.6899456, 0.69269264), (0.22644904, -0.6256651, 0.74650115), (0.16309398, -0.8272208, 0.53768593), (0.21012388, -0.6899456, 0.69269264), (0.09778504, -0.9415574, 0.3223471), (0.037233, -0.9917431, 0.122717), (0.011236994, -0.9992505, 0.03704298), (0.2769919, -0.6899468, 0.66876674), (0.29852894, -0.62566483, 0.72071075), (0.21500903, -0.8272261, 0.5191031), (0.2769919, -0.6899468, 0.66876674), (0.12888405, -0.94156134, 0.31120908), (0.049073987, -0.9917436, 0.11847495), (0.014812994, -0.9992506, 0.035761986), (0.34120396, -0.68994594, 0.63839996), (0.3677308, -0.6256717, 0.68797463), (0.26487392, -0.8272158, 0.49553585), (0.34120396, -0.68994594, 0.63839996), (0.15879303, -0.9415572, 0.29707706), (0.060458012, -0.9917422, 0.11310303), (0.01824799, -0.9992505, 0.03413898), (0.43339884, -0.62565976, 0.6486258), (0.40215132, -0.6899475, 0.60186946), (0.31215, -0.8272229, 0.46718797), (0.40215132, -0.6899475, 0.60186946), (0.187141, -0.941562, 0.28007), (0.07123099, -0.99174374, 0.10663298), (0.021506988, -0.9992505, 0.03218498), (0.45919907, -0.68995804, 0.5595481), (0.494872, -0.625688, 0.603006), (0.35646, -0.8272131, 0.43434405), (0.45919907, -0.68995804, 0.5595481), (0.21369797, -0.9415568, 0.26039195), (0.08136299, -0.99174297, 0.099125996), (0.024554988, -0.9992506, 0.029922986), (0.494872, -0.625688, 0.603006), (0.51184213, -0.68995315, 0.51184213), (0.55160314, -0.62567407, 0.55160314), (0.39730084, -0.8272267, 0.39730084), (0.23817599, -0.9415649, 0.23817599), (0.090671964, -0.9917445, 0.090671964), (0.02737701, -0.9992503, 0.027375009), (0.60300905, -0.62568104, 0.49487707), (0.5595481, -0.68995804, 0.45919907), (0.43434405, -0.8272131, 0.35646), (0.26039195, -0.9415568, 0.21369797), (0.09912499, -0.99174297, 0.081364), (0.029926011, -0.99925035, 0.02456001), (0.6486248, -0.6256608, 0.43339884), (0.5595481, -0.68995804, 0.45919907), (0.60186875, -0.6899478, 0.40215185), (0.46718782, -0.8272227, 0.3121509), (0.60186875, -0.6899478, 0.40215185), (0.28007, -0.941562, 0.187141), (0.10663298, -0.99174374, 0.07123099), (0.03218399, -0.9992506, 0.02150499), (0.63838094, -0.68996, 0.34121096), (0.6879719, -0.6256769, 0.36772695), (0.63838094, -0.68996, 0.34121096), (0.49553585, -0.8272158, 0.26487392), (0.29707706, -0.9415572, 0.15879303), (0.11310303, -0.9917422, 0.060458012), (0.034140017, -0.9992505, 0.018248009), (0.66876674, -0.6899468, 0.2769919), (0.72070384, -0.6256748, 0.2985249), (0.51912516, -0.82721335, 0.21500508), (0.66876674, -0.6899468, 0.2769919), (0.31119993, -0.9415648, 0.12888098), (0.11847495, -0.9917436, 0.04907498), (0.03575999, -0.99925065, 0.014812996), (0.74650097, -0.62566495, 0.22645), (0.69269204, -0.68994606, 0.21012405), (0.53768593, -0.8272208, 0.16309398), (0.69269204, -0.68994606, 0.21012405), (0.32233799, -0.94156086, 0.097781986), (0.122717, -0.9917431, 0.037233), (0.03704198, -0.9992506, 0.0112369945), (0.7650966, -0.6256727, 0.15218692), (0.7099451, -0.689954, 0.141214), (0.55108374, -0.8272217, 0.10959396), (0.7099451, -0.689954, 0.141214), (0.3303749, -0.9415598, 0.06570899), (0.12579897, -0.9917408, 0.024994994), (0.037963983, -0.9992506, 0.007551997), (0.77632904, -0.625673, 0.076463), (0.7203759, -0.68994784, 0.07092699), (0.55917174, -0.8272217, 0.055056974), (0.7203759, -0.68994784, 0.07092699), (0.3352269, -0.9415596, 0.03299199), (0.12762994, -0.99174255, 0.012542996), (0.038524974, -0.99925035, 0.0037939975), (0.723857, -0.68995, 1.5319967e-16), (0.78009105, -0.625666, -0.000001), (0.561884, -0.827216, 1.8367886e-16), (0.723857, -0.68995, 1.5319967e-16), (0.33683488, -0.9415638, 2.0906916e-16), (0.128241, -0.9917431, 2.202112e-16), (0.038704988, -0.99925065, 2.2187822e-16), (0.7203759, -0.68994784, -0.07092699), (0.7763313, -0.62567025, -0.07646203), (0.7203759, -0.68994784, -0.07092699), (0.5591718, -0.82722175, -0.05505598), (0.33521703, -0.9415632, -0.032991003), (0.12762994, -0.99174255, -0.012542996), (0.038522977, -0.9992505, -0.003793998), (0.7651062, -0.6256601, -0.15219004), (0.7099597, -0.68993974, -0.14121094), (0.55108374, -0.8272217, -0.10959396), (0.7099597, -0.68993974, -0.14121094), (0.3303749, -0.9415598, -0.06570899), (0.12576896, -0.9917446, -0.024994988), (0.037963983, -0.9992506, -0.0075509967), (0.69269204, -0.68994606, -0.21012405), (0.74650174, -0.62566483, -0.22644791), (0.69269204, -0.68994606, -0.21012405), (0.53768593, -0.8272208, -0.16309398), (0.3223469, -0.9415577, -0.09778397), (0.122717, -0.9917431, -0.037233), (0.03704302, -0.9992505, -0.011237005), (0.7207089, -0.62566787, -0.29852694), (0.66876674, -0.6899468, -0.2769919), (0.66876674, -0.6899468, -0.2769919), (0.5191031, -0.82722634, -0.21500808), (0.31119993, -0.9415648, -0.12888098), (0.11847495, -0.9917436, -0.049073987), (0.035760984, -0.9992506, -0.014812994), (0.6879711, -0.6256771, -0.36772808), (0.63838094, -0.68996, -0.34121096), (0.49553585, -0.8272158, -0.26487392), (0.63838094, -0.68996, -0.34121096), (0.29707706, -0.9415572, -0.15879303), (0.11310303, -0.9917422, -0.060458012), (0.034139983, -0.9992505, -0.01824799), (0.64862585, -0.62566084, -0.43339688), (0.601869, -0.689948, -0.40215102), (0.46718797, -0.8272229, -0.31215), (0.601869, -0.689948, -0.40215102), (0.28007004, -0.94156224, -0.18714003), (0.10663298, -0.99174374, -0.07123099), (0.032187015, -0.9992505, -0.021505011), (0.60301805, -0.6256661, -0.49488506), (0.5595399, -0.68994886, -0.45922288), (0.43434405, -0.8272131, -0.35646), (0.5595399, -0.68994886, -0.45922288), (0.260392, -0.941557, -0.213697), (0.099125005, -0.9917431, -0.081363), (0.02991999, -0.99925065, -0.02455599), (0.5516084, -0.62566644, -0.55160636), (0.5118418, -0.6899536, -0.5118418), (0.39730084, -0.8272267, -0.39730084), (0.23817599, -0.9415649, -0.23817599), (0.090671964, -0.9917445, -0.090671964), (0.02737501, -0.99925035, -0.02737501), (0.4948789, -0.6256768, -0.6030119), (0.45919907, -0.68995804, -0.5595481), (0.35646, -0.8272131, -0.43434405), (0.213697, -0.941557, -0.260392), (0.081363, -0.9917431, -0.099125005), (0.024561007, -0.9992503, -0.02992601), (0.4948789, -0.6256768, -0.6030119), (0.40215185, -0.6899478, -0.60186875), (0.43339804, -0.6256611, -0.6486251), (0.31215, -0.8272229, -0.46718797), (0.40215185, -0.6899478, -0.60186875), (0.187141, -0.941562, -0.28007), (0.07123099, -0.99174374, -0.10663298), (0.02150499, -0.9992506, -0.032184985), (0.3677299, -0.6256698, -0.6879768), (0.34121096, -0.68996, -0.63838094), (0.34121096, -0.68996, -0.63838094), (0.26484495, -0.8272227, -0.4955398), (0.15878798, -0.941561, -0.297068), (0.060458012, -0.9917422, -0.11310303), (0.018245991, -0.9992506, -0.034137987), (0.2985261, -0.62567025, -0.72070724), (0.27699205, -0.6899472, -0.66876626), (0.27699205, -0.6899472, -0.66876626), (0.21500903, -0.8272261, -0.5191031), (0.12888098, -0.9415648, -0.31119993), (0.04907399, -0.99174374, -0.11847397), (0.014812993, -0.9992505, -0.035763983), (0.21012405, -0.68994606, -0.69269204), (0.22644903, -0.62566406, -0.7465021), (0.16309398, -0.8272208, -0.53768593), (0.21012405, -0.68994606, -0.69269204), (0.097781986, -0.94156086, -0.32233799), (0.037233006, -0.99174315, -0.122716025), (0.011238005, -0.99925035, -0.037045013), (0.15218799, -0.62566096, -0.76510596), (0.14121391, -0.6899545, -0.7099446), (0.10959396, -0.8272217, -0.55108374), (0.14121391, -0.6899545, -0.7099446), (0.06570901, -0.9415601, -0.33037403), (0.024994994, -0.9917408, -0.12579897), (0.0075519965, -0.9992505, -0.03796598), (0.07092699, -0.68994784, -0.7203759), (0.07646, -0.625687, -0.776318), (0.055056974, -0.8272217, -0.55917174), (0.07092699, -0.68994784, -0.7203759), (0.032991003, -0.9415632, -0.33521703), (0.012542996, -0.99174255, -0.12762994), (0.0037950017, -0.99925035, -0.038527016), (0, -0.68995, -0.723857), (-9.999998e-7, -0.6256638, -0.78009284), (0, -0.827216, -0.561884), (0, -0.68995, -0.723857), (0, -0.9415601, -0.33684504), (0, -0.99174315, -0.12824002), (0, -0.9992505, -0.038710978), (-0.07646301, -0.62567407, -0.77632815), (-0.07092699, -0.68994784, -0.7203759), (-0.055056974, -0.8272217, -0.55917174), (-0.07092699, -0.68994784, -0.7203759), (-0.032991003, -0.9415632, -0.33521703), (-0.012542996, -0.99174255, -0.12762994), (-0.0037939984, -0.9992506, -0.03852098), (-0.14121391, -0.6899545, -0.7099446), (-0.152189, -0.625667, -0.7651009), (-0.10959396, -0.8272217, -0.55108374), (-0.14121391, -0.6899545, -0.7099446), (-0.06570702, -0.94156325, -0.3303651), (-0.024994988, -0.9917446, -0.12576896), (-0.0075519965, -0.9992505, -0.03796598), (-0.22644505, -0.62568104, -0.74648905), (-0.21012405, -0.68994606, -0.69269204), (-0.21012405, -0.68994606, -0.69269204), (-0.16309398, -0.8272208, -0.53768593), (-0.097781986, -0.94156086, -0.32233799), (-0.037233006, -0.99174315, -0.122716025), (-0.011239002, -0.9992503, -0.03704701), (-0.29851994, -0.6256989, -0.7206849), (-0.27699205, -0.6899472, -0.66876626), (-0.21500903, -0.8272261, -0.5191031), (-0.27699205, -0.6899472, -0.66876626), (-0.12888098, -0.9415648, -0.31119993), (-0.04907399, -0.99174374, -0.11847397), (-0.014812993, -0.9992505, -0.035762977), (-0.367732, -0.62566394, -0.68798095), (-0.34120417, -0.68994635, -0.63839936), (-0.26487392, -0.8272158, -0.49553585), (-0.34120417, -0.68994635, -0.63839936), (-0.15878798, -0.941561, -0.297068), (-0.060458012, -0.9917422, -0.11310303), (-0.018247992, -0.9992506, -0.034137987), (-0.40215185, -0.6899478, -0.60186875), (-0.43339884, -0.6256608, -0.6486248), (-0.31215, -0.8272229, -0.46718797), (-0.40215185, -0.6899478, -0.60186875), (-0.187141, -0.941562, -0.28007), (-0.07123099, -0.99174374, -0.10663298), (-0.02150399, -0.9992506, -0.032184985), (-0.45919907, -0.68995804, -0.5595481), (-0.49487802, -0.62568307, -0.60300606), (-0.45919907, -0.68995804, -0.5595481), (-0.35643804, -0.827233, -0.43432403), (-0.21369106, -0.94156027, -0.26038507), (-0.081363, -0.9917431, -0.099125005), (-0.024557987, -0.9992505, -0.029922985), (-0.49487802, -0.62568307, -0.60300606), (-0.5118418, -0.6899536, -0.5118418), (-0.55161166, -0.6256616, -0.5516086), (-0.39730084, -0.8272267, -0.39730084), (-0.23817599, -0.9415649, -0.23817599), (-0.090671964, -0.9917445, -0.090671964), (-0.02736999, -0.9992506, -0.02737099), (-0.5595399, -0.68994886, -0.45922288), (-0.6030188, -0.6256648, -0.49488583), (-0.43434906, -0.8272221, -0.35643306), (-0.260392, -0.941557, -0.213697), (-0.099125005, -0.9917431, -0.081363), (-0.02992701, -0.9992503, -0.024559008), (-0.6030188, -0.6256648, -0.49488583), (-0.601869, -0.689948, -0.40215102), (-0.64862406, -0.6256621, -0.43339804), (-0.46718797, -0.8272229, -0.31215), (-0.601869, -0.689948, -0.40215102), (-0.2800779, -0.94155866, -0.18714592), (-0.10663298, -0.99174374, -0.07123099), (-0.032184985, -0.9992506, -0.02150499), (-0.63839936, -0.68994635, -0.34120417), (-0.6879853, -0.6256573, -0.36773515), (-0.4955398, -0.8272227, -0.26484495), (-0.63839936, -0.68994635, -0.34120417), (-0.297068, -0.941561, -0.15878798), (-0.11310303, -0.9917422, -0.060458012), (-0.034140017, -0.9992505, -0.018249009), (-0.66876674, -0.6899468, -0.2769919), (-0.720707, -0.625671, -0.298525), (-0.5191031, -0.82722634, -0.21500808), (-0.66876674, -0.6899468, -0.2769919), (-0.31119993, -0.9415648, -0.12888098), (-0.11847495, -0.9917436, -0.049073987), (-0.035770006, -0.9992503, -0.014814005), (-0.69269204, -0.68994606, -0.21012405), (-0.7464927, -0.6256767, -0.2264449), (-0.53768593, -0.8272208, -0.16309398), (-0.69269204, -0.68994606, -0.21012405), (-0.32233799, -0.94156086, -0.097781986), (-0.12271704, -0.9917442, -0.03720201), (-0.037040982, -0.9992506, -0.011235995), (-0.7651033, -0.62566423, -0.15218806), (-0.7099597, -0.68993974, -0.14121094), (-0.7099597, -0.68993974, -0.14121094), (-0.55108374, -0.8272217, -0.10959396), (-0.3303651, -0.94156325, -0.06570702), (-0.12579897, -0.9917408, -0.024994994), (-0.037963983, -0.9992506, -0.0075509967), (-0.7203759, -0.68994784, -0.07092699), (-0.7763384, -0.6256613, -0.07646304), (-0.5591718, -0.82722175, -0.05505598), (-0.7203759, -0.68994784, -0.07092699), (-0.3352269, -0.9415596, -0.03299199), (-0.12762994, -0.99174255, -0.012542996), (-0.038522977, -0.9992505, -0.003793998), (-0.78009194, -0.62566495, 1.3892553e-16), (-0.723857, -0.68995, 1.5319967e-16), (-0.723857, -0.68995, 1.5319967e-16), (-0.561884, -0.827216, 1.8367886e-16), (-0.33683488, -0.9415638, 2.0906916e-16), (-0.128241, -0.9917431, 2.202112e-16), (-0.03870898, -0.9992506, 2.218782e-16), (-0.7203759, -0.68994784, 0.07092699), (-0.7763203, -0.6256843, 0.07646003), (-0.55917174, -0.8272217, 0.055056974), (-0.7203759, -0.68994784, 0.07092699), (-0.33521703, -0.9415632, 0.032991003), (-0.12762994, -0.99174255, 0.012542996), (-0.03852098, -0.9992506, 0.0037939984), (-0.7099451, -0.689954, 0.141214), (-0.76510507, -0.6256621, 0.152188), (-0.55108374, -0.8272217, 0.10959396), (-0.7099451, -0.689954, 0.141214), (-0.3303749, -0.9415598, 0.06570899), (-0.12579897, -0.9917408, 0.024994994), (-0.037963983, -0.9992506, 0.007551997), (-0.69269204, -0.68994606, 0.21012405), (-0.74649084, -0.6256789, 0.22644493), (-0.69269204, -0.68994606, 0.21012405), (-0.53768593, -0.8272208, 0.16309398), (-0.32233799, -0.94156086, 0.097781986), (-0.122717, -0.9917431, 0.037233), (-0.03704901, -0.9992502, 0.011238002), (-0.66876674, -0.6899468, 0.2769919), (-0.72071475, -0.6256608, 0.29852787), (-0.5191031, -0.8272261, 0.21500903), (-0.66876674, -0.6899468, 0.2769919), (-0.31119993, -0.9415648, 0.12888098), (-0.11847495, -0.9917436, 0.04907498), (-0.035765015, -0.99925035, 0.014815006), (-0.63839936, -0.68994635, 0.34120417), (-0.6879737, -0.62567276, 0.36773083), (-0.49553585, -0.8272158, 0.26487392), (-0.63839936, -0.68994635, 0.34120417), (-0.29706794, -0.94156075, 0.15878896), (-0.11310303, -0.9917422, 0.060458012), (-0.034137987, -0.9992506, 0.018246992), (-0.60186875, -0.6899478, 0.40215185), (-0.6486211, -0.62567, 0.43339103), (-0.60186875, -0.6899478, 0.40215185), (-0.46718782, -0.8272227, 0.3121509), (-0.28007, -0.941562, 0.187141), (-0.10663298, -0.99174374, 0.07123099), (-0.032187015, -0.9992505, 0.021506011), (-0.5595399, -0.68994886, 0.45922288), (-0.6030202, -0.6256631, 0.49488613), (-0.4343489, -0.8272219, 0.35643393), (-0.5595399, -0.68994886, 0.45922288), (-0.26039195, -0.9415568, 0.21369797), (-0.09912499, -0.99174297, 0.081364), (-0.029920986, -0.9992506, 0.024555989), (-0.6030202, -0.6256631, 0.49488613), (-0.51184213, -0.68995315, 0.51184213), (-0.5516106, -0.6256635, 0.55160767), (-0.39730084, -0.8272267, 0.39730084), (-0.2381691, -0.9415684, 0.2381691), (-0.090671964, -0.9917445, 0.090671964), (-0.02737199, -0.9992506, 0.02737099), (-0.5516106, -0.6256635, 0.55160767), (-0.45919907, -0.68995804, 0.5595481), (-0.4948789, -0.6256778, 0.6030109), (-0.35646, -0.8272131, 0.43434405), (-0.45919907, -0.68995804, 0.5595481), (-0.21369797, -0.9415568, 0.26039195), (-0.08136299, -0.99174297, 0.099125996), (-0.02455699, -0.9992506, 0.029922986), (-0.4334042, -0.62565124, 0.64863026), (-0.40215132, -0.6899475, 0.60186946), (-0.31215, -0.8272229, 0.46718797), (-0.40215132, -0.6899475, 0.60186946), (-0.18714592, -0.94155866, 0.2800779), (-0.07123099, -0.99174374, 0.10663298), (-0.02150499, -0.9992506, 0.032184985), (-0.34121075, -0.6899595, 0.6383816), (-0.367726, -0.62568504, 0.68796504), (-0.26487392, -0.8272158, 0.49553585), (-0.34121075, -0.6899595, 0.6383816), (-0.15879303, -0.9415572, 0.29707706), (-0.060458012, -0.9917422, 0.11310303), (-0.018252008, -0.9992503, 0.034142006), (-0.298531, -0.6256611, 0.7207131), (-0.2769919, -0.6899468, 0.66876674), (-0.21500903, -0.8272261, 0.5191031), (-0.2769919, -0.6899468, 0.66876674), (-0.12888405, -0.94156134, 0.31120908), (-0.049073987, -0.9917436, 0.11847495), (-0.014812993, -0.9992505, 0.035762977), (-0.21012388, -0.6899456, 0.69269264), (-0.226449, -0.625676, 0.746492), (-0.21012388, -0.6899456, 0.69269264), (-0.16309398, -0.8272208, 0.53768593), (-0.09778504, -0.9415574, 0.3223471), (-0.037233, -0.9917431, 0.122717), (-0.011235995, -0.9992506, 0.037040982), (-0.14121102, -0.68993914, 0.7099601), (-0.152192, -0.62566, 0.765106), (-0.10959406, -0.8272214, 0.5510843), (-0.14121102, -0.68993914, 0.7099601), (-0.06570702, -0.94156325, 0.3303651), (-0.024994988, -0.9917446, 0.12576896), (-0.0075530033, -0.99925035, 0.037969016), (-0.07092699, -0.68994784, 0.7203759), (-0.07646301, -0.6256791, 0.7763241), (-0.07092699, -0.68994784, 0.7203759), (-0.055056974, -0.8272217, 0.55917174), (-0.032992013, -0.94155943, 0.33522716), (-0.012543006, -0.9917425, 0.12763005), (-0.0037939984, -0.9992506, 0.038521983), (0, -0.68995, 0.723857), (0, -0.9992506, 0.03870898), (0.60300905, -0.62568104, 0.49487707), (0.5516084, -0.62566644, -0.55160636), (-9.999997e-7, -0.02839999, 0.9995967), (0.09759901, -0.089237, 0.991217), (0.09797705, -0.028398015, 0.9947835), (0, -0.089237034, 0.9960105), (0.09534004, -0.23191111, 0.96805346), (0, -0.231915, 0.9727361), (0.09021405, -0.39091626, 0.9159945), (0, -0.39091903, 0.92042506), (0.08371501, -0.519897, 0.850117), (0, -0.5199162, 0.85421735), (0.080409005, -0.57185405, 0.8164051), (0.19500992, -0.02841599, 0.9803896), (0.19431208, -0.089236036, 0.9768725), (0.189766, -0.23191202, 0.954047), (0.17954703, -0.3909261, 0.9027401), (0.16663294, -0.5199199, 0.8378047), (0.16003393, -0.57190865, 0.8045556), (0.28911194, -0.08923898, 0.95312685), (0.29016984, -0.028373983, 0.9565545), (0.28236002, -0.23191203, 0.9308542), (0.2671681, -0.39092517, 0.8807944), (0.24796899, -0.519926, 0.8174279), (0.23812607, -0.5719092, 0.78499424), (0.38115793, -0.089238994, 0.9201929), (0.38252988, -0.02842899, 0.9235057), (0.37224093, -0.23191397, 0.8986949), (0.3522249, -0.3909229, 0.8503628), (0.32689485, -0.5198998, 0.7892047), (0.31392708, -0.57189405, 0.7578832), (0.47120616, -0.028418008, 0.8815652), (0.46950915, -0.08923803, 0.8784063), (0.45854282, -0.23191093, 0.8578787), (0.433888, -0.39091703, 0.811742), (0.4026709, -0.5198958, 0.75336874), (0.3866999, -0.57190084, 0.7234588), (0.5533391, -0.08923703, 0.8281622), (0.55534613, -0.028432006, 0.8311331), (0.5404359, -0.23191592, 0.80879176), (0.51135415, -0.39092416, 0.76530725), (0.4745739, -0.5198949, 0.7102738), (0.4557549, -0.5718819, 0.6820839), (0.63186276, -0.089206964, 0.76992965), (0.6341366, -0.028392985, 0.77269953), (0.61709917, -0.23191604, 0.75193316), (0.5839012, -0.39092514, 0.71150327), (0.5419101, -0.5199051, 0.6603272), (0.5204072, -0.57189626, 0.63412225), (0.70428574, -0.08923697, 0.70428574), (0.706821, -0.028429996, 0.706821), (0.68784314, -0.23191604, 0.6878131), (0.6508359, -0.39092892, 0.6508359), (0.6040151, -0.51993406, 0.6040151), (0.5800548, -0.57190484, 0.5800528), (0.77269804, -0.028425, 0.634137), (0.70428574, -0.08923697, 0.70428574), (0.76992774, -0.08923697, 0.63186073), (0.7519332, -0.23191607, 0.6170992), (0.6508359, -0.39092892, 0.6508359), (0.71150327, -0.39092514, 0.5839012), (0.6603272, -0.5199051, 0.5419101), (0.5800548, -0.57190484, 0.5800528), (0.6341221, -0.571892, 0.520412), (0.8281622, -0.08923703, 0.5533391), (0.83113194, -0.028409999, 0.55534893), (0.80879176, -0.23191592, 0.5404359), (0.76530725, -0.39092416, 0.51135415), (0.7102473, -0.5199282, 0.47457725), (0.682067, -0.5719109, 0.45574397), (0.8815679, -0.028386999, 0.47120297), (0.8784064, -0.08923804, 0.4695092), (0.8578707, -0.23191689, 0.45855477), (0.811742, -0.39091703, 0.433888), (0.7533567, -0.5199179, 0.40266487), (0.7234641, -0.5718961, 0.38669705), (0.9201929, -0.089238994, 0.38115793), (0.9235051, -0.028429003, 0.38253102), (0.898695, -0.231914, 0.37224096), (0.8503628, -0.3909229, 0.3522249), (0.7892046, -0.5198998, 0.32689482), (0.75789213, -0.5718811, 0.31392905), (0.95312923, -0.08920902, 0.28911304), (0.9565538, -0.028384995, 0.29017097), (0.9308542, -0.23191203, 0.28236002), (0.8807944, -0.39092517, 0.2671681), (0.8174279, -0.519926, 0.24796899), (0.7849872, -0.5719192, 0.23812506), (0.9803895, -0.028419014, 0.1950101), (0.97687817, -0.089237005, 0.19428302), (0.954047, -0.23191202, 0.189766), (0.9027401, -0.3909261, 0.17954703), (0.8378178, -0.5198978, 0.16663595), (0.8045612, -0.5719001, 0.16003606), (0.991217, -0.089237, 0.09759901), (0.9947823, -0.028437011, 0.09797704), (0.9680533, -0.23191209, 0.09534003), (0.91599417, -0.39091706, 0.090214014), (0.850117, -0.519897, 0.08371501), (0.8163858, -0.5718819, 0.08040699), (0.9960105, -0.089237034, 1.9814602e-17), (0.9995964, -0.028408011, 6.3078457e-18), (0.9727361, -0.231915, 5.1495474e-17), (0.92042506, -0.39091903, 8.680146e-17), (0.8542308, -0.51989394, 1.1543965e-16), (0.82032484, -0.57189786, 9.999998e-7), (0.9947828, -0.028419994, -0.097976975), (0.991217, -0.089237, -0.09759901), (0.9680533, -0.23191209, -0.09534003), (0.91599417, -0.39091706, -0.090214014), (0.850117, -0.519897, -0.08371501), (0.8163891, -0.571877, -0.080409), (0.9768724, -0.08923703, -0.19431208), (0.9803896, -0.028402017, -0.19501212), (0.954047, -0.23191202, -0.189766), (0.9027401, -0.3909261, -0.17954703), (0.8378178, -0.5198978, -0.16663595), (0.8045599, -0.5719019, -0.160036), (0.95312923, -0.08920902, -0.28911304), (0.95655483, -0.028378997, -0.29016793), (0.9308542, -0.23191203, -0.28236002), (0.8807944, -0.39092517, -0.2671681), (0.8174279, -0.519926, -0.24796899), (0.784999, -0.571903, -0.23812501), (0.9201955, -0.08920895, -0.3811588), (0.9235062, -0.028381007, -0.38253206), (0.898695, -0.231914, -0.37224096), (0.8503628, -0.3909229, -0.3522249), (0.78919226, -0.5199222, -0.3268891), (0.7578668, -0.5719208, -0.31391788), (0.87840617, -0.08923903, -0.46950915), (0.8815668, -0.028402995, -0.47120392), (0.85787106, -0.23191701, -0.458554), (0.8117424, -0.39091718, -0.4338872), (0.7533567, -0.5199179, -0.40266487), (0.723462, -0.57189804, -0.38669804), (0.8281621, -0.089238, -0.55333906), (0.8311319, -0.028414994, -0.55534893), (0.80879176, -0.23191592, -0.5404359), (0.76530725, -0.39092416, -0.51135415), (0.710247, -0.51992893, -0.47457695), (0.68207717, -0.5718922, -0.4557521), (0.76992774, -0.08923697, -0.63186073), (0.77269864, -0.028413989, -0.63413674), (0.7519332, -0.23191607, -0.6170992), (0.71150297, -0.39092597, -0.5839009), (0.6603272, -0.5199051, -0.5419101), (0.6341207, -0.5718947, -0.5204108), (0.7042856, -0.08923796, -0.7042856), (0.7068201, -0.028446002, -0.7068211), (0.6878289, -0.23191096, -0.6878289), (0.650828, -0.39095497, -0.650828), (0.60403323, -0.51989216, -0.60403323), (0.5800641, -0.57188404, -0.5800641), (0.63414013, -0.028408006, -0.77269614), (0.7042856, -0.08923796, -0.7042856), (0.63186073, -0.08923697, -0.76992774), (0.61709917, -0.23191604, -0.75193316), (0.6878289, -0.23191096, -0.6878289), (0.583901, -0.390926, -0.711503), (0.60403323, -0.51989216, -0.60403323), (0.5419101, -0.5199051, -0.6603272), (0.52040905, -0.57189804, -0.6341191), (0.55534476, -0.02841699, -0.83113456), (0.55333906, -0.089238, -0.8281621), (0.5404359, -0.23191592, -0.80879176), (0.51135415, -0.39092416, -0.76530725), (0.47457695, -0.51992893, -0.710247), (0.45575005, -0.571894, -0.68207705), (0.47120693, -0.028415995, -0.88156486), (0.46950915, -0.08923903, -0.87840617), (0.45854282, -0.23191093, -0.8578787), (0.433888, -0.39091703, -0.811742), (0.40267116, -0.5198962, -0.7533683), (0.3866989, -0.5718939, -0.72346485), (0.38252893, -0.028432997, -0.9235059), (0.38115793, -0.089238994, -0.9201929), (0.37224087, -0.23191494, -0.8986947), (0.35222024, -0.3909493, -0.85035264), (0.32688898, -0.5199229, -0.78919184), (0.313922, -0.5719051, -0.75787705), (0.28911194, -0.08923898, -0.95312685), (0.29016697, -0.028422996, -0.9565539), (0.28236002, -0.231913, -0.930854), (0.2671681, -0.39092517, -0.8807944), (0.24796899, -0.519926, -0.8174279), (0.23812696, -0.57190096, -0.7849999), (0.19428302, -0.089237005, -0.97687817), (0.19501002, -0.028430004, -0.9803891), (0.189766, -0.23191202, -0.954047), (0.17954703, -0.3909261, -0.9027401), (0.16663294, -0.5199199, -0.8378047), (0.16003804, -0.5718882, -0.8045693), (0.097977035, -0.02840301, -0.9947833), (0.09759901, -0.089237, -0.991217), (0.09534003, -0.23191209, -0.9680533), (0.090214014, -0.39091706, -0.91599417), (0.08371501, -0.519897, -0.850117), (0.080404975, -0.57190084, -0.81637275), (0, -0.089237034, -0.9960105), (-0.0000010000001, -0.028414007, -0.99959624), (0, -0.231915, -0.9727361), (0, -0.39091903, -0.92042506), (0, -0.5199162, -0.85421735), (-0.000002000001, -0.5718943, -0.82032734), (-0.097977966, -0.028386993, -0.9947837), (-0.09759897, -0.08920697, -0.9912197), (-0.09534003, -0.23191209, -0.9680533), (-0.090214014, -0.39091706, -0.91599417), (-0.08371302, -0.51992005, -0.85010314), (-0.08040496, -0.5719138, -0.81636363), (-0.19431208, -0.08923703, -0.9768724), (-0.19501191, -0.028432988, -0.98038864), (-0.189766, -0.23191202, -0.954047), (-0.17954199, -0.39091495, -0.9027459), (-0.16663595, -0.5198978, -0.8378178), (-0.16003804, -0.57190514, -0.80455726), (-0.28911194, -0.08923898, -0.95312685), (-0.29017097, -0.028413998, -0.9565529), (-0.28236002, -0.231913, -0.930854), (-0.2671681, -0.39092517, -0.8807944), (-0.24796899, -0.519926, -0.8174279), (-0.23812498, -0.57191396, -0.78499097), (-0.38115716, -0.089269035, -0.9201903), (-0.3825288, -0.028445989, -0.9235056), (-0.37224087, -0.23191494, -0.8986947), (-0.3522249, -0.3909229, -0.8503628), (-0.32689512, -0.51990026, -0.7892043), (-0.31393015, -0.5718803, -0.7578924), (-0.47120702, -0.028433004, -0.88156414), (-0.46950915, -0.08923903, -0.87840617), (-0.45854282, -0.23191093, -0.8578787), (-0.433888, -0.39091703, -0.811742), (-0.40266517, -0.51991826, -0.7533564), (-0.38669688, -0.5718978, -0.72346276), (-0.5533404, -0.08920706, -0.8281645), (-0.55534714, -0.028384008, -0.83113414), (-0.5404359, -0.23191592, -0.80879176), (-0.51135415, -0.39092416, -0.76530725), (-0.4745739, -0.5198949, -0.7102738), (-0.4557522, -0.5718873, -0.6820813), (-0.63186073, -0.08923697, -0.76992774), (-0.63413614, -0.028415002, -0.77269906), (-0.61709917, -0.23191604, -0.75193316), (-0.583901, -0.390926, -0.711503), (-0.5419016, -0.5199276, -0.6603165), (-0.5204009, -0.5719179, -0.6341079), (-0.7042856, -0.08923796, -0.7042856), (-0.7068219, -0.028430996, -0.70682), (-0.68784314, -0.23191604, -0.6878131), (-0.650828, -0.39095497, -0.650828), (-0.60403323, -0.51989216, -0.60403323), (-0.58007234, -0.57187235, -0.58006734), (-0.7068219, -0.028430996, -0.70682), (-0.76992774, -0.08923697, -0.63186073), (-0.7726988, -0.028425995, -0.63413596), (-0.7042856, -0.08923796, -0.7042856), (-0.7519332, -0.23191607, -0.6170992), (-0.68784314, -0.23191604, -0.6878131), (-0.71150297, -0.39092597, -0.5839009), (-0.650828, -0.39095497, -0.650828), (-0.6603272, -0.5199051, -0.5419101), (-0.60403323, -0.51989216, -0.60403323), (-0.634125, -0.571887, -0.52041405), (-0.8281621, -0.089238, -0.55333906), (-0.83113503, -0.028400002, -0.555345), (-0.80880517, -0.23192005, -0.54041404), (-0.76530725, -0.39092416, -0.51135415), (-0.710247, -0.51992893, -0.47457695), (-0.68207204, -0.57190406, -0.455745), (-0.87840617, -0.08923903, -0.46950915), (-0.881566, -0.02841, -0.471205), (-0.85787106, -0.23191701, -0.458554), (-0.8117424, -0.39091718, -0.4338872), (-0.7533567, -0.5199179, -0.40266487), (-0.7234529, -0.57191294, -0.38669297), (-0.9201929, -0.089238994, -0.38115793), (-0.92350686, -0.028417999, -0.38252798), (-0.898695, -0.231914, -0.37224096), (-0.8503628, -0.3909229, -0.3522249), (-0.78919226, -0.5199222, -0.3268891), (-0.75788784, -0.57188797, -0.31392696), (-0.95312685, -0.08923898, -0.28911194), (-0.9565537, -0.02841699, -0.29016793), (-0.9308542, -0.23191203, -0.28236002), (-0.8807944, -0.39092517, -0.2671681), (-0.8174508, -0.51989096, -0.24796696), (-0.78500223, -0.5718981, -0.23812607), (-0.9768724, -0.08923703, -0.19431208), (-0.9803885, -0.028436014, -0.19501211), (-0.954047, -0.23191202, -0.189766), (-0.9027401, -0.3909261, -0.17954703), (-0.8378047, -0.5199199, -0.16663294), (-0.80456173, -0.5718988, -0.16003793), (-0.991217, -0.089237, -0.09759901), (-0.99478275, -0.02841999, -0.09797797), (-0.9680533, -0.23191209, -0.09534003), (-0.91599417, -0.39091706, -0.090214014), (-0.850117, -0.519897, -0.08371501), (-0.8163753, -0.57189715, -0.08040603), (-0.9960105, -0.089237034, 1.9814602e-17), (-0.9995964, -0.028408011, -0.0000010000005), (-0.9727361, -0.231915, 5.1495474e-17), (-0.92042506, -0.39091903, 8.680146e-17), (-0.85421735, -0.5199162, 1.1544458e-16), (-0.8203212, -0.5719031, -0.0000010000001), (-0.991217, -0.089237, 0.09759901), (-0.9947833, -0.02840201, 0.097977035), (-0.9680533, -0.23191209, 0.09534003), (-0.91599417, -0.39091706, 0.090214014), (-0.85010314, -0.51992005, 0.08371302), (-0.81637204, -0.571902, 0.080405), (-0.97688067, -0.08920697, 0.19428395), (-0.9803904, -0.02838401, 0.19501008), (-0.954047, -0.23191202, 0.189766), (-0.9027401, -0.3909261, 0.17954703), (-0.8378047, -0.5199199, 0.16663294), (-0.8045563, -0.5719072, 0.16003506), (-0.95312685, -0.08923898, 0.28911194), (-0.95655465, -0.02839799, 0.29016694), (-0.9308542, -0.23191203, 0.28236002), (-0.8807944, -0.39092517, 0.2671681), (-0.8174279, -0.519926, 0.24796899), (-0.7849928, -0.57191193, 0.23812395), (-0.923507, -0.028411997, 0.38252798), (-0.9201929, -0.089238994, 0.38115793), (-0.898695, -0.231914, 0.37224096), (-0.8503628, -0.3909229, 0.3522249), (-0.7892046, -0.5198998, 0.32689482), (-0.7578798, -0.5719009, 0.31392294), (-0.8784064, -0.08923804, 0.4695092), (-0.88156414, -0.028436005, 0.47120705), (-0.8578707, -0.23191689, 0.45855477), (-0.811742, -0.39091703, 0.433888), (-0.7533684, -0.51989627, 0.4026712), (-0.7234658, -0.5718919, 0.38669991), (-0.82816446, -0.08920695, 0.5533406), (-0.8311357, -0.028402992, 0.5553438), (-0.80880517, -0.23192005, 0.54041404), (-0.76530725, -0.39092416, 0.51135415), (-0.7102473, -0.5199282, 0.47457725), (-0.6820722, -0.57190615, 0.45574218), (-0.76992774, -0.08923697, 0.63186073), (-0.77269804, -0.028401002, 0.634138), (-0.7519332, -0.23191607, 0.6170992), (-0.71150327, -0.39092514, 0.5839012), (-0.6603165, -0.5199276, 0.5419016), (-0.6341163, -0.57190734, 0.52040225), (-0.70428574, -0.08923697, 0.70428574), (-0.706821, -0.028405998, 0.7068219), (-0.68784314, -0.23191604, 0.6878131), (-0.6508359, -0.39092892, 0.6508359), (-0.60403323, -0.51989216, 0.60403323), (-0.58005315, -0.57190615, 0.58005315), (-0.706821, -0.028405998, 0.7068219), (-0.63186073, -0.08923697, 0.76992774), (-0.6341383, -0.028439015, 0.77269644), (-0.70428574, -0.08923697, 0.70428574), (-0.61709917, -0.23191604, 0.75193316), (-0.68784314, -0.23191604, 0.6878131), (-0.5839012, -0.39092514, 0.71150327), (-0.6508359, -0.39092892, 0.6508359), (-0.5419101, -0.5199051, 0.6603272), (-0.60403323, -0.51989216, 0.60403323), (-0.52041507, -0.5718871, 0.63412404), (-0.55335283, -0.08923997, 0.8281527), (-0.5553499, -0.02842899, 0.8311308), (-0.5404359, -0.23191592, 0.80879176), (-0.51135415, -0.39092416, 0.76530725), (-0.47458398, -0.5199059, 0.71025896), (-0.45575005, -0.57190007, 0.68207204), (-0.4712071, -0.02840301, 0.8815652), (-0.46950915, -0.08923803, 0.8784063), (-0.45854282, -0.23191093, 0.8578787), (-0.433888, -0.39091703, 0.811742), (-0.40266487, -0.5199179, 0.7533567), (-0.3866959, -0.5719099, 0.72345376), (-0.38115793, -0.089238994, 0.9201929), (-0.3825348, -0.028432986, 0.9235035), (-0.37224093, -0.23191397, 0.8986949), (-0.3522208, -0.3909488, 0.8503526), (-0.3268891, -0.5199222, 0.78919226), (-0.31392884, -0.57188976, 0.7578857), (-0.28911194, -0.08923898, 0.95312685), (-0.29017103, -0.028407004, 0.9565531), (-0.28236002, -0.23191203, 0.9308542), (-0.2671681, -0.39092517, 0.8807944), (-0.2479729, -0.51990384, 0.8174408), (-0.23813207, -0.5718971, 0.78500116), (-0.19431208, -0.089236036, 0.9768725), (-0.1950149, -0.028383985, 0.9803895), (-0.189766, -0.23191202, 0.954047), (-0.17954199, -0.39091495, 0.9027459), (-0.16663294, -0.5199199, 0.8378047), (-0.16003898, -0.57190394, 0.80455786), (-0.09759901, -0.089237, 0.991217), (-0.097979955, -0.028419988, 0.9947825), (-0.09534004, -0.23191111, 0.96805346), (-0.09021405, -0.39091626, 0.9159945), (-0.08371302, -0.51992005, 0.85010314), (-0.08040598, -0.57191485, 0.81636286), (-0.0000010000005, -0.57191426, 0.8203134), (0.706821, -0.028429996, 0.706821), (0.68784314, -0.23191604, 0.6878131), (0.6040151, -0.51993406, 0.6040151), (0.7068201, -0.028446002, -0.7068211), (0.650828, -0.39095497, -0.650828), (0.5800641, -0.57188404, -0.5800641), (-0.58007234, -0.57187235, -0.58006734), (-0.58005315, -0.57190615, 0.58005315)] (
                interpolation = "vertex"
            )
            uniform token physics:approximation = "convexHull"
            point3f[] points = [(-122.21667, 161.75671, 135.12637), (-118.368805, 161.72775, 134.91925), (-122.102325, 161.72775, 134.55154), (-118.36881, 161.54929, 134.3603), (-121.993286, 161.54929, 134.00333), (-121.91234, 161.13637, 133.59637), (-118.36881, 161.13637, 133.94537), (-121.87735, 160.58011, 133.42049), (-121.91234, 161.13637, 133.59637), (-118.36881, 160.58011, 133.76605), (-121.87167, 159.99681, 133.39194), (-125.91664, 161.75671, 134.00401), (-125.69235, 161.72775, 133.4625), (-125.47847, 161.54929, 132.94609), (-125.319695, 161.13637, 132.56276), (-125.319695, 161.13637, 132.56276), (-125.25106, 160.58011, 132.39706), (-125.23993, 159.99681, 132.37018), (-118.368805, 161.75671, 135.50534), (-114.635315, 161.72775, 134.55154), (-114.744354, 161.54929, 134.00331), (-114.8253, 161.13637, 133.59637), (-118.36881, 161.13637, 133.94537), (-114.8253, 161.13637, 133.59637), (-114.86029, 160.58011, 133.42049), (-118.36881, 159.99681, 133.73694), (-129.00098, 161.72775, 131.694), (-129.32663, 161.75671, 132.18134), (-128.69044, 161.54929, 131.22925), (-128.45992, 161.13637, 130.88426), (-128.45992, 161.13637, 130.88426), (-128.36029, 160.58011, 130.73514), (-128.34413, 159.99681, 130.71095), (-131.901, 161.72775, 129.31403), (-132.31546, 161.75671, 129.72847), (-131.50577, 161.54929, 128.9188), (-131.21237, 161.13637, 128.6254), (-131.21237, 161.13637, 128.6254), (-131.08556, 160.58011, 128.49858), (-131.065, 159.99681, 128.47801), (-134.76831, 161.75671, 126.73964), (-134.28098, 161.72775, 126.413994), (-133.81624, 161.54929, 126.10346), (-133.47124, 161.13637, 125.87294), (-131.21237, 161.13637, 128.6254), (-133.32213, 160.58011, 125.7733), (-133.47124, 161.13637, 125.87294), (-131.08556, 160.58011, 128.49858), (-133.29794, 159.99681, 125.75714), (-136.59099, 161.75671, 123.32966), (-136.04947, 161.72775, 123.10537), (-135.53308, 161.54929, 122.89149), (-135.14973, 161.13637, 122.73271), (-134.98404, 160.58011, 122.66409), (-135.14973, 161.13637, 122.73271), (-134.95717, 159.99681, 122.65295), (-137.15561, 161.72775, 119.45906), (-137.7389, 161.75671, 119.545494), (-136.5993, 161.54929, 119.37663), (-136.18636, 161.13637, 119.31544), (-136.00789, 160.58011, 119.28899), (-136.18636, 161.13637, 119.31544), (-135.97893, 159.99681, 119.28469), (-138.09216, 161.75671, 115.9587), (-137.50613, 161.72775, 115.900085), (-136.94724, 161.54929, 115.84418), (-136.53235, 161.13637, 115.802666), (-136.53235, 161.13637, 115.802666), (-136.35304, 160.58011, 115.78473), (-136.32393, 159.99681, 115.78182), (-137.68729, 161.7567, 111.84802), (-137.12108, 161.72774, 111.990845), (-136.5811, 161.54927, 112.12705), (-136.5811, 161.54927, 112.12705), (-136.18028, 161.13635, 112.228165), (-136.00703, 160.5801, 112.271866), (-135.97893, 159.9968, 112.27896), (-136.04948, 161.72774, 108.45823), (-136.59096, 161.7567, 108.23395), (-135.53308, 161.54927, 108.67215), (-135.14977, 161.13635, 108.83093), (-134.98407, 160.5801, 108.89956), (-135.14977, 161.13635, 108.83093), (-134.95717, 159.9968, 108.910706), (-134.281, 161.72774, 105.14964), (-134.76833, 161.7567, 104.82403), (-133.81624, 161.54927, 105.46018), (-133.47124, 161.13635, 105.6907), (-133.47124, 161.13635, 105.6907), (-133.32213, 160.5801, 105.79033), (-133.29794, 159.9968, 105.806496), (-132.31546, 161.7567, 101.83518), (-131.901, 161.72774, 102.24963), (-131.50577, 161.54927, 102.64487), (-131.21237, 161.13635, 102.938255), (-131.08559, 160.5801, 103.06506), (-131.21237, 161.13635, 102.938255), (-131.065, 159.9968, 103.08564), (-129.32657, 161.7567, 99.38229), (-129.00096, 161.72774, 99.86962), (-128.69043, 161.54927, 100.33439), (-128.45992, 161.13635, 100.67938), (-131.21237, 161.13635, 102.938255), (-128.3603, 160.5801, 100.82849), (-128.45992, 161.13635, 100.67938), (-131.065, 159.9968, 103.08564), (-128.34413, 159.9968, 100.85269), (-125.69239, 161.72774, 98.10115), (-125.91669, 161.7567, 97.55966), (-125.478485, 161.54927, 98.61755), (-125.319695, 161.13635, 99.000885), (-125.251076, 160.5801, 99.16657), (-125.319695, 161.13635, 99.000885), (-125.23993, 159.9968, 99.19346), (-122.102325, 161.72774, 97.012115), (-122.21667, 161.7567, 96.43728), (-121.993286, 161.54927, 97.56034), (-121.91234, 161.13635, 97.96728), (-121.87735, 160.5801, 98.143166), (-121.91234, 161.13635, 97.96728), (-121.87167, 159.9968, 98.171715), (-118.368805, 161.72774, 96.6444), (-118.368805, 161.7567, 96.0583), (-118.368805, 161.54927, 97.20335), (-118.368805, 161.13635, 97.61827), (-118.368805, 161.13635, 97.61827), (-118.368805, 160.5801, 97.79761), (-118.368805, 159.9968, 97.826706), (-114.63528, 161.72774, 97.01212), (-114.520935, 161.7567, 96.43728), (-114.74432, 161.54927, 97.56033), (-114.825264, 161.13635, 97.96728), (-114.86025, 160.5801, 98.143166), (-114.825264, 161.13635, 97.96728), (-114.86593, 159.9968, 98.171715), (-111.04521, 161.72774, 98.10116), (-110.820915, 161.7567, 97.55967), (-111.25912, 161.54927, 98.61756), (-111.417915, 161.13635, 99.00089), (-111.417915, 161.13635, 99.00089), (-111.48653, 160.5801, 99.16657), (-111.49767, 159.9968, 99.19347), (-107.73661, 161.72774, 99.869644), (-107.410995, 161.7567, 99.38232), (-108.04715, 161.54927, 100.3344), (-108.27766, 161.13635, 100.67939), (-108.3773, 160.5801, 100.82851), (-108.27766, 161.13635, 100.67939), (-108.39346, 159.9968, 100.85271), (-104.422165, 161.7567, 101.83519), (-104.8366, 161.72774, 102.249626), (-105.231834, 161.54927, 102.64487), (-105.52523, 161.13635, 102.938255), (-105.52523, 161.13635, 102.938255), (-105.65202, 160.5801, 103.06506), (-105.67262, 159.9968, 103.08565), (-102.456604, 161.72774, 105.14964), (-101.96928, 161.7567, 104.82403), (-102.92136, 161.54927, 105.46017), (-103.26636, 161.13635, 105.6907), (-105.52523, 161.13635, 102.938255), (-103.41547, 160.5801, 105.79031), (-103.26636, 161.13635, 105.6907), (-105.65202, 160.5801, 103.06506), (-103.43967, 159.9968, 105.806496), (-100.68812, 161.72774, 108.45825), (-100.14663, 161.7567, 108.23397), (-101.20453, 161.54927, 108.67215), (-101.58787, 161.13635, 108.83093), (-101.58787, 161.13635, 108.83093), (-101.75355, 160.5801, 108.899574), (-101.78043, 159.9968, 108.910706), (-99.02426, 161.7567, 111.93395), (-99.599106, 161.72774, 112.0483), (-100.14731, 161.54927, 112.157364), (-100.55425, 161.13635, 112.2383), (-100.55425, 161.13635, 112.2383), (-100.73015, 160.5801, 112.27329), (-100.7587, 159.9968, 112.27897), (-98.64529, 161.75671, 115.781845), (-99.23139, 161.72775, 115.781845), (-99.79034, 161.54929, 115.781845), (-100.205246, 161.13637, 115.781845), (-100.205246, 161.13637, 115.781845), (-100.38459, 160.58011, 115.781845), (-100.4137, 159.99681, 115.781845), (-99.02426, 161.75671, 119.629715), (-99.599106, 161.72775, 119.51537), (-100.147316, 161.54929, 119.40633), (-100.55426, 161.13637, 119.32538), (-100.55426, 161.13637, 119.32538), (-100.73015, 160.58011, 119.2904), (-100.7587, 159.99681, 119.28472), (-100.14666, 161.75671, 123.329735), (-100.68815, 161.72775, 123.10544), (-101.20455, 161.54929, 122.891525), (-101.587875, 161.13637, 122.732735), (-101.75357, 160.58011, 122.664116), (-101.587875, 161.13637, 122.732735), (-101.78046, 159.99681, 122.65298), (-102.45663, 161.72775, 126.414024), (-101.9693, 161.75671, 126.73964), (-102.92138, 161.54929, 126.103485), (-103.26637, 161.13637, 125.87298), (-103.41548, 160.58011, 125.77334), (-103.26637, 161.13637, 125.87298), (-103.43968, 159.99681, 125.75717), (-104.83661, 161.72775, 129.31406), (-104.42219, 161.75671, 129.72849), (-105.23186, 161.54929, 128.91881), (-105.525246, 161.13637, 128.62543), (-105.65205, 160.58011, 128.49863), (-105.525246, 161.13637, 128.62543), (-105.672646, 159.99681, 128.47803), (-107.73663, 161.72775, 131.69402), (-107.41102, 161.75671, 132.18135), (-108.04717, 161.54929, 131.22928), (-108.27768, 161.13637, 130.88428), (-105.525246, 161.13637, 128.62543), (-108.37732, 160.58011, 130.73517), (-108.27768, 161.13637, 130.88428), (-105.65205, 160.58011, 128.49863), (-108.393486, 159.99681, 130.71097), (-110.82098, 161.75671, 134.00401), (-111.045265, 161.72775, 133.46252), (-111.259155, 161.54929, 132.94612), (-111.41794, 161.13637, 132.56277), (-111.41794, 161.13637, 132.56277), (-111.48658, 160.58011, 132.3971), (-111.49771, 159.99681, 132.3702), (-114.52097, 161.75671, 135.12637), (-114.86597, 159.99681, 133.39194), (-131.065, 159.99681, 128.47801), (-131.08559, 160.5801, 103.06506), (-105.67262, 159.9968, 103.08565), (-105.672646, 159.99681, 128.47803), (-0.0000123410555, 258.88724, -74.32662), (7.290775, 259.32825, -74.02451), (7.2852707, 258.88724, -73.968735), (7.290775, 259.32825, -74.02451), (-0.0000123410555, 259.6426, -74.697426), (7.321615, 259.6426, -74.33773), (7.364895, 259.69858, -74.777145), (14.511329, 259.32825, -72.95341), (14.500395, 258.88724, -72.89847), (14.572738, 259.6426, -73.26213), (14.511329, 259.32825, -72.95341), (14.658878, 259.69858, -73.69518), (21.575867, 258.88724, -71.126144), (21.592146, 259.32825, -71.1798), (21.592146, 259.32825, -71.1798), (21.683506, 259.6426, -71.48097), (21.81168, 259.69858, -71.9035), (28.443565, 258.88724, -68.66884), (28.465002, 259.32825, -68.72063), (28.585463, 259.6426, -69.011406), (28.465002, 259.32825, -68.72063), (28.754436, 259.69858, -69.41935), (35.06373, 259.32825, -65.59965), (35.03732, 258.88724, -65.55023), (35.06373, 259.32825, -65.59965), (35.212105, 259.64264, -65.87722), (35.42025, 259.69858, -66.26663), (41.29364, 258.88724, -61.800327), (41.32479, 259.32825, -61.846928), (41.32479, 259.32825, -61.846928), (41.49965, 259.64264, -62.10863), (41.744953, 259.69858, -62.475754), (47.15231, 258.88724, -57.455265), (47.18785, 259.32825, -57.49858), (47.38753, 259.64264, -57.741875), (47.18785, 259.32825, -57.49858), (47.66765, 259.69858, -58.083202), (52.556854, 258.88724, -52.556854), (52.596466, 259.32825, -52.596493), (52.596466, 259.32825, -52.596493), (52.819027, 259.64264, -52.81905), (53.131256, 259.69858, -53.13128), (57.45524, 258.88724, -47.15231), (52.596466, 259.32825, -52.596493), (57.498558, 259.32825, -47.187878), (57.741875, 259.64264, -47.38753), (57.498558, 259.32825, -47.187878), (58.08318, 259.69858, -47.66765), (61.800304, 258.88724, -41.293667), (61.846928, 259.32825, -41.324814), (62.10863, 259.64264, -41.49966), (61.846928, 259.32825, -41.324814), (62.475754, 259.69858, -41.744976), (65.59965, 259.32825, -35.06375), (65.55023, 258.88724, -35.03733), (65.59965, 259.32825, -35.06375), (65.87722, 259.64264, -35.212116), (66.26663, 259.69858, -35.42026), (68.7206, 259.32825, -28.465015), (68.66884, 258.88724, -28.443565), (69.01138, 259.64264, -28.585463), (68.7206, 259.32825, -28.465015), (69.41933, 259.69858, -28.754436), (71.17978, 259.32825, -21.592146), (71.126144, 258.88724, -21.57588), (71.48097, 259.64264, -21.683517), (71.17978, 259.32825, -21.592146), (71.9035, 259.6986, -21.81168), (72.898445, 258.88724, -14.500395), (72.95341, 259.32825, -14.511329), (73.26211, 259.64264, -14.572738), (72.95341, 259.32825, -14.511329), (73.69515, 259.6986, -14.658878), (74.02447, 259.32825, -7.290775), (73.968704, 258.88724, -7.2852707), (74.33771, 259.64264, -7.321615), (74.02447, 259.32825, -7.290775), (74.77712, 259.6986, -7.364895), (74.38265, 259.32825, 0.0000123410555), (74.32662, 258.88724, 0.0000123410555), (74.697395, 259.64264, 0.0000123410555), (74.38265, 259.32825, 0.0000123410555), (75.13894, 259.6986, 0.0000123410555), (74.02447, 259.32825, 7.290787), (73.968704, 258.88724, 7.2852955), (74.33771, 259.64264, 7.3216395), (74.02447, 259.32825, 7.290787), (74.77712, 259.6986, 7.3649197), (72.95341, 259.32825, 14.5113535), (72.898445, 258.88727, 14.50042), (73.26211, 259.64264, 14.5727625), (72.95341, 259.32825, 14.5113535), (73.69515, 259.6986, 14.658903), (71.179756, 259.32825, 21.59217), (71.12612, 258.88727, 21.575891), (71.48095, 259.64264, 21.68353), (71.179756, 259.32825, 21.59217), (71.90348, 259.6986, 21.811705), (68.7206, 259.32825, 28.46504), (68.668816, 258.88727, 28.443579), (68.7206, 259.32825, 28.46504), (69.01138, 259.64264, 28.585487), (69.41933, 259.6986, 28.75445), (65.59965, 259.32825, 35.063766), (65.55021, 258.88727, 35.037342), (65.87722, 259.64264, 35.212143), (65.59965, 259.32825, 35.063766), (66.26663, 259.6986, 35.420284), (61.846905, 259.32825, 41.324814), (61.800304, 258.88727, 41.29368), (62.10858, 259.64264, 41.499687), (61.846905, 259.32825, 41.324814), (62.47573, 259.6986, 41.74499), (57.455215, 258.88727, 47.152336), (57.498558, 259.32825, 47.18789), (57.741848, 259.64264, 47.387554), (57.498558, 259.32825, 47.18789), (58.08318, 259.6986, 47.66767), (52.596443, 259.32828, 52.596516), (52.556828, 258.88727, 52.556877), (52.819027, 259.64264, 52.819077), (52.596443, 259.32828, 52.596516), (53.13123, 259.6986, 53.13128), (47.15226, 258.88727, 57.455288), (52.596443, 259.32828, 52.596516), (47.187828, 259.32828, 57.498608), (47.38748, 259.64264, 57.741898), (47.187828, 259.32828, 57.498608), (47.6676, 259.6986, 58.083214), (41.293617, 258.88727, 61.800354), (41.324753, 259.32828, 61.846954), (41.499615, 259.64264, 62.10865), (41.324753, 259.32828, 61.846954), (41.744915, 259.6986, 62.475773), (35.03728, 258.88727, 65.55024), (35.06369, 259.32828, 65.59966), (35.212067, 259.64264, 65.877235), (35.06369, 259.32828, 65.59966), (35.42021, 259.6986, 66.26664), (28.443516, 258.88727, 68.66887), (28.464966, 259.32828, 68.72064), (28.585415, 259.64264, 69.01144), (28.464966, 259.32828, 68.72064), (28.754375, 259.6986, 69.41936), (21.575817, 258.88727, 71.12615), (21.592096, 259.32828, 71.179794), (21.683456, 259.64264, 71.48099), (21.592096, 259.32828, 71.179794), (21.81163, 259.6986, 71.9035), (14.500345, 258.88727, 72.89847), (14.511279, 259.32828, 72.95342), (14.572677, 259.64264, 73.26212), (14.511279, 259.32828, 72.95342), (14.658816, 259.6986, 73.69518), (7.290713, 259.32828, 74.0245), (7.285221, 258.88727, 73.96872), (7.290713, 259.32828, 74.0245), (7.3215656, 259.64264, 74.33772), (7.3648334, 259.6986, 74.77713), (-0.00007404633, 259.32828, 74.38265), (-0.00007404633, 258.88727, 74.326614), (-0.00007404633, 259.64264, 74.6974), (-0.00007404633, 259.32828, 74.38265), (-0.00007404633, 259.6986, 75.13894), (-7.285357, 258.88727, 73.968704), (-7.2908487, 259.32828, 74.02449), (-7.2908487, 259.32828, 74.02449), (-7.3217015, 259.64264, 74.33771), (-7.3649817, 259.6986, 74.777115), (-14.500481, 258.88727, 72.898445), (-14.5114155, 259.32828, 72.95342), (-14.572812, 259.64264, 73.26212), (-14.5114155, 259.32828, 72.95342), (-14.658953, 259.6986, 73.69516), (-21.592232, 259.32828, 71.17977), (-21.575954, 258.88727, 71.12612), (-21.683592, 259.64264, 71.48096), (-21.592232, 259.32828, 71.17977), (-21.811766, 259.6986, 71.90348), (-28.44364, 258.88727, 68.668816), (-28.465088, 259.32828, 68.7206), (-28.585537, 259.64264, 69.01138), (-28.465088, 259.32828, 68.7206), (-28.75451, 259.6986, 69.419304), (-35.03739, 258.88727, 65.550186), (-35.063828, 259.32828, 65.599625), (-35.21219, 259.64264, 65.877205), (-35.063828, 259.32828, 65.599625), (-35.420322, 259.6986, 66.266594), (-41.324863, 259.32828, 61.846878), (-41.293728, 258.88727, 61.800278), (-41.499737, 259.64264, 62.10858), (-41.324863, 259.32828, 61.846878), (-41.745026, 259.6986, 62.475704), (-47.18794, 259.32828, 57.49853), (-47.152386, 258.88727, 57.455204), (-47.18794, 259.32828, 57.49853), (-47.387604, 259.64264, 57.741825), (-47.66772, 259.6986, 58.08314), (-52.596554, 259.32828, 52.59643), (-52.556927, 258.88727, 52.556805), (-52.81911, 259.64264, 52.818977), (-52.596554, 259.32828, 52.59643), (-53.13133, 259.6986, 53.131207), (-52.556927, 258.88727, 52.556805), (-57.49863, 259.32825, 47.187817), (-57.455315, 258.88727, 47.15226), (-57.49863, 259.32825, 47.187817), (-57.741936, 259.64264, 47.38748), (-58.083252, 259.6986, 47.667587), (-61.84697, 259.32825, 41.324753), (-61.800373, 258.88727, 41.293617), (-62.10867, 259.64264, 41.499615), (-61.84697, 259.32825, 41.324753), (-62.475792, 259.6986, 41.744915), (-65.599686, 259.32825, 35.063717), (-65.55026, 258.88727, 35.037292), (-65.599686, 259.32825, 35.063717), (-65.87727, 259.64264, 35.21208), (-66.26667, 259.6986, 35.42021), (-68.72065, 259.32825, 28.46499), (-68.66887, 258.88727, 28.44354), (-69.011444, 259.64264, 28.585438), (-68.72065, 259.32825, 28.46499), (-69.419365, 259.6986, 28.754412), (-71.12616, 258.88727, 21.575867), (-71.17979, 259.32825, 21.592133), (-71.480995, 259.64264, 21.683506), (-71.17979, 259.32825, 21.592133), (-71.90353, 259.6986, 21.81168), (-72.95343, 259.32825, 14.511341), (-72.89845, 258.88727, 14.500407), (-73.26212, 259.64264, 14.57275), (-72.95343, 259.32825, 14.511341), (-73.69518, 259.6986, 14.658891), (-74.0245, 259.32825, 7.2907996), (-73.96873, 258.88724, 7.2852955), (-74.33773, 259.64264, 7.3216395), (-74.0245, 259.32825, 7.2907996), (-74.77714, 259.6986, 7.3649197), (-74.382675, 259.32825, 0.00003702317), (-74.32663, 258.88724, 0.00003702317), (-74.382675, 259.32825, 0.00003702317), (-74.697426, 259.64264, 0.00003702317), (-75.13896, 259.6986, 0.00003702317), (-74.024506, 259.32825, -7.290725), (-73.968735, 258.88724, -7.2852335), (-74.337746, 259.64264, -7.321578), (-74.024506, 259.32825, -7.290725), (-74.777145, 259.6986, -7.364858), (-72.898476, 258.88724, -14.500345), (-72.95345, 259.32825, -14.511279), (-73.26216, 259.64264, -14.572688), (-72.95345, 259.32825, -14.511279), (-73.695206, 259.6986, -14.658816), (-71.1798, 259.32825, -21.592072), (-71.12617, 258.88724, -21.575806), (-71.480995, 259.64264, -21.683432), (-71.1798, 259.32825, -21.592072), (-71.90353, 259.6986, -21.811605), (-68.720665, 259.32825, -28.464928), (-68.66889, 258.88724, -28.44348), (-68.720665, 259.32825, -28.464928), (-69.011444, 259.64264, -28.585377), (-69.41938, 259.69858, -28.75435), (-65.55028, 258.88724, -35.03723), (-65.59972, 259.32825, -35.063652), (-65.877304, 259.64264, -35.212017), (-65.59972, 259.32825, -35.063652), (-66.26669, 259.69858, -35.420162), (-61.847004, 259.32825, -41.32469), (-61.800407, 258.88724, -41.293568), (-62.1087, 259.64264, -41.499565), (-61.847004, 259.32825, -41.32469), (-62.47583, 259.69858, -41.744854), (-57.49868, 259.32825, -47.18775), (-57.455353, 258.88724, -47.15221), (-57.49868, 259.32825, -47.18775), (-57.741974, 259.64264, -47.387432), (-58.083275, 259.69858, -47.667522), (-52.596603, 259.32825, -52.596394), (-52.556976, 258.88724, -52.556755), (-52.596603, 259.32825, -52.596394), (-52.81916, 259.64264, -52.818928), (-53.13138, 259.69858, -53.131157), (-47.152447, 258.88724, -57.455166), (-52.596603, 259.32825, -52.596394), (-47.188, 259.32825, -57.49848), (-47.387665, 259.64264, -57.741776), (-47.188, 259.32825, -57.49848), (-47.66777, 259.69858, -58.08308), (-41.324963, 259.32825, -61.846806), (-41.293827, 258.88724, -61.800205), (-41.324963, 259.32825, -61.846806), (-41.49982, 259.64264, -62.108532), (-41.745125, 259.69858, -62.47563), (-35.06394, 259.32825, -65.59957), (-35.037514, 258.88724, -65.55013), (-35.06394, 259.32825, -65.59957), (-35.212303, 259.64264, -65.877144), (-35.420433, 259.69858, -66.26653), (-28.465212, 259.32825, -68.72053), (-28.443764, 258.88724, -68.66877), (-28.58566, 259.6426, -69.01133), (-28.465212, 259.32825, -68.72053), (-28.754635, 259.69858, -69.41925), (-21.59238, 259.32825, -71.179726), (-21.576101, 258.88724, -71.12609), (-21.68374, 259.6426, -71.480896), (-21.59238, 259.32825, -71.179726), (-21.811914, 259.69858, -71.903435), (-14.500654, 258.88724, -72.898415), (-14.511588, 259.32825, -72.953384), (-14.511588, 259.32825, -72.953384), (-14.572985, 259.6426, -73.262085), (-14.659125, 259.69858, -73.69513), (-7.285542, 258.88724, -73.96868), (-7.291046, 259.32825, -74.02447), (-7.3218865, 259.6426, -74.33768), (-7.291046, 259.32825, -74.02447), (-7.3651667, 259.69858, -74.7771), (-0.0000123410555, 259.32825, -74.382675), (-0.0000123410555, 259.32825, -74.382675), (-0.0000123410555, 259.69858, -75.13896), (52.556854, 258.88724, -52.556854), (52.556828, 258.88727, 52.556877), (-52.596554, 259.32828, 52.59643), (-52.556976, 258.88724, -52.556755), (-117.69903, 0.000024263501, 157.56415), (-110.10243, 0.059125308, 159.35583), (-117.88579, 0.059125308, 158.74329), (-110.14703, 0.42328647, 160.49089), (-118.06388, 0.42328647, 159.86781), (-110.18013, 1.265835, 161.33342), (-118.19609, 1.265835, 160.70253), (-118.19609, 1.265835, 160.70253), (-110.19444, 2.4008653, 161.69757), (-118.25323, 2.4008653, 161.06334), (-110.19676, 3.5910242, 161.75668), (-118.262505, 3.5910242, 161.1219), (-125.38548, 0.059125308, 156.94276), (-125.01657, 0.000024263501, 155.80736), (-125.7373, 0.42328647, 158.02557), (-125.99846, 1.265835, 158.82936), (-125.99846, 1.265835, 158.82936), (-126.11134, 2.4008653, 159.17677), (-126.12966, 3.5910242, 159.23315), (-132.51114, 0.059125308, 153.99123), (-131.96916, 0.000024263501, 152.92749), (-133.02805, 0.42328647, 155.00566), (-133.41173, 1.265835, 155.75868), (-133.57756, 2.4008653, 156.08417), (-133.41173, 1.265835, 155.75868), (-133.60448, 3.5910242, 156.13698), (-138.38564, 0.000024263501, 148.99547), (-139.08737, 0.059125308, 149.9613), (-139.75659, 0.42328647, 150.88242), (-140.25336, 1.265835, 151.56613), (-140.46806, 2.4008653, 151.86165), (-140.25336, 1.265835, 151.56613), (-140.50291, 3.5910242, 151.90962), (-144.10806, 0.000024263501, 144.10806), (-144.95224, 0.059125308, 144.95224), (-145.7573, 0.42328647, 145.7573), (-146.3549, 1.265835, 146.3549), (-146.3549, 1.265835, 146.3549), (-146.61322, 2.4008653, 146.61322), (-146.65514, 3.5910242, 146.65514), (-149.96132, 0.059125308, 139.08737), (-148.99547, 0.000024263501, 138.38564), (-150.8824, 0.42328647, 139.75658), (-151.56613, 1.265835, 140.25336), (-146.3549, 1.265835, 146.3549), (-151.86165, 2.4008653, 140.46806), (-151.56613, 1.265835, 140.25336), (-146.65514, 3.5910242, 146.65514), (-151.90962, 3.5910242, 140.50291), (-153.99123, 0.059125308, 132.51114), (-152.92749, 0.000024263501, 131.96916), (-155.00566, 0.42328647, 133.02805), (-155.75868, 1.265835, 133.41173), (-155.75868, 1.265835, 133.41173), (-156.08417, 2.400854, 133.57756), (-156.13698, 3.5910242, 133.60448), (-155.80736, 0.000024263501, 125.01657), (-156.94276, 0.059125308, 125.38548), (-158.02559, 0.42328647, 125.7373), (-158.82936, 1.265835, 125.998474), (-158.82936, 1.265835, 125.998474), (-159.17677, 2.400854, 126.11134), (-159.23315, 3.5910132, 126.12966), (-157.56415, 0.000024263501, 117.69903), (-158.74329, 0.059125308, 117.88579), (-159.8678, 0.42328647, 118.06388), (-160.70255, 1.265835, 118.19609), (-160.70255, 1.265835, 118.19609), (-161.06334, 2.400854, 118.25323), (-161.1219, 3.5910132, 118.262505), (-159.35583, 0.059125308, 110.10243), (-158.16568, 0.000012940536, 110.05567), (-160.49088, 0.42328647, 110.14703), (-161.33342, 1.265822, 110.18013), (-161.69759, 2.400854, 110.19444), (-161.33342, 1.265822, 110.18013), (-161.75668, 3.5910132, 110.19676), (-117.69903, -0.000024263501, -157.56413), (-110.10243, 0.05907678, -159.35585), (-110.05567, -0.000024263501, -158.16568), (-117.88579, 0.05907678, -158.74329), (-110.14703, 0.42323634, -160.49089), (-118.06388, 0.42323634, -159.86781), (-110.18013, 1.2657849, -161.33344), (-118.19609, 1.2657849, -160.70256), (-110.19444, 2.400817, -161.69759), (-110.18013, 1.2657849, -161.33344), (-118.25323, 2.400817, -161.06334), (-110.19676, 3.5909758, -161.75668), (-125.38548, 0.05907678, -156.94276), (-125.7373, 0.42323634, -158.02559), (-118.19609, 1.2657849, -160.70256), (-126.11134, 2.400817, -159.17676), (-118.262505, 3.5909758, -161.1219), (-125.01657, -0.000024263501, -155.80736), (-132.51114, 0.05907678, -153.99123), (-133.02805, 0.42323634, -155.00566), (-125.998474, 1.2657849, -158.82936), (-125.998474, 1.2657849, -158.82936), (-133.57756, 2.400817, -156.08417), (-133.60448, 3.5909758, -156.13698), (-126.12966, 3.5909758, -159.23315), (-138.38564, -0.000024263501, -148.99548), (-131.96916, -0.000024263501, -152.92749), (-139.08737, 0.05907678, -149.9613), (-139.75658, 0.42323634, -150.88239), (-133.41173, 1.2657849, -155.75868), (-133.41173, 1.2657849, -155.75868), (-140.46806, 2.400817, -151.86165), (-140.50291, 3.5909758, -151.9096), (-144.10806, -0.000024263501, -144.10806), (-144.95224, 0.05907678, -144.95224), (-145.7573, 0.42323634, -145.7573), (-140.25336, 1.2657849, -151.56613), (-146.3549, 1.2657849, -146.3549), (-140.25336, 1.2657849, -151.56613), (-146.65514, 3.5909758, -146.65514), (-149.9613, 0.05907678, -139.08737), (-151.56613, 1.2657849, -140.25336), (-146.3549, 1.2657849, -146.3549), (-146.3549, 1.2657849, -146.3549), (-151.86165, 2.400817, -140.46806), (-146.61322, 2.400817, -146.61322), (-146.65514, 3.5909758, -146.65514), (-148.99547, -0.000024263501, -138.38564), (-153.99123, 0.05907678, -132.51114), (-155.00566, 0.4232493, -133.02805), (-150.88242, 0.4232493, -139.75658), (-155.75868, 1.2657849, -133.41173), (-155.75868, 1.2657849, -133.41173), (-151.56613, 1.2657849, -140.25336), (-156.08417, 2.400817, -133.57756), (-151.90962, 3.5909758, -140.50291), (-155.80736, -0.000024263501, -125.01657), (-152.92749, -0.000024263501, -131.96918), (-158.02557, 0.4232493, -125.73729), (-158.82936, 1.2657849, -125.998474), (-159.17677, 2.400817, -126.11134), (-156.13698, 3.5909758, -133.60446), (-157.56415, -0.000024263501, -117.69901), (-156.94276, 0.05907678, -125.38547), (-158.74329, 0.059089717, -117.88579), (-159.86781, 0.4232493, -118.063866), (-158.82936, 1.2657849, -125.998474), (-161.06334, 2.400817, -118.25323), (-159.23315, 3.5909758, -126.12966), (-159.35583, 0.059089717, -110.10243), (-160.49089, 0.4232493, -110.14703), (-161.33342, 1.2657979, -110.18013), (-160.70253, 1.2657849, -118.19609), (-160.70253, 1.2657849, -118.19609), (-161.69757, 2.400817, -110.19444), (-161.75668, 3.5909758, -110.19676), (-161.1219, 3.5909758, -118.262505), (157.56413, -0.000024263501, -117.69901), (159.35585, 0.059089717, -110.10243), (158.16568, -0.000012940534, -110.05566), (158.74329, 0.059089717, -117.88579), (160.49089, 0.4232493, -110.14703), (159.86781, 0.4232493, -118.063866), (161.33344, 1.2657979, -110.18013), (160.70256, 1.2657849, -118.19609), (161.69759, 2.400817, -110.19444), (161.33344, 1.2657979, -110.18013), (161.06334, 2.400817, -118.25323), (161.75668, 3.5909758, -110.19676), (156.94276, 0.05907678, -125.38547), (158.02559, 0.4232493, -125.73729), (160.70256, 1.2657849, -118.19609), (159.17676, 2.400817, -126.11134), (161.1219, 3.5909758, -118.262505), (155.80736, -0.000024263501, -125.01657), (153.99123, 0.05907678, -132.51114), (155.00566, 0.4232493, -133.02805), (158.82936, 1.2657849, -125.998474), (158.82936, 1.2657849, -125.998474), (156.08417, 2.400817, -133.57756), (156.13698, 3.5909758, -133.60446), (159.23315, 3.5909758, -126.12966), (148.99548, -0.000024263501, -138.38564), (152.92749, -0.000024263501, -131.96918), (149.9613, 0.05907678, -139.08737), (150.88239, 0.4232493, -139.75658), (155.75868, 1.2657849, -133.41173), (155.75868, 1.2657849, -133.41173), (151.86165, 2.400817, -140.46806), (151.9096, 3.5909758, -140.50291), (144.10806, -0.000024263501, -144.10806), (144.95224, 0.05907678, -144.95224), (145.7573, 0.42323634, -145.7573), (151.56613, 1.2657849, -140.25336), (146.3549, 1.2657849, -146.3549), (151.56613, 1.2657849, -140.25336), (146.65514, 3.5909758, -146.65514), (139.08737, 0.05907678, -149.9613), (140.25336, 1.2657849, -151.56613), (146.3549, 1.2657849, -146.3549), (146.3549, 1.2657849, -146.3549), (140.46806, 2.400817, -151.86165), (146.61322, 2.400817, -146.61322), (146.65514, 3.5909758, -146.65514), (138.38564, -0.000024263501, -148.99548), (132.51114, 0.05907678, -153.99123), (133.02805, 0.42323634, -155.00566), (139.75658, 0.42323634, -150.88242), (133.41173, 1.2657849, -155.75868), (133.41173, 1.2657849, -155.75868), (140.25336, 1.2657849, -151.56613), (133.57756, 2.400817, -156.08417), (140.50291, 3.5909758, -151.9096), (125.01657, -0.000024263501, -155.80736), (131.96918, -0.000024263501, -152.92749), (125.73729, 0.42323634, -158.02559), (125.998474, 1.2657849, -158.82936), (126.11134, 2.400817, -159.17676), (133.60446, 3.5909758, -156.13698), (117.69901, -0.000024263501, -157.56413), (125.38547, 0.05907678, -156.94276), (117.88579, 0.05907678, -158.74329), (118.063866, 0.42323634, -159.86781), (125.998474, 1.2657849, -158.82936), (118.25323, 2.400817, -161.06334), (126.12966, 3.5909758, -159.23315), (110.10243, 0.05907678, -159.35585), (110.14703, 0.42323634, -160.49089), (110.18013, 1.2657849, -161.33344), (118.19609, 1.2657849, -160.70253), (118.19609, 1.2657849, -160.70253), (110.19444, 2.400817, -161.69757), (110.19676, 3.5909758, -161.75668), (118.262505, 3.5909758, -161.1219), (117.69901, 0.000024263501, 157.56415), (110.10243, 0.059125308, 159.35583), (110.05566, 0.000024263501, 158.16568), (117.88579, 0.059125308, 158.74329), (110.14703, 0.42328647, 160.49088), (118.063866, 0.42328647, 159.8678), (110.18013, 1.265835, 161.33342), (118.19609, 1.265835, 160.70255), (110.19444, 2.4008653, 161.69759), (110.18013, 1.265835, 161.33342), (118.25323, 2.4008653, 161.06334), (110.19676, 3.5910242, 161.75668), (125.38547, 0.059125308, 156.94276), (125.73729, 0.42328647, 158.02559), (118.19609, 1.265835, 160.70255), (126.11134, 2.4008653, 159.17677), (118.262505, 3.5910242, 161.1219), (125.01657, 0.000024263501, 155.80736), (132.51114, 0.059125308, 153.99123), (133.02805, 0.42328647, 155.00566), (125.998474, 1.265835, 158.82936), (125.998474, 1.265835, 158.82936), (133.57756, 2.4008653, 156.08417), (133.60446, 3.5910242, 156.13698), (126.12966, 3.5910242, 159.23315), (138.38564, 0.000024263501, 148.99547), (131.96918, 0.000024263501, 152.92749), (139.08737, 0.059125308, 149.96132), (139.75658, 0.42328647, 150.8824), (133.41173, 1.265835, 155.75868), (133.41173, 1.265835, 155.75868), (140.46806, 2.4008653, 151.86165), (140.50291, 3.5910242, 151.90962), (144.10806, 0.000024263501, 144.10806), (144.95224, 0.059125308, 144.95224), (145.7573, 0.42328647, 145.7573), (140.25336, 1.265835, 151.56613), (146.3549, 1.265835, 146.3549), (140.25336, 1.265835, 151.56613), (146.65514, 3.5910242, 146.65514), (149.9613, 0.059125308, 139.08737), (151.56613, 1.265835, 140.25336), (146.3549, 1.265835, 146.3549), (146.3549, 1.265835, 146.3549), (151.86165, 2.4008653, 140.46806), (146.61322, 2.4008653, 146.61322), (146.65514, 3.5910242, 146.65514), (148.99548, 0.000024263501, 138.38564), (153.99123, 0.059125308, 132.51114), (155.00566, 0.42328647, 133.02805), (150.88242, 0.42328647, 139.75659), (155.75868, 1.265835, 133.41173), (155.75868, 1.265835, 133.41173), (151.56613, 1.265835, 140.25336), (156.08417, 2.400854, 133.57756), (151.9096, 3.5910242, 140.50291), (155.80736, 0.000024263501, 125.01657), (152.92749, 0.000024263501, 131.96916), (158.02559, 0.42328647, 125.7373), (158.82936, 1.265835, 125.99846), (159.17676, 2.400854, 126.11134), (156.13698, 3.5910242, 133.60448), (157.56413, 0.000024263501, 117.69903), (156.94276, 0.059125308, 125.38548), (158.74329, 0.059125308, 117.88579), (159.86781, 0.42328647, 118.06388), (158.82936, 1.265835, 125.99846), (161.06334, 2.400854, 118.25323), (159.23315, 3.5910132, 126.12966), (159.35585, 0.059125308, 110.10243), (160.49089, 0.42328647, 110.14703), (161.33344, 1.265822, 110.18013), (160.70253, 1.265835, 118.19609), (160.70253, 1.265835, 118.19609), (161.69757, 2.400854, 110.19444), (161.75668, 3.5910132, 110.19676), (161.1219, 3.5910132, 118.262505), (-161.33342, 1.2657979, -110.18013), (110.18013, 1.2657849, -161.33344), (161.33344, 1.265822, 110.18013), (-110.18013, 1.265835, 161.33342), (-110.05567, 0.000024263501, 158.16568), (-146.61322, 2.4008653, 146.61322), (-146.61322, 2.400817, -146.61322), (-158.16568, -0.000012940534, -110.05566), (146.61322, 2.400817, -146.61322), (110.05566, -0.000024263501, -158.16568), (146.61322, 2.4008653, 146.61322), (158.16568, 0.000012940536, 110.05567), (-110.12752, 161.75671, 159.99677), (110.15048, 161.72775, 160.58006), (110.12753, 161.75671, 159.99677), (-110.150475, 161.72775, 160.58006), (110.172356, 161.54929, 161.13632), (-110.172356, 161.54929, 161.13632), (110.18859, 161.13637, 161.54922), (110.18859, 161.13637, 161.54922), (-110.19563, 160.58011, 161.7277), (110.19563, 160.58011, 161.7277), (110.19676, 159.99681, 161.75665), (117.98637, 161.75671, 159.37825), (118.07789, 161.72775, 159.95612), (118.16516, 161.54929, 160.50725), (118.22998, 161.13637, 160.91635), (118.22998, 161.13637, 160.91635), (118.257965, 160.58011, 161.09319), (118.262505, 159.99681, 161.12187), (-161.75668, 159.9968, 110.19674), (-161.0928, 160.58011, 118.25957), (-161.72774, 160.5801, 110.192245), (-160.91356, 161.13637, 118.24165), (-161.54926, 161.13635, 110.164566), (-161.54926, 161.13635, 110.164566), (-160.49886, 161.54929, 118.200165), (-161.13634, 161.54927, 110.10053), (-159.94023, 161.72775, 118.14428), (-160.5801, 161.72774, 110.01427), (-159.35443, 161.75671, 118.08567), (-159.99678, 161.7567, 109.923805), (-161.1219, 159.99677, -118.262535), (-161.72774, 160.58008, -110.195656), (-161.09305, 160.58006, -118.25964), (-161.54926, 161.13634, -110.18862), (-160.91544, 161.13632, -118.241875), (-160.91544, 161.13632, -118.241875), (-161.13635, 161.54924, -110.17238), (-160.50447, 161.54922, -118.20075), (-160.5801, 161.72772, -110.15048), (-159.95084, 161.7277, -118.14539), (-159.99678, 161.75667, -110.12753), (-159.37035, 161.75665, -118.08731), (-161.75668, 159.99678, -110.19679), (-161.54926, 161.13634, -110.18862), (133.60446, 159.99681, 156.13696), (126.1207, 160.58011, 159.20552), (126.12966, 159.99681, 159.23314), (133.51001, 161.13637, 155.95155), (126.06536, 161.13637, 159.03526), (133.51001, 161.13637, 155.95155), (125.93736, 161.54929, 158.64133), (126.06536, 161.13637, 159.03526), (133.32195, 161.54929, 155.5825), (125.76493, 161.72775, 158.11066), (133.06866, 161.72775, 155.08533), (125.58414, 161.75671, 157.5542), (140.50291, 159.99681, 151.90959), (133.59128, 160.58011, 156.11104), (140.38058, 161.13637, 151.74126), (140.38058, 161.13637, 151.74126), (139.80917, 161.72775, 150.95476), (139.46526, 161.75671, 150.48141), (132.80304, 161.75671, 154.56403), (146.65514, 159.99681, 146.6551), (140.48584, 160.58011, 151.88608), (146.50803, 161.13637, 146.50798), (146.50803, 161.13637, 146.50798), (140.13715, 161.54929, 151.40616), (145.82057, 161.72775, 145.82056), (145.40686, 161.75671, 145.40681), (151.9096, 159.99681, 140.5029), (146.6346, 160.58011, 146.63457), (146.65514, 159.99681, 146.6551), (151.74127, 161.13637, 140.38058), (146.50803, 161.13637, 146.50798), (151.74127, 161.13637, 140.38058), (146.21512, 161.54929, 146.2151), (151.40619, 161.54929, 140.13713), (150.95477, 161.72775, 139.80914), (156.11107, 160.58011, 133.59126), (151.88611, 160.58011, 140.48581), (155.95157, 161.13637, 133.50998), (155.58252, 161.54929, 133.32195), (155.08536, 161.72775, 133.06863), (150.48145, 161.75671, 139.46523), (156.13698, 159.99681, 133.60445), (159.20554, 160.58011, 126.12067), (155.95157, 161.13637, 133.50998), (158.64136, 161.54929, 125.93734), (158.11069, 161.72775, 125.76491), (157.55421, 161.75671, 125.584114), (154.56407, 161.75671, 132.80301), (161.1219, 159.99681, 118.26248), (159.23315, 159.99681, 126.12964), (161.0932, 160.58011, 118.25794), (159.03528, 161.13637, 126.06534), (159.03528, 161.13637, 126.06534), (160.50728, 161.54929, 118.165146), (159.37827, 161.75671, 117.98635), (161.75668, 159.9968, 110.19674), (161.72774, 160.5801, 110.1956), (160.91638, 161.13637, 118.22994), (161.54926, 161.13635, 110.18857), (160.91638, 161.13637, 118.22994), (161.13635, 161.54927, 110.17233), (159.95618, 161.72775, 118.07786), (160.5801, 161.72774, 110.15045), (-126.12966, 159.99677, -159.23318), (-118.257965, 160.58006, -161.09323), (-118.262505, 159.99677, -161.1219), (-126.12069, 160.58006, -159.20557), (-118.229965, 161.13632, -160.9164), (-126.06536, 161.13632, -159.03531), (-118.16518, 161.54922, -160.5073), (-118.229965, 161.13632, -160.9164), (-125.93736, 161.54922, -158.64139), (-118.07789, 161.7277, -159.95618), (-125.76493, 161.7277, -158.11069), (-117.986374, 161.75665, -159.37831), (-133.60448, 159.99677, -156.13701), (-133.51001, 161.13632, -155.9516), (-126.06536, 161.13632, -159.03531), (-133.51001, 161.13632, -155.9516), (-133.32196, 161.54922, -155.58255), (-133.06865, 161.7277, -155.08537), (-125.58414, 161.75665, -157.55426), (-140.50291, 159.99677, -151.90965), (-133.59128, 160.58006, -156.1111), (-140.3806, 161.13632, -151.7413), (-140.3806, 161.13632, -151.7413), (-139.80917, 161.7277, -150.9548), (-139.46526, 161.75665, -150.48145), (-132.80304, 161.75665, -154.56407), (-146.65514, 159.99677, -146.65515), (-140.48584, 160.58006, -151.88614), (-146.50801, 161.13632, -146.50803), (-146.50801, 161.13632, -146.50803), (-140.13715, 161.54922, -151.40622), (-145.82057, 161.7277, -145.8206), (-145.40685, 161.75665, -145.40686), (-151.90962, 159.99677, -140.50294), (-146.6346, 160.58006, -146.63461), (-146.65514, 159.99677, -146.65515), (-151.74129, 161.13632, -140.38065), (-146.50801, 161.13632, -146.50803), (-151.74129, 161.13632, -140.38065), (-146.21512, 161.54922, -146.21515), (-151.40619, 161.54922, -140.13718), (-150.95477, 161.7277, -139.8092), (-156.11107, 160.58006, -133.59131), (-151.88611, 160.58006, -140.48586), (-155.95157, 161.13632, -133.51003), (-155.58252, 161.54922, -133.322), (-155.08536, 161.7277, -133.06866), (-150.48143, 161.75665, -139.46529), (-159.23315, 159.99677, -126.129684), (-156.13698, 159.99677, -133.6045), (-159.20618, 160.58006, -126.11917), (-155.95157, 161.13632, -133.51003), (-159.03986, 161.13632, -126.05435), (-158.65501, 161.54922, -125.90441), (-158.13658, 161.7277, -125.70244), (-154.56406, 161.75665, -132.80305), (-159.03986, 161.13632, -126.05435), (-157.59297, 161.75665, -125.490616), (-159.23315, 159.99681, 126.12964), (-161.1219, 159.99681, 118.26248), (-159.20554, 160.58011, 126.12067), (-159.03528, 161.13637, 126.06534), (-160.91356, 161.13637, 118.24165), (-158.64136, 161.54929, 125.93734), (-158.11067, 161.72775, 125.76491), (-156.13698, 159.99681, 133.60445), (-155.95157, 161.13637, 133.50998), (-159.03528, 161.13637, 126.06534), (-155.95157, 161.13637, 133.50998), (-155.58252, 161.54929, 133.32195), (-155.08536, 161.72775, 133.06863), (-157.55421, 161.75671, 125.584114), (-151.90962, 159.99681, 140.5029), (-156.11107, 160.58011, 133.59126), (-151.74127, 161.13637, 140.38058), (-151.74127, 161.13637, 140.38058), (-150.95477, 161.72775, 139.80916), (-150.48143, 161.75671, 139.46523), (-154.56406, 161.75671, 132.80301), (-146.65514, 159.99681, 146.6551), (-151.88611, 160.58011, 140.48581), (-146.50801, 161.13637, 146.50798), (-146.50801, 161.13637, 146.50798), (-151.40619, 161.54929, 140.13713), (-145.82057, 161.72775, 145.82056), (-145.40685, 161.75671, 145.40681), (-140.50291, 159.99681, 151.90959), (-146.6346, 160.58011, 146.63457), (-146.65514, 159.99681, 146.6551), (-140.38062, 161.13637, 151.74126), (-146.50801, 161.13637, 146.50798), (-140.38062, 161.13637, 151.74126), (-146.21512, 161.54929, 146.2151), (-140.13715, 161.54929, 151.40616), (-139.80916, 161.72775, 150.95476), (-133.59128, 160.58011, 156.11104), (-140.48584, 160.58011, 151.88608), (-133.51001, 161.13637, 155.95155), (-133.32196, 161.54929, 155.5825), (-133.06865, 161.72775, 155.08533), (-139.46526, 161.75671, 150.48141), (-133.60448, 159.99681, 156.13696), (-126.12069, 160.58011, 159.20552), (-133.51001, 161.13637, 155.95155), (-125.93736, 161.54929, 158.64133), (-125.76493, 161.72775, 158.11066), (-125.58414, 161.75671, 157.5542), (-132.80304, 161.75671, 154.56403), (-118.262505, 159.99681, 161.12187), (-126.12966, 159.99681, 159.23314), (-118.257965, 160.58011, 161.09319), (-126.06536, 161.13637, 159.03526), (-126.06536, 161.13637, 159.03526), (-118.16518, 161.54929, 160.50725), (-117.986374, 161.75671, 159.37825), (-118.07789, 161.72775, 159.95613), (-110.18859, 161.13637, 161.54922), (-118.229965, 161.13637, 160.91635), (-110.18859, 161.13637, 161.54922), (-110.19676, 159.99681, 161.75665), (159.9968, 161.7567, 110.127495), (160.5801, 161.72772, -110.15048), (159.9968, 161.75667, -110.12753), (161.13635, 161.54924, -110.17238), (161.54926, 161.13634, -110.18862), (161.54926, 161.13634, -110.18862), (161.72774, 160.58008, -110.195656), (161.75668, 159.99678, -110.19679), (159.37827, 161.75665, -117.98641), (159.95615, 161.7277, -118.07791), (160.50728, 161.54922, -118.165215), (160.91638, 161.13632, -118.22998), (160.91638, 161.13632, -118.22998), (161.0932, 160.58006, -118.25799), (161.1219, 159.99677, -118.262535), (158.11069, 161.7277, -125.76495), (157.55421, 161.75665, -125.58416), (158.64136, 161.54922, -125.937386), (159.03528, 161.13632, -126.065384), (159.20554, 160.58006, -126.1207), (159.03528, 161.13632, -126.065384), (159.23315, 159.99677, -126.129684), (155.08536, 161.7277, -133.06866), (154.56407, 161.75665, -132.80305), (155.58252, 161.54922, -133.322), (155.95157, 161.13632, -133.51003), (156.11107, 160.58006, -133.59131), (155.95157, 161.13632, -133.51003), (156.13698, 159.99677, -133.6045), (150.48145, 161.75665, -139.46529), (150.95477, 161.7277, -139.8092), (151.40619, 161.54922, -140.13718), (151.74127, 161.13632, -140.38065), (151.74127, 161.13632, -140.38065), (151.88611, 160.58006, -140.48586), (151.9096, 159.99677, -140.50294), (145.40686, 161.75665, -145.40686), (145.82057, 161.7277, -145.8206), (146.21512, 161.54922, -146.21515), (146.50803, 161.13632, -146.50803), (146.50803, 161.13632, -146.50803), (146.6346, 160.58006, -146.63461), (146.65514, 159.99677, -146.65515), (139.80916, 161.7277, -150.9548), (139.46526, 161.75665, -150.48145), (140.13715, 161.54922, -151.40622), (140.38062, 161.13632, -151.74132), (140.38062, 161.13632, -151.74132), (146.6346, 160.58006, -146.63461), (140.48584, 160.58006, -151.88614), (140.50291, 159.99677, -151.90965), (132.80304, 161.75665, -154.56407), (133.06866, 161.7277, -155.08537), (133.32195, 161.54922, -155.58255), (133.51001, 161.13632, -155.9516), (133.59128, 160.58006, -156.1111), (133.51001, 161.13632, -155.9516), (133.60446, 159.99677, -156.13701), (125.58414, 161.75665, -157.55426), (125.76493, 161.7277, -158.11069), (125.93736, 161.54922, -158.64139), (126.06536, 161.13632, -159.03531), (126.06536, 161.13632, -159.03531), (126.1207, 160.58006, -159.20557), (126.12966, 159.99677, -159.23318), (117.98637, 161.75665, -159.37831), (118.07789, 161.7277, -159.95618), (118.16516, 161.54922, -160.5073), (118.22998, 161.13632, -160.9164), (118.257965, 160.58006, -161.09323), (118.22998, 161.13632, -160.9164), (118.262505, 159.99677, -161.1219), (110.15048, 161.7277, -160.58011), (110.12753, 161.75665, -159.9968), (110.172356, 161.54922, -161.13637), (110.18859, 161.13632, -161.54929), (110.19563, 160.58006, -161.72775), (110.18859, 161.13632, -161.54929), (110.19676, 159.99677, -161.75671), (-110.150475, 161.7277, -160.58011), (-110.12752, 161.75665, -159.9968), (-110.172356, 161.54922, -161.13637), (-110.18859, 161.13632, -161.54929), (-110.18859, 161.13632, -161.54929), (-110.19563, 160.58006, -161.72775), (-110.19676, 159.99677, -161.75671), (146.6346, 160.58011, 146.63457), (161.54926, 161.13635, 110.18857), (-146.6346, 160.58006, -146.63461), (-146.6346, 160.58011, 146.63457), (-118.229965, 161.13637, 160.91635), (146.50803, 161.13632, -146.50803), (146.65514, 159.99677, -146.65515), (0, 179.94354, -70.94322), (6.932637, 180.21082, -70.38827), (6.953642, 179.94354, -70.6016), (0, 180.2108, -70.72886), (6.9041667, 180.46571, -70.09917), (6.932637, 180.21082, -70.38827), (0, 180.4657, -70.438354), (6.8673406, 180.6549, -69.725334), (0, 180.6549, -70.06271), (6.830305, 180.7367, -69.34925), (0, 180.7367, -69.68481), (6.7967253, 180.74997, -69.00829), (13.79851, 180.2108, -69.36981), (13.840333, 179.94354, -69.580055), (13.79851, 180.2108, -69.36981), (13.741839, 180.4657, -69.084885), (13.668558, 180.6549, -68.71648), (13.594832, 180.7367, -68.345825), (13.527993, 180.74997, -68.0098), (20.531492, 180.21082, -67.68328), (20.593729, 179.94354, -67.88844), (20.447166, 180.4657, -67.40531), (20.531492, 180.21082, -67.68328), (20.338133, 180.6549, -67.045845), (20.228422, 180.7367, -66.684204), (20.128977, 180.74997, -66.356346), (27.066761, 180.21082, -65.344925), (27.148792, 179.94354, -65.54298), (26.955593, 180.46571, -65.07656), (27.066761, 180.21082, -65.344925), (26.811832, 180.6549, -64.7295), (26.66722, 180.7367, -64.38037), (26.536108, 180.74997, -64.06383), (33.341347, 180.21082, -62.377274), (33.442398, 179.94354, -62.566338), (33.2044, 180.46571, -62.12107), (33.341347, 180.21082, -62.377274), (33.02733, 180.6549, -61.789787), (32.849186, 180.7367, -61.456505), (32.68768, 180.74997, -61.154373), (39.413937, 179.94354, -58.987137), (39.294846, 180.21082, -58.80888), (39.13346, 180.46571, -58.56734), (39.294846, 180.21082, -58.80888), (38.924763, 180.6549, -58.255016), (38.714806, 180.7367, -57.94081), (38.524456, 180.74997, -57.65593), (44.869907, 180.21082, -54.674133), (45.005905, 179.94354, -54.83985), (44.685616, 180.46571, -54.449577), (44.869907, 180.21082, -54.674133), (44.44731, 180.6549, -54.159214), (44.20756, 180.7367, -53.867077), (43.990223, 180.74997, -53.602238), (45.005905, 179.94354, -54.83985), (50.012844, 180.21082, -50.012844), (50.164417, 179.94354, -50.16444), (49.807438, 180.46571, -49.807438), (49.54181, 180.6549, -49.54181), (49.2746, 180.7367, -49.2746), (49.032345, 180.74997, -49.032345), (54.83985, 179.94354, -45.005905), (54.674133, 180.21082, -44.869907), (54.449577, 180.46571, -44.685616), (54.15919, 180.6549, -44.44731), (53.867077, 180.7367, -44.207573), (53.602238, 180.74997, -43.990234), (58.987137, 179.94354, -39.413948), (54.674133, 180.21082, -44.869907), (58.80888, 180.21082, -39.294857), (58.56734, 180.46571, -39.13346), (58.80888, 180.21082, -39.294857), (58.255016, 180.65492, -38.924763), (57.94081, 180.7367, -38.714817), (57.65593, 180.74997, -38.524467), (62.377274, 180.21082, -33.341362), (62.566338, 179.94354, -33.44241), (62.377274, 180.21082, -33.341362), (62.12107, 180.46571, -33.20441), (61.789787, 180.65492, -33.02733), (61.456505, 180.7367, -32.8492), (61.154373, 180.74997, -32.68769), (65.344925, 180.21082, -27.066748), (65.54298, 179.94354, -27.148792), (65.07656, 180.46571, -26.95558), (65.344925, 180.21082, -27.066748), (64.72948, 180.65492, -26.811832), (64.38035, 180.7367, -26.66722), (64.06383, 180.74997, -26.536108), (67.88844, 179.94354, -20.593718), (67.68328, 180.21082, -20.531492), (67.40531, 180.46571, -20.447166), (67.68328, 180.21082, -20.531492), (67.045845, 180.65492, -20.338121), (66.684204, 180.73671, -20.228422), (66.356346, 180.74997, -20.128977), (69.580055, 179.94354, -13.840321), (69.36981, 180.21082, -13.79851), (69.084885, 180.46571, -13.741827), (69.36981, 180.21082, -13.79851), (68.71648, 180.65492, -13.668546), (68.345825, 180.73671, -13.59482), (68.0098, 180.74997, -13.527981), (70.6016, 179.94354, -6.953642), (70.38827, 180.21083, -6.932625), (70.09917, 180.46571, -6.9041543), (70.38827, 180.21083, -6.932625), (69.725334, 180.65492, -6.8673286), (69.34923, 180.73671, -6.8302927), (69.00827, 180.74997, -6.796713), (70.72886, 180.21083, 0.0000123410555), (70.94322, 179.94354, 0.0000123410555), (70.438354, 180.46573, 0.0000123410555), (70.72886, 180.21083, 0.0000123410555), (70.06271, 180.65492, 0.0000123410555), (69.68481, 180.73671, 0.0000123410555), (69.34219, 180.74997, 0.0000123410555), (70.38827, 180.21083, 6.932662), (70.6016, 179.94354, 6.953666), (70.38827, 180.21083, 6.932662), (70.09917, 180.46573, 6.9041786), (69.725334, 180.65492, 6.8673654), (69.34923, 180.73671, 6.8303175), (69.00827, 180.74997, 6.7967377), (69.580055, 179.94354, 13.840358), (69.36981, 180.21083, 13.798534), (69.084885, 180.46573, 13.741864), (69.36981, 180.21083, 13.798534), (68.71648, 180.65492, 13.668583), (68.345825, 180.73671, 13.594857), (68.0098, 180.74997, 13.528006), (67.68328, 180.21083, 20.53153), (67.88842, 179.94354, 20.593754), (67.68328, 180.21083, 20.53153), (67.40529, 180.46573, 20.447191), (67.04582, 180.65492, 20.338158), (66.684204, 180.73671, 20.228458), (66.35632, 180.74997, 20.129002), (65.54298, 179.94356, 27.148817), (65.344925, 180.21083, 27.066772), (65.344925, 180.21083, 27.066772), (65.07656, 180.46573, 26.955605), (64.72948, 180.65494, 26.811855), (64.38035, 180.73671, 26.667244), (64.06383, 180.74998, 26.536133), (62.566315, 179.94356, 33.44242), (62.377274, 180.21083, 33.341373), (62.12107, 180.46573, 33.204426), (62.377274, 180.21083, 33.341373), (61.789787, 180.65494, 33.027355), (61.456482, 180.73671, 32.849213), (61.154346, 180.74998, 32.687706), (58.98711, 179.94356, 39.413963), (58.80888, 180.21083, 39.294872), (58.56734, 180.46573, 39.133476), (58.80888, 180.21083, 39.294872), (58.255016, 180.65494, 38.924774), (57.94079, 180.73671, 38.71483), (57.65593, 180.74998, 38.52448), (54.839825, 179.94356, 45.005928), (54.674133, 180.21083, 44.86993), (54.449577, 180.46573, 44.685654), (54.674133, 180.21083, 44.86993), (54.15919, 180.65494, 44.44735), (53.867077, 180.73671, 44.20761), (53.602238, 180.74998, 43.990246), (50.164417, 179.94356, 50.16445), (50.012817, 180.21083, 50.01288), (49.807415, 180.46573, 49.807465), (49.541786, 180.65494, 49.541847), (49.27458, 180.73671, 49.274628), (49.032322, 180.74998, 49.03237), (45.005867, 179.94356, 54.839874), (44.86988, 180.21083, 54.67416), (44.68558, 180.46573, 54.4496), (44.447273, 180.65494, 54.15923), (44.207535, 180.73671, 53.867104), (43.990185, 180.74998, 53.602264), (45.005867, 179.94356, 54.839874), (39.294807, 180.21083, 58.808926), (39.413902, 179.94356, 58.98716), (39.13341, 180.46573, 58.56738), (39.294807, 180.21083, 58.808926), (38.924725, 180.65494, 58.25504), (38.714767, 180.73671, 57.940823), (38.52443, 180.74998, 57.655956), (33.44236, 179.94356, 62.56635), (33.341312, 180.21083, 62.377296), (33.341312, 180.21083, 62.377296), (33.204376, 180.46573, 62.121098), (33.027294, 180.65494, 61.789806), (32.84915, 180.73672, 61.45653), (32.68764, 180.74998, 61.154373), (27.148743, 179.94356, 65.54301), (27.066711, 180.21083, 65.34495), (27.066711, 180.21083, 65.34495), (26.955544, 180.46573, 65.07657), (26.811783, 180.65494, 64.729515), (26.66717, 180.73672, 64.38037), (26.536058, 180.74998, 64.06385), (20.531456, 180.21083, 67.68331), (20.59368, 179.94356, 67.888435), (20.44713, 180.46573, 67.40531), (20.531456, 180.21083, 67.68331), (20.338083, 180.65494, 67.045845), (20.228384, 180.73671, 66.68421), (20.128927, 180.74998, 66.356346), (13.840284, 179.94356, 69.58008), (13.79846, 180.21085, 69.369835), (13.74179, 180.46573, 69.084915), (13.79846, 180.21085, 69.369835), (13.668509, 180.65494, 68.71649), (13.594784, 180.73672, 68.34585), (13.527945, 180.74998, 68.00982), (6.932588, 180.21083, 70.38827), (6.9535923, 179.94356, 70.60161), (6.9041047, 180.46573, 70.09917), (6.932588, 180.21083, 70.38827), (6.8672915, 180.65494, 69.725334), (6.8302436, 180.73672, 69.34924), (6.7966638, 180.74998, 69.008286), (-0.00006170528, 180.21085, 70.72886), (-0.00006170528, 179.94357, 70.94322), (-0.00006170528, 180.46573, 70.438354), (-0.00006170528, 180.21085, 70.72886), (-0.00006170528, 180.65494, 70.062706), (-0.00006170528, 180.73672, 69.68479), (-0.00006170528, 180.74998, 69.34218), (-6.953716, 179.94357, 70.60159), (-6.932699, 180.21085, 70.38827), (-6.904228, 180.46573, 70.09917), (-6.932699, 180.21085, 70.38827), (-6.8674026, 180.65494, 69.72533), (-6.830367, 180.73672, 69.34924), (-6.796787, 180.74998, 69.00827), (-13.798583, 180.21085, 69.369804), (-13.840395, 179.94357, 69.58005), (-13.741901, 180.46573, 69.084885), (-13.798583, 180.21085, 69.369804), (-13.66862, 180.65494, 68.71647), (-13.594894, 180.73672, 68.34582), (-13.528055, 180.74998, 68.00979), (-20.59379, 179.94357, 67.888405), (-20.531567, 180.21085, 67.683266), (-20.531567, 180.21085, 67.683266), (-20.447227, 180.46573, 67.40528), (-20.338196, 180.65494, 67.04581), (-20.228495, 180.73671, 66.68418), (-20.12904, 180.74998, 66.356316), (-27.148853, 179.94357, 65.54295), (-27.066822, 180.21085, 65.3449), (-26.955654, 180.46573, 65.07652), (-27.066822, 180.21085, 65.3449), (-26.811905, 180.65494, 64.72946), (-26.66728, 180.73672, 64.380325), (-26.53617, 180.74998, 64.063805), (-33.44246, 179.94357, 62.566296), (-33.34141, 180.21085, 62.377243), (-33.204475, 180.46573, 62.121048), (-33.34141, 180.21085, 62.377243), (-33.027393, 180.65494, 61.789764), (-32.849247, 180.73672, 61.456474), (-32.68774, 180.74998, 61.154316), (-39.294907, 180.21085, 58.80885), (-39.413998, 179.94357, 58.987087), (-39.13351, 180.46573, 58.567307), (-39.294907, 180.21085, 58.80885), (-38.924824, 180.65494, 58.25497), (-38.714867, 180.73671, 57.94075), (-38.524517, 180.74998, 57.65588), (-44.86997, 180.21085, 54.674084), (-45.005955, 179.94357, 54.8398), (-44.86997, 180.21085, 54.674084), (-44.685677, 180.46573, 54.449528), (-44.447372, 180.65494, 54.159153), (-44.207634, 180.73671, 53.867027), (-43.990284, 180.74998, 53.60219), (-45.005955, 179.94357, 54.8398), (-50.012917, 180.21083, 50.012794), (-50.16449, 179.94356, 50.164368), (-49.807487, 180.46573, 49.807377), (-49.54187, 180.65494, 49.54176), (-49.27465, 180.73671, 49.27454), (-49.032394, 180.74998, 49.032284), (-54.674183, 180.21083, 44.869858), (-54.839897, 179.94356, 45.005844), (-54.449627, 180.46573, 44.685566), (-54.159252, 180.65494, 44.44725), (-53.867126, 180.73671, 44.20751), (-53.602287, 180.74998, 43.99016), (-54.839897, 179.94356, 45.005844), (-58.808926, 180.21083, 39.294807), (-58.98716, 179.94356, 39.413902), (-58.56738, 180.46573, 39.13341), (-58.808926, 180.21083, 39.294807), (-58.255047, 180.65494, 38.924713), (-57.940823, 180.73671, 38.714756), (-57.655956, 180.74998, 38.524418), (-62.377308, 180.21083, 33.341312), (-62.566357, 179.94356, 33.44236), (-62.12111, 180.46573, 33.204376), (-62.377308, 180.21083, 33.341312), (-61.78982, 180.65494, 33.027306), (-61.45654, 180.73671, 32.84915), (-61.154373, 180.74998, 32.68764), (-65.34495, 180.21083, 27.066748), (-65.543, 179.94356, 27.148767), (-65.07656, 180.46573, 26.955568), (-65.34495, 180.21083, 27.066748), (-64.729515, 180.65492, 26.81182), (-64.38037, 180.73671, 26.667194), (-64.063835, 180.74998, 26.536083), (-67.6833, 180.21083, 20.531492), (-67.888435, 179.94356, 20.593718), (-67.40531, 180.46573, 20.447166), (-67.6833, 180.21083, 20.531492), (-67.045845, 180.65492, 20.338121), (-66.684204, 180.73671, 20.228422), (-66.356346, 180.74997, 20.128965), (-69.580055, 179.94356, 13.840345), (-69.36981, 180.21083, 13.798522), (-69.36981, 180.21083, 13.798522), (-69.08489, 180.46573, 13.741852), (-68.71647, 180.65492, 13.668558), (-68.345825, 180.73671, 13.594832), (-68.00979, 180.74997, 13.527993), (-70.388275, 180.21083, 6.932662), (-70.60161, 179.94356, 6.953666), (-70.09917, 180.46573, 6.904191), (-70.388275, 180.21083, 6.932662), (-69.72534, 180.65492, 6.8673654), (-69.34925, 180.73671, 6.83033), (-69.008286, 180.74997, 6.7967377), (-70.943214, 179.94354, 0.00003702317), (-70.72885, 180.21083, 0.00003702317), (-70.72885, 180.21083, 0.00003702317), (-70.438354, 180.46573, 0.00003702317), (-70.062706, 180.65492, 0.00003702317), (-69.68481, 180.73671, 0.00003702317), (-69.342186, 180.74997, 0.00003702317), (-70.38827, 180.21083, -6.932588), (-70.60161, 179.94356, -6.9536047), (-70.09917, 180.46573, -6.904117), (-70.38827, 180.21083, -6.932588), (-69.725334, 180.65492, -6.867304), (-69.34924, 180.73671, -6.830256), (-69.008286, 180.74997, -6.7966757), (-69.369835, 180.21083, -13.798448), (-69.58008, 179.94354, -13.840272), (-69.084915, 180.46571, -13.741777), (-69.369835, 180.21083, -13.798448), (-68.71649, 180.65492, -13.668496), (-68.34585, 180.73671, -13.594771), (-68.00982, 180.74997, -13.527932), (-67.683304, 180.21082, -20.53142), (-67.88844, 179.94354, -20.593655), (-67.683304, 180.21082, -20.53142), (-67.40531, 180.46571, -20.447092), (-67.045845, 180.65492, -20.33806), (-66.68421, 180.7367, -20.22836), (-66.35635, 180.74997, -20.128902), (-65.34498, 180.21082, -27.066675), (-65.54302, 179.94354, -27.148705), (-65.07659, 180.46571, -26.955505), (-65.34498, 180.21082, -27.066675), (-64.729546, 180.65492, -26.811758), (-64.3804, 180.7367, -26.667145), (-64.063866, 180.74997, -26.536034), (-62.377327, 180.21082, -33.341263), (-62.56638, 179.94354, -33.44231), (-62.121136, 180.46571, -33.204327), (-62.377327, 180.21082, -33.341263), (-61.789845, 180.65492, -33.027245), (-61.456554, 180.7367, -32.849102), (-61.154404, 180.74997, -32.68759), (-58.808956, 180.21082, -39.294746), (-58.987198, 179.94354, -39.413853), (-58.808956, 180.21082, -39.294746), (-58.567417, 180.46571, -39.13336), (-58.255077, 180.65492, -38.924664), (-57.94086, 180.7367, -38.714706), (-57.656006, 180.74997, -38.52437), (-54.674232, 180.21082, -44.86981), (-54.839924, 179.94354, -45.005806), (-54.449677, 180.46571, -44.68553), (-54.674232, 180.21082, -44.86981), (-54.15929, 180.65492, -44.447224), (-53.867176, 180.7367, -44.20749), (-53.602325, 180.74997, -43.990124), (-54.839924, 179.94354, -45.005806), (-50.012966, 180.21082, -50.012745), (-50.16454, 179.94354, -50.164318), (-49.80755, 180.46571, -49.80734), (-49.541935, 180.6549, -49.54171), (-49.27471, 180.7367, -49.2745), (-49.032444, 180.74997, -49.032246), (-50.16454, 179.94354, -50.164318), (-44.87003, 180.21082, -54.674034), (-45.006027, 179.94354, -54.839752), (-44.68574, 180.46571, -54.44948), (-44.87003, 180.21082, -54.674034), (-44.447433, 180.6549, -54.15912), (-44.2077, 180.7367, -53.866978), (-43.990345, 180.74997, -53.60214), (-39.414085, 179.94354, -58.987038), (-39.294994, 180.21082, -58.80878), (-39.1336, 180.46571, -58.56724), (-39.294994, 180.21082, -58.80878), (-38.9249, 180.6549, -58.254917), (-38.71495, 180.7367, -57.940712), (-38.524605, 180.74997, -57.65583), (-33.341507, 180.21082, -62.377174), (-33.44257, 179.94354, -62.56624), (-33.20457, 180.46571, -62.12097), (-33.341507, 180.21082, -62.377174), (-33.027504, 180.6549, -61.789692), (-32.849346, 180.7367, -61.456432), (-32.68785, 180.74997, -61.154274), (-27.148989, 179.94354, -65.5429), (-27.066946, 180.21082, -65.34485), (-26.955778, 180.46571, -65.07646), (-27.066946, 180.21082, -65.34485), (-26.812029, 180.6549, -64.72943), (-26.667416, 180.7367, -64.38027), (-26.536293, 180.74997, -64.06375), (-20.531715, 180.21082, -67.683235), (-20.593939, 179.94354, -67.88837), (-20.531715, 180.21082, -67.683235), (-20.447376, 180.46571, -67.40524), (-20.338331, 180.6549, -67.04577), (-20.228643, 180.7367, -66.68415), (-20.129175, 180.74997, -66.35628), (-13.798744, 180.21082, -69.36977), (-13.840568, 179.94354, -69.58001), (-13.742062, 180.4657, -69.08486), (-13.798744, 180.21082, -69.36977), (-13.66878, 180.6549, -68.71643), (-13.595055, 180.7367, -68.3458), (-13.528215, 180.74997, -68.00976), (-6.932884, 180.2108, -70.388245), (-6.953901, 179.94354, -70.60158), (-6.932884, 180.2108, -70.388245), (-6.904413, 180.4657, -70.099144), (-6.8675876, 180.6549, -69.72531), (-6.830552, 180.7367, -69.34923), (-6.79696, 180.74997, -69.00827), (0, 180.2108, -70.72886), (0, 180.74997, -69.34219), (54.83985, 179.94354, -45.005905), (50.164417, 179.94356, 50.16445), (0, 173.97272, -74.62059), (7.3131366, 174.31837, -74.25149), (7.3140993, 173.97272, -74.26126), (0, 174.31837, -74.61076), (7.3072004, 174.71713, -74.191216), (0, 174.71713, -74.55022), (7.293465, 175.14165, -74.051865), (0, 175.14165, -74.41015), (7.274978, 175.49825, -73.86408), (0, 175.49825, -74.22147), (7.2555904, 175.78203, -73.66721), (14.557755, 173.97272, -73.18675), (14.555831, 174.31837, -73.177124), (14.544033, 174.71713, -73.117744), (14.516709, 175.14166, -72.980385), (14.479897, 175.49825, -72.79534), (14.441294, 175.78203, -72.601295), (21.658356, 174.31837, -71.39804), (21.661205, 173.97272, -71.40745), (21.640781, 174.71713, -71.34011), (21.60013, 175.14166, -71.206085), (21.54536, 175.49825, -71.025536), (21.487925, 175.78203, -70.83623), (28.552303, 174.31837, -68.931335), (28.556067, 173.97272, -68.94042), (28.529139, 174.71713, -68.875404), (28.475529, 175.14166, -68.746025), (28.403334, 175.49825, -68.57169), (28.327621, 175.78203, -68.38892), (35.175896, 173.97272, -65.80947), (35.17127, 174.31837, -65.800804), (35.142735, 174.71713, -65.74741), (35.07671, 175.14166, -65.62391), (34.98777, 175.49825, -65.457504), (34.89451, 175.78203, -65.28302), (41.451508, 174.31837, -62.03656), (41.456974, 173.97272, -62.044754), (41.41789, 174.71713, -61.986233), (41.34007, 175.14166, -61.869785), (41.23524, 175.49825, -61.712906), (41.12533, 175.78203, -61.548397), (47.33256, 174.31837, -57.674885), (47.338783, 173.97272, -57.682487), (47.29416, 174.71713, -57.62809), (47.205303, 175.14166, -57.519833), (47.085617, 175.49825, -57.373985), (46.96011, 175.78203, -57.221058), (52.757767, 174.31837, -52.757767), (52.764725, 173.97272, -52.764725), (52.714966, 174.71713, -52.714966), (52.61594, 175.14166, -52.61594), (52.48251, 175.49825, -52.48251), (52.342613, 175.78203, -52.342613), (57.682487, 173.97272, -47.338806), (52.757767, 174.31837, -52.757767), (57.674885, 174.31837, -47.33256), (57.62809, 174.71713, -47.29416), (52.61594, 175.14166, -52.61594), (57.519833, 175.14166, -47.205303), (57.373985, 175.49825, -47.085617), (52.342613, 175.78203, -52.342613), (57.221058, 175.78203, -46.96011), (62.03656, 174.31837, -41.45152), (62.044754, 173.97272, -41.456974), (61.986233, 174.71713, -41.41789), (61.869785, 175.14166, -41.34008), (61.71293, 175.49825, -41.235256), (61.548397, 175.78203, -41.12533), (65.80947, 173.97272, -35.175896), (65.80083, 174.31837, -35.17127), (65.74741, 174.71713, -35.142735), (65.62391, 175.14166, -35.07671), (65.457504, 175.49825, -34.98777), (65.28302, 175.78203, -34.89451), (68.931335, 174.31837, -28.55229), (68.94042, 173.97272, -28.556055), (68.875404, 174.71715, -28.529127), (68.745995, 175.14166, -28.475529), (68.57169, 175.49825, -28.403322), (68.38892, 175.78203, -28.327621), (71.39804, 174.31837, -21.658356), (71.40745, 173.97272, -21.661205), (71.34013, 174.71715, -21.640781), (71.206116, 175.14166, -21.60013), (71.025536, 175.49825, -21.54536), (70.83623, 175.78203, -21.487925), (73.18675, 173.97272, -14.557743), (73.177124, 174.31837, -14.555831), (73.117744, 174.71715, -14.544021), (72.980385, 175.14166, -14.516697), (72.79534, 175.49825, -14.479884), (72.601295, 175.78203, -14.441294), (74.251465, 174.31837, -7.313124), (74.26126, 173.97272, -7.314087), (74.191216, 174.71715, -7.3071885), (74.051865, 175.14166, -7.2934527), (73.86408, 175.49825, -7.274966), (73.66721, 175.78203, -7.255578), (74.61076, 174.31837, 0.0000123410555), (74.62059, 173.97272, 0.0000123410555), (74.55022, 174.71715, 0.0000123410555), (74.41015, 175.14166, 0.0000123410555), (74.22147, 175.49825, 0.0000123410555), (74.02365, 175.78203, 0.0000123410555), (74.26126, 173.97272, 7.3141117), (74.25149, 174.31839, 7.313149), (74.191216, 174.71715, 7.307213), (74.051865, 175.14166, 7.29349), (73.86408, 175.49825, 7.2749906), (73.66721, 175.78203, 7.255603), (73.177124, 174.31839, 14.555856), (73.18675, 173.97272, 14.557768), (73.117744, 174.71715, 14.5440445), (72.980385, 175.14166, 14.516722), (72.79534, 175.49825, 14.479909), (72.601295, 175.78203, 14.441318), (71.39804, 174.31839, 21.65838), (71.40742, 173.97272, 21.66123), (71.34011, 174.71715, 21.640806), (71.206085, 175.14166, 21.600155), (71.025536, 175.49826, 21.545385), (70.836205, 175.78203, 21.48795), (68.93136, 174.31839, 28.552328), (68.94042, 173.97272, 28.55608), (68.87543, 174.71715, 28.529163), (68.746025, 175.14166, 28.475567), (68.57172, 175.49826, 28.403358), (68.38892, 175.78203, 28.327646), (65.800804, 174.31839, 35.17129), (65.80947, 173.97272, 35.17592), (65.74741, 174.71716, 35.14276), (65.62391, 175.14166, 35.076736), (65.457504, 175.49826, 34.987793), (65.28302, 175.78204, 34.89453), (62.03656, 174.31839, 41.45153), (62.04473, 173.97272, 41.457), (61.986233, 174.71716, 41.417904), (61.869785, 175.14166, 41.34009), (61.71288, 175.49826, 41.235268), (61.548397, 175.78204, 41.12536), (57.674862, 174.31839, 47.33259), (57.682465, 173.97272, 47.33882), (57.62809, 174.71716, 47.29418), (57.51981, 175.14166, 47.205326), (57.373962, 175.49826, 47.085644), (57.22103, 175.78204, 46.960136), (52.75774, 174.31839, 52.75779), (52.7647, 173.97272, 52.76475), (52.714943, 174.71716, 52.714993), (52.615894, 175.14166, 52.615955), (52.482487, 175.49826, 52.482536), (52.342613, 175.78204, 52.342648), (47.33876, 173.97272, 57.682514), (52.75774, 174.31839, 52.75779), (47.33254, 174.31839, 57.674923), (47.294132, 174.71716, 57.628124), (52.714943, 174.71716, 52.714993), (47.205276, 175.14166, 57.51986), (52.482487, 175.49826, 52.482536), (47.08557, 175.49826, 57.374012), (46.960087, 175.78204, 57.22108), (41.456936, 173.97272, 62.04477), (41.45148, 174.31839, 62.0366), (41.417843, 174.71716, 61.986263), (41.340042, 175.14166, 61.869816), (41.235218, 175.49826, 61.71293), (41.125298, 175.78204, 61.548435), (35.175858, 173.97272, 65.809494), (35.17122, 174.31839, 65.80083), (35.142685, 174.71716, 65.747444), (35.07667, 175.14166, 65.62392), (34.987732, 175.49828, 65.45753), (34.89446, 175.78204, 65.28305), (28.556017, 173.97272, 68.940445), (28.552254, 174.31839, 68.93136), (28.529089, 174.71716, 68.875435), (28.475492, 175.14168, 68.74604), (28.403284, 175.49828, 68.57173), (28.327585, 175.78204, 68.38895), (21.658306, 174.31839, 71.398056), (21.66117, 173.97273, 71.407455), (21.640732, 174.71716, 71.340126), (21.60008, 175.14166, 71.2061), (21.545311, 175.49828, 71.02555), (21.487875, 175.78204, 70.83623), (14.555781, 174.31839, 73.17714), (14.557694, 173.97273, 73.186775), (14.543971, 174.71716, 73.11777), (14.516647, 175.14166, 72.98041), (14.479835, 175.49828, 72.79536), (14.441244, 175.78204, 72.60132), (7.314038, 173.97273, 74.26126), (7.313075, 174.31839, 74.25149), (7.307139, 174.71716, 74.191246), (7.2934155, 175.14166, 74.051865), (7.2749166, 175.49826, 73.864105), (7.2555285, 175.78204, 73.667206), (-0.00006170528, 174.31839, 74.61075), (-0.00006170528, 173.97273, 74.620575), (-0.00006170528, 174.71716, 74.55021), (-0.00006170528, 175.14168, 74.41016), (-0.00006170528, 175.49828, 74.22148), (-0.00006170528, 175.78204, 74.02364), (-7.314161, 173.97273, 74.26125), (-7.3131986, 174.31839, 74.25148), (-7.3072624, 174.71716, 74.19124), (-7.293539, 175.14168, 74.05186), (-7.2750397, 175.49828, 73.86409), (-7.255652, 175.78204, 73.6672), (-14.555904, 174.31839, 73.17712), (-14.557817, 173.97273, 73.18675), (-14.544094, 174.71716, 73.117744), (-14.516771, 175.14168, 72.98038), (-14.479958, 175.49828, 72.795334), (-14.441355, 175.78204, 72.601295), (-21.658428, 174.31839, 71.39802), (-21.66128, 173.97273, 71.40742), (-21.640856, 174.71716, 71.34009), (-21.600191, 175.14168, 71.20606), (-21.545422, 175.49828, 71.02551), (-21.487999, 175.78204, 70.83619), (-28.552364, 174.31839, 68.93131), (-28.55613, 173.97272, 68.94039), (-28.5292, 174.71716, 68.87538), (-28.475603, 175.14166, 68.74599), (-28.403397, 175.49828, 68.57168), (-28.327682, 175.78204, 68.3889), (-35.175957, 173.97272, 65.80944), (-35.17133, 174.31839, 65.800766), (-35.142784, 174.71716, 65.74738), (-35.07677, 175.14166, 65.62387), (-34.98783, 175.49828, 65.45747), (-34.89457, 175.78204, 65.28299), (-41.45158, 174.31839, 62.036537), (-41.457035, 173.97272, 62.0447), (-41.41794, 174.71716, 61.9862), (-41.34014, 175.14166, 61.869747), (-41.235317, 175.49826, 61.712868), (-41.125397, 175.78204, 61.548367), (-47.332626, 174.31839, 57.67485), (-47.338856, 173.97272, 57.682438), (-47.29422, 174.71716, 57.62805), (-47.205376, 175.14166, 57.519783), (-47.085667, 175.49826, 57.373936), (-46.96016, 175.78204, 57.22101), (-52.757828, 174.31839, 52.7577), (-52.764774, 173.97272, 52.764652), (-52.715027, 174.71716, 52.714905), (-52.61599, 175.14166, 52.615868), (-52.48257, 175.49826, 52.48245), (-52.342686, 175.78204, 52.342564), (-52.764774, 173.97272, 52.764652), (-57.674934, 174.31839, 47.3325), (-57.682537, 173.97272, 47.338734), (-52.757828, 174.31839, 52.7577), (-57.62814, 174.71716, 47.294098), (-52.715027, 174.71716, 52.714905), (-57.51987, 175.14166, 47.205254), (-52.61599, 175.14166, 52.615868), (-57.374023, 175.49826, 47.085556), (-52.48257, 175.49826, 52.48245), (-57.221092, 175.78204, 46.96005), (-62.03661, 174.31839, 41.45147), (-62.044773, 173.97272, 41.456936), (-61.98627, 174.71716, 41.417843), (-61.86982, 175.14166, 41.34003), (-61.71294, 175.49828, 41.235207), (-61.548443, 175.78204, 41.125298), (-65.80083, 174.31839, 35.17123), (-65.809494, 173.97272, 35.175858), (-65.747444, 174.71716, 35.142696), (-65.62392, 175.14166, 35.07667), (-65.45753, 175.49826, 34.987732), (-65.28304, 175.78204, 34.89447), (-68.93136, 174.31839, 28.552279), (-68.94044, 173.97272, 28.556042), (-68.87543, 174.71715, 28.529114), (-68.74604, 175.14166, 28.475517), (-68.57172, 175.49826, 28.403309), (-68.38894, 175.78204, 28.32761), (-71.39804, 174.31839, 21.658356), (-71.40745, 173.97272, 21.661205), (-71.34011, 174.71715, 21.640781), (-71.206085, 175.14166, 21.600117), (-71.025536, 175.49826, 21.545347), (-70.83621, 175.78204, 21.487925), (-73.17712, 174.31839, 14.555843), (-73.18676, 173.97272, 14.557755), (-73.117744, 174.71715, 14.544033), (-72.980385, 175.14166, 14.516709), (-72.795334, 175.49826, 14.479897), (-72.601295, 175.78204, 14.441306), (-74.25148, 174.31839, 7.313149), (-74.26126, 173.97272, 7.314124), (-74.19124, 174.71715, 7.307225), (-74.05185, 175.14166, 7.29349), (-73.86409, 175.49826, 7.275003), (-73.6672, 175.78204, 7.255603), (-74.61075, 174.31837, 0.00003702317), (-74.620575, 173.97272, 0.00003702317), (-74.55022, 174.71715, 0.00003702317), (-74.41016, 175.14166, 0.00003702317), (-74.22148, 175.49826, 0.00003702317), (-74.023636, 175.78204, 0.00003702317), (-74.25149, 174.31839, -7.3130875), (-74.26126, 173.97272, -7.3140497), (-74.19124, 174.71715, -7.3071513), (-74.051865, 175.14166, -7.2934155), (-73.86409, 175.49826, -7.2749286), (-73.667206, 175.78204, -7.2555285), (-73.177155, 174.31837, -14.555769), (-73.186775, 173.97272, -14.557682), (-73.11778, 174.71715, -14.543959), (-72.98041, 175.14166, -14.516636), (-72.79536, 175.49826, -14.479835), (-72.60131, 175.78204, -14.441232), (-71.39806, 174.31837, -21.658281), (-71.40746, 173.97272, -21.66113), (-71.34013, 174.71715, -21.640707), (-71.20611, 175.14166, -21.600056), (-71.02556, 175.49826, -21.545286), (-70.83623, 175.78204, -21.48785), (-68.94046, 173.97272, -28.555967), (-68.93138, 174.31837, -28.552204), (-68.87546, 174.71715, -28.52904), (-68.746056, 175.14166, -28.475443), (-68.57175, 175.49826, -28.403234), (-68.38896, 175.78204, -28.327536), (-65.80086, 174.31837, -35.17117), (-65.809525, 173.97272, -35.175797), (-65.74747, 174.71713, -35.142624), (-65.62395, 175.14166, -35.0766), (-65.45755, 175.49826, -34.987656), (-65.28307, 175.78204, -34.89441), (-62.036648, 174.31837, -41.45141), (-62.044815, 173.97272, -41.456863), (-61.98632, 174.71715, -41.417778), (-61.869865, 175.14166, -41.33997), (-61.71298, 175.49826, -41.235146), (-61.548477, 175.78204, -41.125233), (-57.674984, 174.31837, -47.332466), (-57.682575, 173.97272, -47.338684), (-57.62819, 174.71713, -47.29406), (-57.51992, 175.14166, -47.205204), (-57.374073, 175.49825, -47.085495), (-57.22113, 175.78204, -46.959988), (-52.757877, 174.31837, -52.757668), (-52.764824, 173.97272, -52.764603), (-52.715076, 174.71713, -52.714867), (-52.61604, 175.14166, -52.615818), (-52.48262, 175.49825, -52.48241), (-52.342724, 175.78204, -52.342514), (-52.764824, 173.97272, -52.764603), (-47.332687, 174.31837, -57.674786), (-47.33892, 173.97272, -57.68239), (-52.757877, 174.31837, -52.757668), (-47.29428, 174.71713, -57.62799), (-52.715076, 174.71713, -52.714867), (-47.205425, 175.14166, -57.519733), (-52.61604, 175.14166, -52.615818), (-47.085743, 175.49825, -57.373863), (-52.48262, 175.49825, -52.48241), (-46.96023, 175.78204, -57.220932), (-41.451656, 174.31837, -62.03646), (-41.457123, 173.97272, -62.044632), (-41.418037, 174.71713, -61.986134), (-41.340218, 175.14166, -61.86966), (-41.23539, 175.49825, -61.71278), (-41.12548, 175.78203, -61.548298), (-35.176067, 173.97272, -65.80937), (-35.17144, 174.31837, -65.80073), (-35.142906, 174.71713, -65.74732), (-35.07688, 175.14166, -65.62381), (-34.98794, 175.49825, -65.457405), (-34.89468, 175.78203, -65.28293), (-28.552488, 174.31837, -68.93126), (-28.556252, 173.97272, -68.940346), (-28.529324, 174.71713, -68.875336), (-28.475727, 175.14166, -68.74595), (-28.403519, 175.49825, -68.57162), (-28.327806, 175.78203, -68.38885), (-21.658577, 174.31837, -71.397995), (-21.661428, 173.97272, -71.40737), (-21.641003, 174.71713, -71.340034), (-21.600351, 175.14166, -71.20602), (-21.545582, 175.49825, -71.02547), (-21.488148, 175.78203, -70.83613), (-14.556078, 174.31837, -73.17708), (-14.55799, 173.97272, -73.18671), (-14.544267, 174.71713, -73.11772), (-14.516932, 175.14166, -72.98034), (-14.48013, 175.49825, -72.795296), (-14.441527, 175.78203, -72.60124), (-7.3133836, 174.31837, -74.25144), (-7.3143463, 173.97272, -74.261215), (-7.30746, 174.71713, -74.191216), (-7.293724, 175.14165, -74.05181), (-7.275237, 175.49825, -73.86408), (-7.255837, 175.78203, -73.66717), (0, 175.78203, -74.02365), (52.764725, 173.97272, -52.764725), (52.714966, 174.71713, -52.714966), (52.48251, 175.49825, -52.48251), (52.7647, 173.97272, 52.76475), (52.615894, 175.14166, 52.615955), (52.342613, 175.78204, 52.342648), (-52.342686, 175.78204, 52.342564), (-52.342724, 175.78204, -52.342514)]
            texCoord2f[] primvars:st0 = [(0.660441, 0.62263703), (0.660215, 0.618436), (0.659812, 0.622512), (0.659605, 0.618436), (0.659216, 0.622393), (0.658769, 0.62230396), (0.487488, 0.93938303), (0.491319, 0.938776), (0.491357, 0.93938303), (0.487488, 0.938776), (0.491312, 0.938139), (0.659216, 0.62667596), (0.658625, 0.626431), (0.658063, 0.626198), (0.657645, 0.626024), (0.495076, 0.93938303), (0.495002, 0.938776), (0.494989, 0.938139), (0.660854, 0.618436), (0.659812, 0.61436), (0.659216, 0.614479), (0.658769, 0.614568), (0.659153, 0.618436), (0.48362, 0.93938303), (0.483658, 0.938776), (0.487488, 0.938139), (0.656693, 0.630043), (0.657227, 0.630399), (0.656189, 0.629704), (0.655809, 0.629452), (0.498505, 0.93938303), (0.498396, 0.938776), (0.498378, 0.938139), (0.654094, 0.633209), (0.65455, 0.63366103), (0.653666, 0.632777), (0.653345, 0.632457), (0.50151, 0.93938303), (0.501371, 0.938776), (0.501349, 0.938139), (0.651283, 0.636339), (0.650928, 0.63580704), (0.650591, 0.63530004), (0.650337, 0.634923), (0.545229, 0.82349896), (0.544624, 0.826613), (0.545229, 0.826504), (0.544624, 0.823637), (0.543985, 0.82663), (0.647564, 0.638329), (0.647319, 0.637738), (0.647084, 0.637174), (0.646911, 0.636756), (0.544624, 0.830007), (0.545229, 0.829932), (0.543985, 0.830019), (0.643336, 0.638945), (0.643432, 0.63958204), (0.643245, 0.63833797), (0.643183, 0.637887), (0.544624, 0.833691), (0.545229, 0.833663), (0.543985, 0.833696), (0.639517, 0.63996804), (0.639454, 0.639328), (0.639392, 0.638718), (0.639344, 0.638265), (0.545229, 0.837497), (0.544624, 0.837517), (0.543985, 0.83752), (0.635029, 0.639526), (0.635183, 0.638908), (0.635332, 0.638318), (0.545681, 0.84151), (0.545229, 0.8414), (0.544624, 0.841352), (0.543985, 0.841344), (0.63133, 0.637738), (0.631085, 0.638329), (0.63156, 0.637174), (0.631733, 0.636756), (0.544624, 0.845033), (0.545229, 0.84510803), (0.543985, 0.845021), (0.627716, 0.63580704), (0.627361, 0.636339), (0.628053, 0.63530004), (0.628307, 0.634923), (0.545229, 0.84853697), (0.544624, 0.848428), (0.543985, 0.84841), (0.624099, 0.63366103), (0.62455, 0.633209), (0.624983, 0.632777), (0.6253, 0.632457), (0.544624, 0.851403), (0.545229, 0.851541), (0.543985, 0.85138), (0.621418, 0.63039804), (0.621951, 0.630043), (0.62246, 0.629704), (0.622835, 0.629452), (0.005, 0.61092496), (0.008113, 0.611532), (0.008005, 0.61092496), (0.005161, 0.612169), (0.008131, 0.612169), (0.620019, 0.626431), (0.619428, 0.62667596), (0.620586, 0.626198), (0.621004, 0.626024), (0.011508, 0.611532), (0.011433, 0.61092496), (0.01152, 0.612169), (0.618833, 0.622512), (0.618203, 0.62263703), (0.619428, 0.622393), (0.619875, 0.62230396), (0.015191, 0.611532), (0.015153, 0.61092496), (0.015197, 0.612169), (0.618429, 0.618436), (0.61779, 0.618436), (0.619039, 0.618436), (0.619496, 0.618436), (0.019021, 0.61092496), (0.019021, 0.611532), (0.019021, 0.612169), (0.618833, 0.61436), (0.618203, 0.61423504), (0.619428, 0.614479), (0.619875, 0.614568), (0.022852, 0.611532), (0.02289, 0.61092496), (0.022845, 0.612169), (0.620019, 0.61044097), (0.619428, 0.610196), (0.620586, 0.610674), (0.621004, 0.610848), (0.02661, 0.61092496), (0.026534, 0.611532), (0.026522, 0.612169), (0.621951, 0.606829), (0.621418, 0.60647297), (0.62246, 0.60716796), (0.622835, 0.60741997), (0.029929, 0.611532), (0.030038, 0.61092496), (0.029911, 0.612169), (0.624099, 0.603211), (0.62455, 0.60366297), (0.624983, 0.604095), (0.6253, 0.604415), (0.033042, 0.61092496), (0.032904, 0.611532), (0.032881, 0.612169), (0.627716, 0.60106504), (0.627361, 0.600533), (0.628053, 0.60157204), (0.628307, 0.601949), (0.308755, 0.509048), (0.309362, 0.51216197), (0.308755, 0.512053), (0.309362, 0.509187), (0.309999, 0.51218), (0.63133, 0.59913397), (0.631085, 0.598543), (0.63156, 0.599698), (0.631733, 0.600116), (0.308755, 0.515481), (0.309362, 0.515556), (0.309999, 0.515568), (0.63512, 0.597318), (0.635245, 0.597945), (0.635365, 0.598544), (0.635452, 0.598988), (0.308755, 0.51920104), (0.309362, 0.519239), (0.309999, 0.519246), (0.639324, 0.59690404), (0.639324, 0.597544), (0.639324, 0.598154), (0.639324, 0.598607), (0.308755, 0.52307), (0.309362, 0.52307), (0.309999, 0.52307), (0.643524, 0.597318), (0.643399, 0.597945), (0.643279, 0.598544), (0.643192, 0.598988), (0.308755, 0.52693796), (0.309362, 0.5269), (0.309999, 0.526894), (0.647564, 0.598543), (0.647319, 0.59913397), (0.647084, 0.599698), (0.646911, 0.600116), (0.309362, 0.530583), (0.308755, 0.530658), (0.309999, 0.530571), (0.650928, 0.60106504), (0.651283, 0.600533), (0.650591, 0.60157204), (0.650337, 0.601949), (0.309362, 0.53397703), (0.308755, 0.534086), (0.309999, 0.53396), (0.654094, 0.60366297), (0.65455, 0.603211), (0.653666, 0.604095), (0.653345, 0.604415), (0.309362, 0.536952), (0.308755, 0.537091), (0.309999, 0.53692997), (0.656693, 0.606829), (0.657227, 0.60647404), (0.656189, 0.60716796), (0.655809, 0.60741997), (0.473467, 0.93938303), (0.476581, 0.938776), (0.476472, 0.93938303), (0.473606, 0.938776), (0.476598, 0.938139), (0.659216, 0.610196), (0.658625, 0.61044097), (0.658063, 0.610674), (0.657645, 0.610848), (0.4799, 0.93938303), (0.479975, 0.938776), (0.479987, 0.938139), (0.660441, 0.61423504), (0.483664, 0.938139), (0.543985, 0.82366), (0.005138, 0.611532), (0.309999, 0.50920904), (0.473628, 0.938139), (0.896675, 0.07897502), (0.888716, 0.079456985), (0.888723, 0.07897502), (0.573052, 0.877231), (0.573784, 0.869272), (0.573393, 0.877265), (0.573873, 0.877312), (0.880834, 0.079456985), (0.880846, 0.07897502), (0.572218, 0.885181), (0.571882, 0.885114), (0.572691, 0.885275), (0.873122, 0.07897502), (0.873103, 0.079456985), (0.569945, 0.892844), (0.570275, 0.892944), (0.570736, 0.893084), (0.865625, 0.07897502), (0.865601, 0.079456985), (0.567579, 0.900479), (0.56726, 0.900347), (0.568024, 0.900663), (0.858396, 0.079456985), (0.858425, 0.07897502), (0.563853, 0.907551), (0.564156, 0.907713), (0.564581, 0.90794003), (0.851595, 0.07897502), (0.851561, 0.079456985), (0.559757, 0.914386), (0.560043, 0.914577), (0.560444, 0.914845), (0.8452, 0.07897502), (0.845161, 0.079456985), (0.555274, 0.921005), (0.55501, 0.920787), (0.555647, 0.92131), (0.8393, 0.07897502), (0.839257, 0.079456985), (0.549658, 0.926691), (0.5499, 0.926934), (0.550241, 0.927275), (0.927815, 0.197582), (0.928298, 0.20352602), (0.928298, 0.19762099), (0.543971, 0.932308), (0.543753, 0.932043), (0.544276, 0.932681), (0.927815, 0.19118702), (0.928298, 0.191221), (0.537543, 0.937075), (0.537353, 0.93679), (0.537812, 0.937476), (0.928298, 0.184385), (0.927815, 0.18435699), (0.530518, 0.940887), (0.530679, 0.94119), (0.530908, 0.941615), (0.928298, 0.17718202), (0.927815, 0.177158), (0.523446, 0.944611), (0.523314, 0.944294), (0.523631, 0.945056), (0.928298, 0.16967899), (0.927815, 0.16966099), (0.51591, 0.947307), (0.515811, 0.946978), (0.516051, 0.947768), (0.927815, 0.161937), (0.928298, 0.16194898), (0.508148, 0.949252), (0.508081, 0.948915), (0.508242, 0.949724), (0.928298, 0.15406603), (0.927815, 0.15406), (0.500232, 0.950426), (0.500199, 0.950084), (0.50028, 0.950905), (0.928298, 0.14610702), (0.927815, 0.14610702), (0.49224, 0.950818), (0.49224, 0.950475), (0.49224, 0.9513), (0.928298, 0.13814801), (0.927815, 0.13815397), (0.484247, 0.950426), (0.484281, 0.950084), (0.484199, 0.950905), (0.928298, 0.130265), (0.927815, 0.13027698), (0.476329, 0.949252), (0.476396, 0.948915), (0.476235, 0.949724), (0.928298, 0.12253499), (0.927815, 0.12255299), (0.468567, 0.947307), (0.468668, 0.946978), (0.468428, 0.947768), (0.928298, 0.11503202), (0.927815, 0.115055025), (0.461163, 0.944294), (0.461033, 0.944611), (0.460848, 0.945056), (0.928298, 0.10782802), (0.927815, 0.10785699), (0.453797, 0.94119), (0.453961, 0.940887), (0.453572, 0.941615), (0.928298, 0.10099298), (0.927815, 0.10102701), (0.446934, 0.937075), (0.447126, 0.93679), (0.446667, 0.937476), (0.927815, 0.094631016), (0.928298, 0.094591975), (0.440505, 0.932308), (0.440724, 0.932043), (0.4402, 0.932681), (0.928298, 0.088688016), (0.927815, 0.08873099), (0.434576, 0.926934), (0.434819, 0.926691), (0.434235, 0.927275), (0.447598, 0.052932024), (0.453541, 0.052451015), (0.447636, 0.052451015), (0.429202, 0.921005), (0.429469, 0.920787), (0.42883, 0.92131), (0.441201, 0.052932024), (0.441237, 0.052451015), (0.424436, 0.914577), (0.424722, 0.914386), (0.424035, 0.914845), (0.434371, 0.052932024), (0.434399, 0.052451015), (0.420321, 0.907713), (0.420624, 0.907551), (0.419896, 0.90794003), (0.427173, 0.052932024), (0.427197, 0.052451015), (0.4169, 0.900478), (0.417217, 0.900347), (0.416456, 0.900663), (0.419676, 0.052932024), (0.419692, 0.052451015), (0.414205, 0.892944), (0.414534, 0.892844), (0.413743, 0.893084), (0.411952, 0.052932024), (0.411964, 0.052451015), (0.412259, 0.885181), (0.412597, 0.885114), (0.411788, 0.885275), (0.404082, 0.052451015), (0.404075, 0.052932024), (0.411428, 0.877231), (0.411086, 0.877265), (0.410606, 0.877312), (0.396121, 0.052451015), (0.396121, 0.052932024), (0.410692, 0.869272), (0.411036, 0.869272), (0.41021, 0.869272), (0.388169, 0.052932024), (0.388162, 0.052451015), (0.411428, 0.861313), (0.411086, 0.861279), (0.410606, 0.861232), (0.380292, 0.052932024), (0.38028, 0.052451015), (0.412259, 0.85336304), (0.412597, 0.85343003), (0.411788, 0.853269), (0.372549, 0.052451015), (0.372568, 0.052932024), (0.414205, 0.8456), (0.414534, 0.8457), (0.413743, 0.84546), (0.365071, 0.052932024), (0.365047, 0.052451015), (0.4169, 0.838066), (0.417217, 0.838197), (0.416456, 0.83788097), (0.357871, 0.052932024), (0.357842, 0.052451015), (0.420321, 0.830831), (0.420624, 0.830993), (0.419896, 0.830604), (0.351007, 0.052451015), (0.351041, 0.052932024), (0.424436, 0.823967), (0.424722, 0.824158), (0.424035, 0.8237), (0.344608, 0.052451015), (0.344646, 0.052932024), (0.429469, 0.81775796), (0.429202, 0.81754), (0.42883, 0.817234), (0.338703, 0.052451015), (0.338746, 0.052932024), (0.434576, 0.81161), (0.434819, 0.811853), (0.434235, 0.811269), (0.882519, 0.327551), (0.882039, 0.32169002), (0.882519, 0.32165098), (0.440724, 0.80650103), (0.440508, 0.806236), (0.4402, 0.805863), (0.882039, 0.31528997), (0.882519, 0.315256), (0.446934, 0.80146897), (0.447126, 0.801754), (0.446667, 0.801068), (0.882039, 0.308455), (0.882519, 0.30842602), (0.453961, 0.79765797), (0.453797, 0.797355), (0.453572, 0.79693), (0.882039, 0.301251), (0.882519, 0.30122697), (0.461033, 0.79393303), (0.461163, 0.79425097), (0.460848, 0.793488), (0.882519, 0.29373002), (0.882039, 0.29374802), (0.468567, 0.791237), (0.468668, 0.791566), (0.468428, 0.790776), (0.882039, 0.286018), (0.882519, 0.28600597), (0.476329, 0.789293), (0.476396, 0.78963), (0.476235, 0.78882), (0.882039, 0.278135), (0.882519, 0.27812898), (0.484247, 0.788118), (0.484281, 0.78846), (0.484199, 0.787639), (0.882039, 0.270176), (0.882519, 0.270176), (0.49224, 0.788069), (0.49224, 0.787726), (0.49224, 0.787244), (0.882039, 0.262217), (0.882519, 0.262223), (0.500232, 0.788118), (0.500199, 0.78846), (0.50028, 0.787639), (0.882519, 0.254346), (0.882039, 0.25433397), (0.508148, 0.789293), (0.508081, 0.78963), (0.508242, 0.78882), (0.882039, 0.24660403), (0.882519, 0.24662203), (0.51591, 0.791237), (0.515811, 0.791566), (0.516051, 0.790776), (0.882039, 0.239101), (0.882519, 0.239124), (0.523314, 0.79425097), (0.523446, 0.79393303), (0.523631, 0.793488), (0.882519, 0.23192602), (0.882039, 0.231897), (0.530679, 0.797355), (0.530518, 0.79765797), (0.530908, 0.79693), (0.882039, 0.22506201), (0.882519, 0.22509599), (0.537543, 0.80146897), (0.537353, 0.801754), (0.537812, 0.801068), (0.882039, 0.21866101), (0.882519, 0.21869999), (0.543753, 0.80650103), (0.543971, 0.806236), (0.544276, 0.805863), (0.882039, 0.21275699), (0.882519, 0.21280003), (0.549658, 0.811853), (0.5499, 0.81161), (0.550241, 0.811269), (0.948152, 0.07897502), (0.954095, 0.079456985), (0.94819, 0.079456985), (0.555274, 0.81754), (0.55501, 0.81775796), (0.555647, 0.817234), (0.941791, 0.079456985), (0.941754, 0.07897502), (0.559757, 0.824158), (0.560043, 0.823967), (0.560444, 0.823699), (0.934953, 0.079456985), (0.934925, 0.07897502), (0.563853, 0.830993), (0.564156, 0.830831), (0.564581, 0.830604), (0.927751, 0.079456985), (0.927727, 0.07897502), (0.567579, 0.838065), (0.56726, 0.838197), (0.568024, 0.83788097), (0.920249, 0.079456985), (0.92023, 0.07897502), (0.570275, 0.8456), (0.569945, 0.8457), (0.570736, 0.84546), (0.912506, 0.07897502), (0.912518, 0.079456985), (0.571882, 0.85343003), (0.572218, 0.85336304), (0.572691, 0.853269), (0.904629, 0.07897502), (0.904636, 0.079456985), (0.573393, 0.861279), (0.573052, 0.861313), (0.573873, 0.861232), (0.896675, 0.079456985), (0.573441, 0.869272), (0.574267, 0.869272), (0.927815, 0.20348299), (0.453498, 0.052932024), (0.882039, 0.327595), (0.954052, 0.07897502), (0.009113, 0.69038296), (0.007157, 0.698676), (0.00783, 0.690179), (0.005918, 0.698628), (0.0066, 0.68998504), (0.005, 0.698592), (0.005687, 0.68984103), (0.365491, 0.30406398), (0.374226, 0.30282497), (0.365429, 0.30282497), (0.374226, 0.301526), (0.365419, 0.301526), (0.009795, 0.681992), (0.011035, 0.682395), (0.008613, 0.68160796), (0.007734, 0.681323), (0.356973, 0.30406398), (0.356853, 0.30282497), (0.356833, 0.301526), (0.013014, 0.674213), (0.014177, 0.674805), (0.011909, 0.673649), (0.011088, 0.67323), (0.348699, 0.30282497), (0.348882, 0.30406398), (0.34867, 0.301526), (0.018467, 0.6678), (0.017415, 0.66703403), (0.016411, 0.66630304), (0.015662, 0.665761), (0.34118, 0.30282497), (0.341415, 0.30406398), (0.341141, 0.301526), (0.023805, 0.661553), (0.022883, 0.660631), (0.022004, 0.659752), (0.02135, 0.6591), (0.334751, 0.30406398), (0.334472, 0.30282497), (0.334424, 0.301526), (0.029288, 0.655163), (0.030052, 0.656217), (0.028557, 0.65415704), (0.028014, 0.65341103), (0.810656, 0.988936), (0.809416, 0.982509), (0.810656, 0.982275), (0.808119, 0.989264), (0.808119, 0.982547), (0.036466, 0.650764), (0.037057, 0.65192497), (0.035899, 0.649656), (0.035481, 0.648834), (0.810656, 0.974806), (0.809416, 0.97498703), (0.808119, 0.975016), (0.044648, 0.648781), (0.044244, 0.647541), (0.04386, 0.64635897), (0.043577, 0.645482), (0.810656, 0.966713), (0.809416, 0.966836), (0.808119, 0.966856), (0.052633, 0.646863), (0.052432, 0.645576), (0.052235, 0.644348), (0.05209, 0.643437), (0.810656, 0.958195), (0.809416, 0.958258), (0.808119, 0.958268), (0.060926, 0.644907), (0.060979, 0.646206), (0.060878, 0.643668), (0.060845, 0.642748), (0.809416, 0.94946), (0.810656, 0.949444), (0.808119, 0.949463), (0.353136, 0.69038296), (0.355092, 0.698676), (0.353794, 0.69872797), (0.354424, 0.690179), (0.356331, 0.698628), (0.355654, 0.68998504), (0.357254, 0.698592), (0.294135, 0.28774297), (0.2854, 0.28898197), (0.285386, 0.28774297), (0.294197, 0.28898197), (0.2854, 0.290282), (0.352459, 0.681992), (0.353641, 0.68160796), (0.356562, 0.68984103), (0.302774, 0.28898197), (0.294207, 0.290282), (0.351219, 0.682395), (0.349235, 0.674213), (0.350345, 0.673649), (0.35452, 0.681323), (0.302654, 0.28774297), (0.310927, 0.28898197), (0.310956, 0.290282), (0.302798, 0.290282), (0.343782, 0.6678), (0.348077, 0.674805), (0.344839, 0.66703403), (0.345843, 0.66630304), (0.351166, 0.67323), (0.310745, 0.28774297), (0.318451, 0.28898197), (0.318485, 0.290282), (0.338448, 0.661553), (0.339371, 0.660631), (0.340245, 0.659752), (0.346588, 0.665761), (0.324875, 0.28774297), (0.318216, 0.28774297), (0.325202, 0.290282), (0.332966, 0.655163), (0.33424, 0.65341103), (0.340899, 0.6591), (0.810656, 0.669388), (0.809416, 0.675815), (0.809416, 0.669106), (0.808119, 0.66906), (0.332202, 0.656217), (0.325788, 0.650764), (0.32635, 0.649656), (0.333697, 0.65415704), (0.326768, 0.648834), (0.810656, 0.683518), (0.810656, 0.676049), (0.809416, 0.683337), (0.808119, 0.675776), (0.317606, 0.648781), (0.325197, 0.65192497), (0.318394, 0.64635897), (0.810656, 0.691611), (0.809416, 0.691488), (0.808119, 0.683307), (0.309616, 0.646863), (0.318009, 0.647541), (0.309822, 0.645576), (0.310014, 0.644348), (0.318677, 0.645482), (0.809416, 0.700066), (0.808119, 0.691468), (0.301323, 0.644907), (0.301371, 0.643668), (0.301409, 0.642748), (0.310159, 0.643437), (0.810656, 0.70012903), (0.809416, 0.708864), (0.808119, 0.708861), (0.808119, 0.70005596), (0.309616, 0.990885), (0.301323, 0.992841), (0.301275, 0.991542), (0.309822, 0.992172), (0.301371, 0.99408), (0.310014, 0.9934), (0.301409, 0.995), (0.627484, 0.963932), (0.628723, 0.955196), (0.627484, 0.955181), (0.628723, 0.963994), (0.630021, 0.955199), (0.318009, 0.990207), (0.318394, 0.991389), (0.310159, 0.994311), (0.628723, 0.972573), (0.630021, 0.964004), (0.317606, 0.988967), (0.325788, 0.986985), (0.32635, 0.988092), (0.318677, 0.992266), (0.627484, 0.972449), (0.628723, 0.980723), (0.630021, 0.980753), (0.630021, 0.972593), (0.332202, 0.981531), (0.325197, 0.985823), (0.332966, 0.982585), (0.333697, 0.983591), (0.326768, 0.988914), (0.627484, 0.980542), (0.628723, 0.988246), (0.630021, 0.988284), (0.338448, 0.976195), (0.339371, 0.977117), (0.340245, 0.977996), (0.33424, 0.984337), (0.627484, 0.994672), (0.627484, 0.988011), (0.630021, 0.995), (0.344839, 0.970714), (0.346588, 0.971987), (0.340899, 0.978648), (0.005327, 0.28774297), (0.011755, 0.28898197), (0.005048, 0.28898197), (0.005, 0.290282), (0.343782, 0.969948), (0.349235, 0.963535), (0.350345, 0.964099), (0.345843, 0.971445), (0.351166, 0.964518), (0.019457, 0.28774297), (0.011991, 0.28774297), (0.019275, 0.28898197), (0.011717, 0.290282), (0.351219, 0.955353), (0.348077, 0.962943), (0.353641, 0.95614), (0.027548, 0.28774297), (0.027428, 0.28898197), (0.019246, 0.290282), (0.353136, 0.947365), (0.352459, 0.955756), (0.354424, 0.947569), (0.355654, 0.947763), (0.35452, 0.956425), (0.036004, 0.28898197), (0.027409, 0.290282), (0.355092, 0.939072), (0.356331, 0.93912), (0.357254, 0.939157), (0.356562, 0.947907), (0.036067, 0.28774297), (0.044802, 0.28898197), (0.044802, 0.290282), (0.035995, 0.290282), (0.009113, 0.947365), (0.007157, 0.939072), (0.008459, 0.939021), (0.00783, 0.947569), (0.005918, 0.93912), (0.0066, 0.947763), (0.005, 0.939157), (0.623559, 0.30406398), (0.614825, 0.30282497), (0.61481, 0.30406398), (0.623622, 0.30282497), (0.614825, 0.301526), (0.009795, 0.955756), (0.008613, 0.95614), (0.005687, 0.947907), (0.632198, 0.30282497), (0.623631, 0.301526), (0.011035, 0.955353), (0.013014, 0.963535), (0.011909, 0.964099), (0.007734, 0.956425), (0.632078, 0.30406398), (0.640352, 0.30282497), (0.640381, 0.301526), (0.632222, 0.301526), (0.018467, 0.969948), (0.014177, 0.962943), (0.017415, 0.970714), (0.016411, 0.971445), (0.011088, 0.964518), (0.640169, 0.30406398), (0.647876, 0.30282497), (0.647909, 0.301526), (0.023805, 0.976195), (0.022883, 0.977117), (0.022004, 0.977996), (0.015662, 0.971987), (0.6543, 0.30406398), (0.64764, 0.30406398), (0.654626, 0.301526), (0.029288, 0.982585), (0.028014, 0.984337), (0.02135, 0.978648), (0.627484, 0.675124), (0.628723, 0.681551), (0.628723, 0.674842), (0.630021, 0.674796), (0.030052, 0.981531), (0.036466, 0.986985), (0.035899, 0.988092), (0.028557, 0.983591), (0.035481, 0.988914), (0.627484, 0.689254), (0.627484, 0.681785), (0.628723, 0.68907297), (0.630021, 0.681513), (0.044648, 0.988967), (0.037057, 0.985823), (0.04386, 0.991389), (0.627484, 0.697347), (0.628723, 0.697224), (0.630021, 0.689044), (0.052633, 0.990885), (0.044244, 0.990207), (0.052432, 0.992172), (0.052235, 0.9934), (0.043577, 0.992266), (0.628723, 0.70580304), (0.630021, 0.697204), (0.060926, 0.992841), (0.060878, 0.99408), (0.060845, 0.995), (0.05209, 0.994311), (0.627484, 0.705865), (0.628723, 0.71459997), (0.630021, 0.714598), (0.630021, 0.705792), (0.810656, 0.70888), (0.044821, 0.28774297), (0.627484, 0.714616), (0.374245, 0.30406398), (0.008459, 0.69872797), (0.809416, 0.989218), (0.325159, 0.28898197), (0.301275, 0.646206), (0.628723, 0.994954), (0.353794, 0.939021), (0.654583, 0.30282497), (0.060979, 0.991542), (0.687592, 0.609439), (0.688226, 0.36896402), (0.687592, 0.368989), (0.688226, 0.609464), (0.688837, 0.36894), (0.688837, 0.609488), (0.689288, 0.368922), (0.285395, 0.19077802), (0.044802, 0.19138598), (0.2854, 0.19138598), (0.2854, 0.19202203), (0.686915, 0.36040998), (0.687549, 0.36031002), (0.68815, 0.360214), (0.688596, 0.36014402), (0.294173, 0.19077802), (0.294202, 0.19138598), (0.294207, 0.19202203), (0.821249, 0.955199), (0.82061, 0.964001), (0.82061, 0.955194), (0.820005, 0.963981), (0.820005, 0.955164), (0.633189, 0.665576), (0.641962, 0.664429), (0.633122, 0.665125), (0.6419, 0.66381896), (0.633026, 0.664518), (0.641837, 0.66318), (0.632929, 0.663881), (0.821249, 0.705792), (0.82061, 0.714599), (0.82061, 0.705795), (0.820005, 0.714607), (0.820005, 0.70581496), (0.383841, 0.664884), (0.392653, 0.665125), (0.383885, 0.664435), (0.392677, 0.664518), (0.383947, 0.663831), (0.392701, 0.663881), (0.38401, 0.66319704), (0.821249, 0.714598), (0.392634, 0.665576), (0.310956, 0.19202203), (0.302788, 0.19138598), (0.302798, 0.19202203), (0.310855, 0.19077802), (0.302726, 0.19077802), (0.683177, 0.343463), (0.686112, 0.35173), (0.68654, 0.35158998), (0.682773, 0.34366798), (0.685531, 0.35191798), (0.68223, 0.343944), (0.684926, 0.35211498), (0.318485, 0.19202203), (0.310942, 0.19138598), (0.318355, 0.19077802), (0.678579, 0.335962), (0.677719, 0.336586), (0.677204, 0.33696097), (0.681663, 0.344234), (0.325202, 0.19202203), (0.318471, 0.19138598), (0.325043, 0.19077802), (0.672866, 0.329273), (0.678213, 0.336228), (0.672116, 0.330023), (0.671665, 0.33047497), (0.968412, 0.34780997), (0.969047, 0.341116), (0.968412, 0.34109402), (0.969657, 0.34794402), (0.969657, 0.341254), (0.666178, 0.32356), (0.672549, 0.329593), (0.665913, 0.32392597), (0.665553, 0.324418), (0.969047, 0.35535598), (0.969047, 0.34782898), (0.658678, 0.318963), (0.658471, 0.31936598), (0.658192, 0.31990898), (0.665178, 0.32493502), (0.968412, 0.35534102), (0.969047, 0.36351103), (0.969657, 0.355444), (0.650409, 0.316027), (0.650221, 0.316606), (0.650025, 0.317214), (0.657904, 0.32047802), (0.968412, 0.37208998), (0.968412, 0.363501), (0.969047, 0.372095), (0.969657, 0.363571), (0.650548, 0.315597), (0.641924, 0.31399), (0.641732, 0.31522298), (0.968412, 0.38089502), (0.969047, 0.38089597), (0.969657, 0.37212503), (0.633218, 0.31285298), (0.641996, 0.31354302), (0.633199, 0.313303), (0.641828, 0.314592), (0.633175, 0.31391102), (0.63582, 0.20656002), (0.627224, 0.20719701), (0.627229, 0.20656002), (0.63581, 0.20719701), (0.627195, 0.20780402), (0.339307, 0.62683797), (0.337702, 0.618214), (0.337255, 0.618284), (0.339739, 0.626699), (0.338303, 0.618118), (0.340316, 0.62651), (0.338932, 0.618019), (0.643978, 0.20656002), (0.643872, 0.20780402), (0.635748, 0.20780402), (0.342675, 0.634965), (0.343079, 0.63476), (0.343622, 0.634484), (0.340926, 0.626313), (0.651507, 0.20656002), (0.643964, 0.20719701), (0.651377, 0.20780402), (0.347273, 0.642466), (0.348128, 0.641842), (0.348647, 0.641467), (0.344188, 0.634194), (0.658224, 0.20656002), (0.651488, 0.20719701), (0.658065, 0.20780402), (0.352986, 0.649155), (0.347638, 0.6422), (0.353735, 0.64840496), (0.354187, 0.64795303), (0.821249, 0.681513), (0.82061, 0.674819), (0.821249, 0.674796), (0.820005, 0.681646), (0.820005, 0.67495704), (0.359674, 0.654868), (0.353303, 0.648836), (0.359938, 0.654503), (0.360299, 0.65401), (0.82061, 0.689058), (0.82061, 0.681531), (0.367174, 0.65946496), (0.367381, 0.659062), (0.367654, 0.658519), (0.360673, 0.653493), (0.821249, 0.697204), (0.821249, 0.689044), (0.82061, 0.69721496), (0.820005, 0.689147), (0.375313, 0.66283596), (0.375476, 0.662416), (0.375697, 0.66185), (0.367948, 0.65795004), (0.820005, 0.697286), (0.375928, 0.661257), (0.821249, 0.972593), (0.821249, 0.964004), (0.82061, 0.972583), (0.650548, 0.662831), (0.64201, 0.664882), (0.650409, 0.66240096), (0.650221, 0.66182196), (0.821249, 0.980753), (0.820005, 0.98065), (0.820005, 0.972522), (0.658678, 0.65946496), (0.658471, 0.659062), (0.658192, 0.658519), (0.650025, 0.661214), (0.821249, 0.988284), (0.82061, 0.980738), (0.820005, 0.98815), (0.666178, 0.654868), (0.665553, 0.65401), (0.665178, 0.653493), (0.657904, 0.65795004), (0.821249, 0.995), (0.82061, 0.988265), (0.820005, 0.994839), (0.672866, 0.649155), (0.665913, 0.654503), (0.672116, 0.64840496), (0.671665, 0.64795303), (0.011717, 0.19202203), (0.005024, 0.19138598), (0.005, 0.19202203), (0.011851, 0.19077802), (0.005159, 0.19077802), (0.678579, 0.642466), (0.672549, 0.648836), (0.678213, 0.6422), (0.677719, 0.641842), (0.01926, 0.19138598), (0.011736, 0.19138598), (0.683177, 0.634965), (0.682773, 0.63476), (0.68223, 0.634484), (0.677204, 0.641467), (0.019246, 0.19202203), (0.027419, 0.19138598), (0.019352, 0.19077802), (0.686112, 0.626699), (0.685531, 0.62651), (0.684926, 0.626313), (0.681663, 0.634194), (0.035995, 0.19202203), (0.027409, 0.19202203), (0.036, 0.19138598), (0.027476, 0.19077802), (0.68654, 0.62683797), (0.68815, 0.618214), (0.686915, 0.618019), (0.687549, 0.618118), (0.689288, 0.609506), (0.036033, 0.19077802), (0.044811, 0.19077802), (0.044802, 0.19202203), (0.633151, 0.314547), (0.392677, 0.31391102), (0.392701, 0.314547), (0.392653, 0.313303), (0.392634, 0.31285298), (0.969657, 0.621487), (0.969047, 0.621495), (0.968412, 0.62149596), (0.38412, 0.31522298), (0.384019, 0.314592), (0.383923, 0.31399), (0.383856, 0.31354302), (0.969657, 0.630266), (0.969047, 0.630296), (0.968412, 0.630301), (0.37563, 0.316606), (0.375827, 0.317214), (0.375443, 0.316027), (0.375299, 0.315597), (0.969047, 0.63888), (0.969657, 0.63882), (0.968412, 0.63889), (0.367654, 0.31990898), (0.367948, 0.32047802), (0.367381, 0.31936598), (0.367174, 0.318963), (0.969047, 0.64703596), (0.969657, 0.646947), (0.968412, 0.64705), (0.360673, 0.32493502), (0.360299, 0.324418), (0.359938, 0.32392597), (0.359674, 0.32356), (0.969657, 0.65444803), (0.969047, 0.654562), (0.968412, 0.654581), (0.354187, 0.33047497), (0.353735, 0.330023), (0.353303, 0.329593), (0.352986, 0.329273), (0.969657, 0.661137), (0.969047, 0.661275), (0.968412, 0.66129696), (0.348128, 0.336586), (0.348647, 0.33696097), (0.347638, 0.336228), (0.347273, 0.335962), (0.344873, 0.20780402), (0.338046, 0.20719701), (0.344758, 0.20719701), (0.344739, 0.20656002), (0.344188, 0.344234), (0.343622, 0.343944), (0.343079, 0.34366798), (0.342675, 0.343463), (0.352282, 0.20719701), (0.352374, 0.20780402), (0.352268, 0.20656002), (0.340926, 0.35211498), (0.340316, 0.35191798), (0.339739, 0.35173), (0.339307, 0.35158998), (0.360498, 0.20780402), (0.360441, 0.20719701), (0.360431, 0.20656002), (0.338932, 0.36040998), (0.338303, 0.36031002), (0.337702, 0.360214), (0.337255, 0.36014402), (0.369022, 0.20719701), (0.369055, 0.20780402), (0.369017, 0.20656002), (0.337621, 0.36896402), (0.33826, 0.368989), (0.337015, 0.36894), (0.336563, 0.368922), (0.377824, 0.20719701), (0.377833, 0.20780402), (0.377824, 0.20656002), (0.337621, 0.609464), (0.33826, 0.609439), (0.337015, 0.609488), (0.336563, 0.609506), (0.618417, 0.20780402), (0.618422, 0.20719701), (0.618422, 0.20656002), (0.325183, 0.19138598), (0.969657, 0.38090402), (0.658205, 0.20719701), (0.82061, 0.994978), (0.688596, 0.618284), (0.338181, 0.20780402), (0.338022, 0.20656002), (0.554601, 0.701649), (0.547033, 0.701941), (0.547009, 0.701649), (0.005, 0.10492098), (0.005687, 0.09738302), (0.00537, 0.09735203), (0.005317, 0.10492098), (0.006095, 0.09742397), (0.005726, 0.10492098), (0.006504, 0.097464025), (0.006139, 0.10492098), (0.006879, 0.09750098), (0.539538, 0.701941), (0.53949, 0.701649), (0.006485, 0.08985698), (0.006797, 0.08991897), (0.007196, 0.08999902), (0.007599, 0.09007901), (0.007969, 0.090152025), (0.532187, 0.701941), (0.53212, 0.701649), (0.008628, 0.082598984), (0.008325, 0.082507014), (0.009022, 0.082718015), (0.009415, 0.082838), (0.009771, 0.082946), (0.525052, 0.701941), (0.524961, 0.701649), (0.011169, 0.07549399), (0.010876, 0.07537198), (0.011549, 0.07565099), (0.011928, 0.07580799), (0.012274, 0.07595199), (0.5182, 0.701941), (0.51809, 0.701649), (0.014398, 0.068672), (0.014119, 0.06852198), (0.014758, 0.068865), (0.015123, 0.06906003), (0.01545, 0.06923598), (0.51157, 0.701649), (0.511705, 0.701941), (0.018275, 0.062198997), (0.018011, 0.062022984), (0.018616, 0.062426984), (0.018962, 0.062655985), (0.01927, 0.062864006), (0.505617, 0.701941), (0.505468, 0.701649), (0.022772, 0.05613798), (0.022527, 0.055936992), (0.02309, 0.056397974), (0.023407, 0.056659997), (0.023695, 0.056896985), (0.022345, 0.05578798), (0.027616, 0.050321996), (0.027452, 0.05015701), (0.027841, 0.05054599), (0.02813, 0.050836027), (0.028423, 0.05112797), (0.028687, 0.051392972), (0.033083, 0.045053005), (0.033232, 0.045234025), (0.033429, 0.045479), (0.033693, 0.045795977), (0.033953, 0.04611498), (0.034188, 0.046404004), (0.298331, 0.486288), (0.298619, 0.49224502), (0.298619, 0.486158), (0.039493, 0.04098302), (0.039315, 0.040719986), (0.039718, 0.04132402), (0.039949, 0.041666985), (0.040156, 0.041978), (0.298619, 0.47965902), (0.298331, 0.479769), (0.045816, 0.036823988), (0.045965, 0.03710401), (0.046157, 0.037464976), (0.046354, 0.037828982), (0.046532, 0.038159013), (0.298619, 0.47280902), (0.298331, 0.47289902), (0.052787, 0.033877015), (0.052667, 0.033584), (0.052946, 0.03425598), (0.053099, 0.034636974), (0.053244, 0.03498298), (0.298331, 0.465743), (0.298619, 0.465675), (0.059893, 0.031334996), (0.059802, 0.031032026), (0.060013, 0.03172803), (0.060129, 0.032122016), (0.060239, 0.03248), (0.298331, 0.45836997), (0.298619, 0.45832402), (0.067211, 0.02950102), (0.067148, 0.029190004), (0.067292, 0.029904008), (0.067374, 0.030308008), (0.067446, 0.030674994), (0.298331, 0.45085198), (0.298619, 0.45082903), (0.074677, 0.028393984), (0.074644, 0.028078973), (0.074716, 0.028801978), (0.074759, 0.029213011), (0.074793, 0.029585004), (0.298619, 0.44326103), (0.298331, 0.44326103), (0.082216, 0.028024018), (0.082216, 0.02770698), (0.082216, 0.028433979), (0.082216, 0.02884698), (0.082216, 0.029220998), (0.298619, 0.435692), (0.298331, 0.435669), (0.089783, 0.028078973), (0.089749, 0.028393984), (0.089711, 0.028801978), (0.089673, 0.029213011), (0.089634, 0.029585004), (0.298331, 0.428151), (0.298619, 0.42819703), (0.097216, 0.02950102), (0.097278, 0.029190004), (0.097134, 0.029904008), (0.097057, 0.030308008), (0.09698, 0.030674994), (0.298619, 0.420847), (0.298331, 0.420779), (0.104629, 0.031032026), (0.104538, 0.031334996), (0.104418, 0.03172803), (0.104298, 0.032122016), (0.104187, 0.03248), (0.298331, 0.41362298), (0.298619, 0.41371202), (0.111764, 0.033584), (0.111639, 0.033877015), (0.111486, 0.03425598), (0.111327, 0.034636974), (0.111183, 0.03498298), (0.298331, 0.406752), (0.298619, 0.40686202), (0.118462, 0.03710401), (0.118611, 0.036823988), (0.11827, 0.03746599), (0.118073, 0.037828982), (0.1179, 0.038159013), (0.298331, 0.40023297), (0.298619, 0.40036303), (0.124934, 0.04098302), (0.125112, 0.040719986), (0.124708, 0.04132402), (0.124478, 0.041666985), (0.124271, 0.041978), (0.298331, 0.39412802), (0.298619, 0.39427698), (0.130997, 0.045479), (0.131199, 0.045234025), (0.130738, 0.045795977), (0.130474, 0.04611498), (0.130238, 0.046404004), (0.136979, 0.05015701), (0.136811, 0.050321996), (0.13659, 0.050547004), (0.136297, 0.05083698), (0.136009, 0.05112797), (0.13574, 0.051392972), (0.142082, 0.05578798), (0.141899, 0.055936992), (0.141654, 0.05613798), (0.141337, 0.056397974), (0.14102, 0.056659997), (0.140732, 0.056896985), (0.80481, 0.370107), (0.798574, 0.369815), (0.798704, 0.370107), (0.146151, 0.062198997), (0.146416, 0.062022984), (0.14581, 0.062426984), (0.145469, 0.062655985), (0.145157, 0.062864006), (0.792188, 0.370107), (0.792078, 0.369815), (0.150312, 0.06852198), (0.150029, 0.068672), (0.149668, 0.068865), (0.149303, 0.06906003), (0.148977, 0.06923598), (0.785318, 0.370107), (0.785226, 0.369815), (0.153551, 0.07537198), (0.153257, 0.07549399), (0.152878, 0.07565099), (0.152498, 0.07580799), (0.152152, 0.07595199), (0.778091, 0.369815), (0.778159, 0.370107), (0.155799, 0.082598984), (0.156102, 0.082507014), (0.155405, 0.082718015), (0.155011, 0.082838), (0.154656, 0.082946), (0.770788, 0.370107), (0.77074, 0.369815), (0.157635, 0.08991897), (0.157942, 0.08985698), (0.157231, 0.08999902), (0.156827, 0.09007901), (0.156457, 0.090152025), (0.763245, 0.369815), (0.763269, 0.370107), (0.15874, 0.097383976), (0.159057, 0.09735298), (0.158331, 0.09742397), (0.157923, 0.097464025), (0.157548, 0.09750098), (0.755678, 0.369815), (0.755678, 0.370107), (0.15911, 0.10492098), (0.159427, 0.10492098), (0.158701, 0.10492098), (0.158288, 0.10492098), (0.157913, 0.10492098), (0.748086, 0.370107), (0.74811, 0.369815), (0.15874, 0.11245799), (0.159057, 0.112488985), (0.158331, 0.112417996), (0.157923, 0.11237699), (0.157548, 0.11234099), (0.740615, 0.369815), (0.740567, 0.370107), (0.157635, 0.119922996), (0.157942, 0.119984984), (0.157231, 0.119843006), (0.156827, 0.119762), (0.156457, 0.11968899), (0.733197, 0.370107), (0.733264, 0.369815), (0.156102, 0.12733501), (0.155799, 0.12724298), (0.155405, 0.12712401), (0.155011, 0.12700403), (0.154656, 0.12689501), (0.726038, 0.370107), (0.726129, 0.369815), (0.153257, 0.13434798), (0.153551, 0.13446897), (0.152878, 0.13419098), (0.152498, 0.13403302), (0.152152, 0.13388997), (0.719167, 0.370107), (0.719278, 0.369815), (0.150029, 0.14117002), (0.150312, 0.14131898), (0.149668, 0.14097601), (0.149303, 0.140782), (0.148977, 0.14060599), (0.712782, 0.369815), (0.712647, 0.370107), (0.146151, 0.14764202), (0.146416, 0.14781898), (0.14581, 0.14741498), (0.145469, 0.14718503), (0.145157, 0.146977), (0.706694, 0.369815), (0.706545, 0.370107), (0.141899, 0.15390497), (0.141654, 0.15370399), (0.141337, 0.15344298), (0.14102, 0.15318203), (0.140732, 0.15294403), (0.142082, 0.15405297), (0.136811, 0.15951902), (0.136979, 0.15968502), (0.13659, 0.15929502), (0.136297, 0.15900499), (0.136009, 0.15871298), (0.13574, 0.158449), (0.131199, 0.164608), (0.131348, 0.16478902), (0.130997, 0.16436303), (0.130738, 0.16404599), (0.130474, 0.16372699), (0.130238, 0.16343802), (0.841689, 0.46672398), (0.841396, 0.46048898), (0.841689, 0.46061897), (0.124934, 0.16885799), (0.125112, 0.16912198), (0.124708, 0.168517), (0.124478, 0.16817403), (0.124271, 0.16786301), (0.841396, 0.45398998), (0.841689, 0.4541), (0.118462, 0.17273802), (0.118611, 0.17301702), (0.11827, 0.17237598), (0.118073, 0.17201197), (0.1179, 0.171682), (0.841396, 0.44713998), (0.841689, 0.44722903), (0.111639, 0.175964), (0.111764, 0.17625701), (0.111486, 0.17558497), (0.111327, 0.17520398), (0.111183, 0.17485899), (0.841396, 0.440005), (0.841689, 0.440073), (0.104538, 0.17850602), (0.104629, 0.17881), (0.104418, 0.178114), (0.104298, 0.177719), (0.104187, 0.17736101), (0.841689, 0.432701), (0.841396, 0.43265498), (0.097278, 0.18065101), (0.097216, 0.18033999), (0.097134, 0.17993802), (0.097057, 0.179533), (0.09698, 0.17916602), (0.841396, 0.42516), (0.841689, 0.425183), (0.089749, 0.18144703), (0.089783, 0.181763), (0.089711, 0.18103898), (0.089673, 0.18062901), (0.089634, 0.18025601), (0.841689, 0.41759098), (0.841396, 0.41759098), (0.082216, 0.18213499), (0.082216, 0.181817), (0.082216, 0.18140697), (0.082216, 0.18099499), (0.082216, 0.18062103), (0.841396, 0.41002297), (0.841689, 0.41000003), (0.074677, 0.18144703), (0.074644, 0.181763), (0.074716, 0.18103898), (0.074759, 0.18062901), (0.074793, 0.18025601), (0.841396, 0.402528), (0.841689, 0.40248197), (0.067211, 0.18033999), (0.067148, 0.18065101), (0.067292, 0.17993802), (0.067374, 0.179533), (0.067446, 0.17916602), (0.841396, 0.395177), (0.841689, 0.39511), (0.059802, 0.17881), (0.059893, 0.17850602), (0.060013, 0.178114), (0.060129, 0.177719), (0.060239, 0.17736101), (0.841396, 0.388043), (0.841689, 0.38795298), (0.052787, 0.175964), (0.052667, 0.17625701), (0.052946, 0.17558497), (0.053099, 0.17520398), (0.053244, 0.17485899), (0.841396, 0.38119298), (0.841689, 0.381083), (0.045965, 0.17273802), (0.045816, 0.17301702), (0.046157, 0.17237598), (0.046354, 0.17201197), (0.046532, 0.171682), (0.841396, 0.374694), (0.841689, 0.374564), (0.039315, 0.16912198), (0.039493, 0.16885799), (0.039718, 0.168517), (0.039949, 0.16817403), (0.040156, 0.16786301), (0.841396, 0.368608), (0.841689, 0.368459), (0.033429, 0.16436303), (0.033232, 0.164608), (0.033693, 0.16404599), (0.033953, 0.16372699), (0.034188, 0.16343802), (0.033083, 0.16478902), (0.027616, 0.15951902), (0.027452, 0.15968502), (0.027841, 0.15929502), (0.02813, 0.15900499), (0.028423, 0.15871298), (0.028687, 0.158449), (0.609364, 0.701649), (0.603584, 0.701941), (0.603733, 0.701649), (0.022772, 0.15370399), (0.022527, 0.15390497), (0.02309, 0.15344298), (0.023407, 0.15318203), (0.023695, 0.15294403), (0.597626, 0.701649), (0.597497, 0.701941), (0.018275, 0.14764202), (0.018011, 0.14781898), (0.018616, 0.14741498), (0.018962, 0.14718503), (0.01927, 0.14697802), (0.591001, 0.701941), (0.591111, 0.701649), (0.014398, 0.14117002), (0.014119, 0.14131898), (0.014758, 0.14097601), (0.015123, 0.140782), (0.01545, 0.14060599), (0.584241, 0.701649), (0.584149, 0.701941), (0.011169, 0.13434798), (0.010876, 0.13446897), (0.011549, 0.13419098), (0.011928, 0.13403302), (0.012274, 0.13388997), (0.577014, 0.701941), (0.577082, 0.701649), (0.008325, 0.12733501), (0.008628, 0.12724298), (0.009022, 0.12712401), (0.009415, 0.12700403), (0.009776, 0.12689501), (0.569663, 0.701941), (0.569711, 0.701649), (0.006797, 0.119922996), (0.006485, 0.119984984), (0.007196, 0.119843006), (0.007599, 0.119762), (0.007969, 0.11968899), (0.562168, 0.701941), (0.562192, 0.701649), (0.00537, 0.112488985), (0.005687, 0.11245799), (0.006095, 0.112417996), (0.006504, 0.112378), (0.006879, 0.11234099), (0.554601, 0.701941), (0.006513, 0.10492098), (0.298331, 0.49239302), (0.298331, 0.388497), (0.554601, 0.695131), (0.546615, 0.695508), (0.546615, 0.695131), (0.554601, 0.695508), (0.546625, 0.695943), (0.554601, 0.695943), (0.546639, 0.69640696), (0.554601, 0.69640696), (0.546658, 0.696796), (0.554601, 0.696796), (0.546678, 0.697106), (0.538707, 0.695131), (0.538712, 0.695508), (0.538721, 0.695943), (0.538755, 0.69640696), (0.538793, 0.696796), (0.538836, 0.697106), (0.530957, 0.695508), (0.530952, 0.695131), (0.530976, 0.695943), (0.531019, 0.69640696), (0.531077, 0.696796), (0.531144, 0.697106), (0.523428, 0.695508), (0.523428, 0.695131), (0.523457, 0.695943), (0.523514, 0.69640696), (0.523591, 0.696796), (0.523673, 0.697106), (0.516197, 0.695131), (0.516202, 0.695508), (0.516235, 0.695943), (0.516307, 0.69640696), (0.516403, 0.696796), (0.516504, 0.697106), (0.50935, 0.695508), (0.509341, 0.695131), (0.509384, 0.695943), (0.50947, 0.69640696), (0.509586, 0.696796), (0.509706, 0.697106), (0.502926, 0.695508), (0.502922, 0.695131), (0.50297, 0.695943), (0.503066, 0.69640696), (0.503195, 0.696796), (0.503335, 0.697106), (0.497007, 0.695508), (0.496997, 0.695131), (0.49705, 0.695943), (0.497161, 0.69640696), (0.497305, 0.696796), (0.497459, 0.697106), (0.291811, 0.49493998), (0.29219, 0.50085604), (0.29219, 0.494933), (0.292623, 0.494891), (0.293089, 0.500701), (0.293089, 0.494794), (0.293478, 0.494664), (0.293785, 0.500403), (0.293785, 0.49452698), (0.29219, 0.488513), (0.291811, 0.488519), (0.292623, 0.48847598), (0.293089, 0.48839098), (0.293478, 0.48827702), (0.293785, 0.48815697), (0.291811, 0.48166198), (0.29219, 0.48165703), (0.292623, 0.48162597), (0.293089, 0.48155397), (0.293478, 0.481457), (0.293785, 0.481355), (0.29219, 0.47443098), (0.291811, 0.47443497), (0.292623, 0.474406), (0.293089, 0.474347), (0.293478, 0.47426802), (0.293785, 0.474186), (0.29219, 0.466905), (0.291811, 0.46690798), (0.292623, 0.46688598), (0.293089, 0.46684098), (0.293478, 0.46678197), (0.293785, 0.46671897), (0.291811, 0.459153), (0.29219, 0.45915103), (0.292623, 0.45913798), (0.293089, 0.459108), (0.293478, 0.459068), (0.293785, 0.45902598), (0.29219, 0.451244), (0.291811, 0.451245), (0.292623, 0.45123798), (0.293089, 0.45122302), (0.293478, 0.451203), (0.293785, 0.451182), (0.29219, 0.44326103), (0.291811, 0.44326103), (0.292623, 0.44326103), (0.293089, 0.44326103), (0.293478, 0.44326103), (0.293785, 0.44326103), (0.291811, 0.43527597), (0.29219, 0.435277), (0.292623, 0.43528402), (0.293089, 0.43529898), (0.293478, 0.435319), (0.293785, 0.43534), (0.29219, 0.42737), (0.291811, 0.427368), (0.292623, 0.427383), (0.293089, 0.427413), (0.293478, 0.42745298), (0.293785, 0.427495), (0.29219, 0.419617), (0.291811, 0.419613), (0.292623, 0.419636), (0.293089, 0.41968), (0.293478, 0.41974002), (0.293785, 0.41980302), (0.29219, 0.41209), (0.291811, 0.412086), (0.292623, 0.412116), (0.293089, 0.412174), (0.293478, 0.41225302), (0.293785, 0.412336), (0.29219, 0.40486503), (0.291811, 0.40486002), (0.292623, 0.40489602), (0.293089, 0.40496802), (0.293478, 0.405065), (0.293785, 0.40516698), (0.29219, 0.398009), (0.291811, 0.39800298), (0.292623, 0.398045), (0.293089, 0.39813), (0.293478, 0.39824498), (0.293785, 0.39836502), (0.29219, 0.39158797), (0.291811, 0.391581), (0.292623, 0.39163), (0.293089, 0.39172697), (0.293478, 0.39185798), (0.293785, 0.391995), (0.29219, 0.385666), (0.291811, 0.38565803), (0.292623, 0.38571203), (0.293089, 0.38582098), (0.293478, 0.385966), (0.293785, 0.386119), (0.807357, 0.376625), (0.813271, 0.376248), (0.807352, 0.376248), (0.807309, 0.375813), (0.813228, 0.375813), (0.807213, 0.375349), (0.812973, 0.37496), (0.807078, 0.37496), (0.806944, 0.37465), (0.800938, 0.376625), (0.800928, 0.376248), (0.800894, 0.375813), (0.800808, 0.375349), (0.800693, 0.37496), (0.800573, 0.37465), (0.794077, 0.376625), (0.794072, 0.376248), (0.794043, 0.375813), (0.793971, 0.375349), (0.793875, 0.37496), (0.793769, 0.37465), (0.78685, 0.376625), (0.786846, 0.376248), (0.786822, 0.375813), (0.786764, 0.375349), (0.786687, 0.37496), (0.786601, 0.37465), (0.779322, 0.376248), (0.779326, 0.376625), (0.779302, 0.375813), (0.779259, 0.375349), (0.779197, 0.37496), (0.779134, 0.37465), (0.771567, 0.376248), (0.771572, 0.376625), (0.771557, 0.375813), (0.771524, 0.375349), (0.771485, 0.37496), (0.771442, 0.37465), (0.763663, 0.376625), (0.763663, 0.376248), (0.763654, 0.375813), (0.763639, 0.375349), (0.76362, 0.37496), (0.763596, 0.37465), (0.755678, 0.376248), (0.755678, 0.376625), (0.755678, 0.375813), (0.755678, 0.375349), (0.755678, 0.37496), (0.755678, 0.37465), (0.747692, 0.376625), (0.747692, 0.376248), (0.747702, 0.375813), (0.747716, 0.375349), (0.747736, 0.37496), (0.747755, 0.37465), (0.739789, 0.376248), (0.739784, 0.376625), (0.739798, 0.375813), (0.739832, 0.375349), (0.73987, 0.37496), (0.739914, 0.37465), (0.732034, 0.376248), (0.732029, 0.376625), (0.732053, 0.375813), (0.732097, 0.375349), (0.732154, 0.37496), (0.732221, 0.37465), (0.724505, 0.376248), (0.724505, 0.376625), (0.724534, 0.375813), (0.724592, 0.375349), (0.724669, 0.37496), (0.72475, 0.37465), (0.717274, 0.376625), (0.717279, 0.376248), (0.717313, 0.375813), (0.717385, 0.375349), (0.717481, 0.37496), (0.717582, 0.37465), (0.710428, 0.376248), (0.710418, 0.376625), (0.710461, 0.375813), (0.710548, 0.375349), (0.710663, 0.37496), (0.710783, 0.37465), (0.704004, 0.376248), (0.703999, 0.376625), (0.704047, 0.375813), (0.704143, 0.375349), (0.704273, 0.37496), (0.704412, 0.37465), (0.698084, 0.376248), (0.698075, 0.376625), (0.698128, 0.375813), (0.698238, 0.375349), (0.698382, 0.37496), (0.698536, 0.37465), (0.848204, 0.47519398), (0.847829, 0.46926397), (0.848204, 0.469271), (0.847829, 0.475186), (0.847392, 0.469222), (0.847392, 0.47513998), (0.846931, 0.46912497), (0.846931, 0.47503197), (0.846542, 0.46899402), (0.846542, 0.474886), (0.846229, 0.468857), (0.847829, 0.462843), (0.848204, 0.46284902), (0.847392, 0.462807), (0.846931, 0.462722), (0.846542, 0.46260703), (0.846229, 0.46248698), (0.847829, 0.45598698), (0.848204, 0.455993), (0.847392, 0.45595598), (0.846931, 0.45588398), (0.846542, 0.455787), (0.846229, 0.45568502), (0.847829, 0.448762), (0.848204, 0.448766), (0.847392, 0.448736), (0.846931, 0.44867802), (0.846542, 0.44859898), (0.846229, 0.448516), (0.847829, 0.44123602), (0.848204, 0.441239), (0.847392, 0.441216), (0.846931, 0.441172), (0.846542, 0.44111198), (0.846229, 0.44104898), (0.847829, 0.433482), (0.848204, 0.43348402), (0.847392, 0.433469), (0.846931, 0.43343902), (0.846542, 0.43339902), (0.846229, 0.433357), (0.847829, 0.42557502), (0.848204, 0.42557597), (0.847392, 0.425569), (0.846931, 0.42555398), (0.846542, 0.425533), (0.846229, 0.42551202), (0.847829, 0.41759098), (0.848204, 0.41759098), (0.847392, 0.41759098), (0.846931, 0.41759098), (0.846542, 0.41759098), (0.846229, 0.41759098), (0.847829, 0.409608), (0.848204, 0.409607), (0.847392, 0.40961403), (0.846931, 0.409629), (0.846542, 0.409649), (0.846229, 0.409671), (0.847829, 0.40170097), (0.848204, 0.401699), (0.847392, 0.40171403), (0.846931, 0.401744), (0.846542, 0.401784), (0.846229, 0.40182602), (0.847829, 0.393947), (0.848204, 0.39394403), (0.847392, 0.39396602), (0.846931, 0.39401102), (0.846542, 0.39407098), (0.846229, 0.39413297), (0.848204, 0.38641697), (0.847829, 0.38642102), (0.847392, 0.386447), (0.846931, 0.386505), (0.846542, 0.38658398), (0.846229, 0.386666), (0.847829, 0.37919497), (0.848204, 0.37919003), (0.847392, 0.37922698), (0.846931, 0.37929899), (0.846542, 0.37939602), (0.846229, 0.379498), (0.847829, 0.372339), (0.848204, 0.372333), (0.847392, 0.37237602), (0.846931, 0.37246102), (0.846542, 0.37257499), (0.846229, 0.37269503), (0.847829, 0.365919), (0.848204, 0.36591202), (0.847392, 0.36596102), (0.846931, 0.366058), (0.846542, 0.366189), (0.846229, 0.36632597), (0.847829, 0.35999602), (0.848204, 0.359989), (0.847392, 0.360043), (0.846931, 0.360151), (0.846542, 0.36029702), (0.846229, 0.36045003), (0.612204, 0.695131), (0.606275, 0.695508), (0.606279, 0.695131), (0.612194, 0.695508), (0.606231, 0.695943), (0.612151, 0.695943), (0.606135, 0.69640696), (0.61204, 0.69640696), (0.606001, 0.696796), (0.611896, 0.696796), (0.605866, 0.697106), (0.599851, 0.695508), (0.59986, 0.695131), (0.599817, 0.695943), (0.599731, 0.69640696), (0.599615, 0.696796), (0.599495, 0.697106), (0.592999, 0.695131), (0.592995, 0.695508), (0.592966, 0.695943), (0.592894, 0.69640696), (0.592798, 0.696796), (0.592692, 0.697106), (0.585768, 0.695508), (0.585773, 0.695131), (0.585744, 0.695943), (0.585687, 0.69640696), (0.58561, 0.696796), (0.585523, 0.697106), (0.578244, 0.695508), (0.578249, 0.695131), (0.578225, 0.695943), (0.578182, 0.69640696), (0.578119, 0.696796), (0.578057, 0.697106), (0.57049, 0.695508), (0.570494, 0.695131), (0.57048, 0.695943), (0.570446, 0.69640696), (0.570408, 0.696796), (0.570365, 0.697106), (0.562586, 0.695508), (0.562586, 0.695131), (0.562576, 0.695943), (0.562562, 0.69640696), (0.562543, 0.696796), (0.562523, 0.697106), (0.554601, 0.697106), (0.291811, 0.50086296), (0.292623, 0.500809), (0.293478, 0.50055504), (0.813281, 0.376625), (0.813118, 0.375349), (0.81282, 0.37465), (0.846229, 0.474733), (0.611742, 0.697106)] (
                interpolation = "vertex"
            )
            uniform token subdivisionScheme = "none"
        }

        def Mesh "geo_2" (
            prepend apiSchemas = ["MaterialBindingAPI", "PhysicsCollisionAPI", "PhysicsMeshCollisionAPI"]
        )
        {
            int[] faceVertexCounts = [3, 3, 3, 3, 3, 3, 3, 3, 3, 3, 3, 3, 3, 3, 3, 3, 3, 3, 3, 3, 3, 3, 3, 3, 3, 3, 3, 3, 3, 3, 3, 3, 3, 3, 3, 3, 3, 3, 3, 3, 3, 3, 3, 3, 3, 3, 3, 3, 3, 3, 3, 3, 3, 3, 3, 3, 3, 3, 3, 3, 3, 3, 3, 3, 3, 3, 3, 3, 3, 3, 3, 3, 3, 3, 3, 3, 3, 3, 3, 3, 3, 3, 3, 3, 3, 3, 3, 3, 3, 3, 3, 3, 3, 3, 3, 3, 3, 3, 3, 3, 3, 3, 3, 3, 3, 3, 3, 3, 3, 3, 3, 3, 3, 3, 3, 3, 3, 3, 3, 3, 3, 3, 3, 3, 3, 3, 3, 3, 3, 3, 3, 3, 3, 3, 3, 3, 3, 3, 3, 3, 3, 3, 3, 3, 3, 3, 3, 3, 3, 3, 3, 3, 3, 3, 3, 3, 3, 3, 3, 3, 3, 3, 3, 3, 3, 3, 3, 3, 3, 3, 3, 3, 3, 3, 3, 3, 3, 3, 3, 3, 3, 3, 3, 3, 3, 3, 3, 3, 3, 3, 3, 3, 3, 3, 3, 3, 3, 3, 3, 3, 3, 3, 3, 3, 3, 3, 3, 3, 3, 3, 3, 3, 3, 3, 3, 3, 3, 3, 3, 3, 3, 3, 3, 3, 3, 3, 3, 3, 3, 3, 3, 3, 3, 3, 3, 3, 3, 3, 3, 3, 3, 3, 3, 3, 3, 3, 3, 3, 3, 3, 3, 3, 3, 3, 3, 3, 3, 3, 3, 3, 3, 3, 3, 3, 3, 3, 3, 3, 3, 3, 3, 3, 3, 3, 3, 3, 3, 3, 3, 3, 3, 3, 3, 3, 3, 3, 3, 3, 3, 3, 3, 3, 3, 3, 3, 3, 3, 3, 3, 3, 3, 3, 3, 3, 3, 3, 3, 3, 3, 3, 3, 3, 3, 3, 3, 3, 3, 3, 3, 3, 3, 3, 3, 3, 3, 3, 3, 3, 3, 3, 3, 3, 3, 3, 3, 3, 3, 3, 3, 3, 3, 3, 3, 3, 3, 3, 3, 3, 3, 3, 3, 3, 3, 3, 3, 3, 3, 3, 3, 3, 3, 3, 3, 3, 3, 3, 3, 3, 3, 3, 3, 3, 3, 3, 3, 3, 3, 3, 3, 3, 3, 3, 3, 3, 3, 3, 3, 3, 3, 3, 3, 3, 3, 3, 3, 3, 3, 3, 3, 3, 3, 3, 3, 3, 3, 3, 3, 3, 3, 3, 3, 3, 3, 3, 3, 3, 3, 3, 3, 3, 3, 3, 3, 3, 3, 3, 3, 3, 3, 3, 3, 3, 3, 3, 3, 3, 3, 3, 3, 3, 3, 3, 3, 3, 3, 3, 3, 3, 3, 3, 3, 3, 3, 3, 3, 3, 3, 3, 3, 3, 3, 3, 3, 3, 3, 3, 3, 3, 3, 3, 3, 3, 3, 3, 3, 3, 3, 3, 3, 3, 3, 3, 3, 3, 3, 3, 3, 3, 3, 3, 3, 3, 3, 3, 3, 3, 3, 3, 3, 3, 3, 3, 3, 3, 3, 3, 3, 3, 3, 3, 3, 3, 3, 3, 3, 3, 3, 3, 3, 3, 3, 3, 3, 3, 3, 3, 3, 3, 3, 3, 3, 3, 3, 3, 3, 3, 3, 3, 3, 3, 3, 3, 3, 3, 3, 3, 3, 3, 3, 3, 3, 3, 3, 3, 3, 3, 3, 3, 3, 3, 3, 3, 3, 3, 3, 3, 3, 3, 3, 3, 3, 3, 3, 3, 3, 3, 3, 3, 3, 3, 3, 3, 3, 3, 3, 3, 3, 3, 3, 3, 3, 3, 3, 3, 3, 3, 3, 3, 3, 3, 3, 3, 3, 3, 3, 3, 3, 3, 3, 3, 3, 3, 3, 3, 3, 3, 3, 3, 3, 3, 3, 3, 3, 3, 3, 3, 3, 3, 3, 3, 3, 3, 3, 3, 3, 3, 3, 3, 3, 3, 3, 3, 3, 3, 3, 3, 3, 3, 3, 3, 3, 3, 3, 3, 3, 3, 3, 3, 3, 3, 3, 3, 3, 3, 3, 3, 3, 3, 3, 3, 3, 3, 3, 3, 3, 3, 3, 3, 3, 3, 3, 3, 3, 3, 3, 3, 3, 3, 3, 3, 3, 3, 3, 3, 3, 3, 3, 3, 3, 3, 3, 3, 3, 3, 3, 3, 3, 3, 3, 3, 3, 3, 3, 3, 3, 3, 3, 3, 3, 3, 3, 3, 3, 3, 3, 3, 3, 3, 3, 3, 3, 3, 3, 3, 3, 3, 3, 3, 3, 3, 3, 3, 3, 3, 3, 3, 3, 3, 3, 3, 3, 3, 3, 3, 3, 3, 3, 3, 3, 3, 3, 3, 3, 3, 3, 3, 3, 3, 3, 3, 3, 3, 3, 3, 3, 3, 3, 3, 3, 3, 3, 3, 3, 3, 3, 3, 3, 3, 3, 3, 3, 3, 3, 3, 3, 3, 3, 3, 3, 3, 3, 3, 3, 3, 3, 3, 3, 3, 3, 3, 3, 3, 3, 3, 3, 3, 3, 3, 3, 3, 3, 3, 3, 3, 3, 3, 3, 3, 3, 3, 3, 3, 3, 3, 3, 3, 3, 3, 3, 3, 3, 3, 3, 3, 3, 3, 3, 3, 3, 3, 3, 3, 3, 3, 3, 3, 3, 3, 3, 3, 3, 3, 3, 3, 3, 3, 3, 3, 3, 3, 3, 3, 3, 3, 3, 3, 3, 3, 3, 3, 3, 3, 3, 3, 3, 3, 3, 3, 3, 3, 3, 3, 3, 3, 3, 3, 3, 3, 3, 3, 3, 3, 3, 3, 3, 3, 3, 3, 3, 3, 3, 3, 3, 3, 3, 3, 3, 3, 3, 3, 3, 3, 3, 3, 3, 3, 3, 3, 3, 3, 3, 3, 3, 3, 3, 3, 3, 3, 3, 3, 3, 3, 3, 3, 3, 3, 3, 3, 3, 3, 3, 3, 3, 3, 3, 3, 3, 3, 3, 3, 3, 3, 3, 3, 3, 3, 3, 3, 3, 3, 3, 3, 3, 3, 3, 3, 3, 3, 3, 3, 3, 3, 3, 3, 3, 3, 3, 3, 3, 3, 3, 3, 3, 3, 3, 3, 3, 3, 3, 3, 3, 3, 3, 3, 3, 3, 3, 3, 3, 3, 3, 3, 3, 3, 3, 3, 3, 3, 3, 3, 3, 3, 3, 3, 3, 3, 3, 3, 3, 3, 3, 3, 3, 3, 3, 3, 3, 3, 3, 3, 3, 3, 3, 3, 3, 3, 3, 3, 3, 3, 3, 3, 3, 3, 3, 3, 3, 3, 3, 3, 3, 3, 3, 3, 3, 3, 3, 3, 3, 3, 3, 3, 3, 3, 3, 3, 3, 3, 3, 3, 3, 3, 3, 3, 3, 3, 3, 3, 3, 3, 3, 3, 3, 3, 3, 3, 3, 3, 3, 3, 3, 3, 3, 3, 3, 3, 3, 3, 3, 3, 3, 3, 3, 3, 3, 3, 3, 3, 3, 3, 3, 3, 3, 3, 3, 3, 3, 3, 3, 3, 3, 3, 3, 3, 3, 3, 3, 3, 3, 3, 3, 3, 3, 3, 3, 3, 3, 3, 3, 3, 3, 3]
            int[] faceVertexIndices = [0, 1, 2, 3, 4, 5, 0, 6, 7, 8, 9, 3, 10, 11, 6, 12, 13, 8, 14, 15, 11, 12, 16, 17, 18, 19, 20, 21, 22, 15, 23, 16, 24, 25, 26, 27, 28, 29, 22, 30, 31, 23, 32, 33, 26, 34, 35, 29, 36, 37, 30, 38, 39, 33, 40, 41, 35, 42, 43, 36, 44, 39, 45, 46, 47, 41, 48, 49, 42, 44, 50, 51, 52, 47, 53, 48, 54, 55, 56, 57, 50, 52, 58, 59, 60, 61, 54, 62, 57, 63, 64, 65, 58, 66, 61, 67, 62, 68, 69, 18, 65, 70, 71, 72, 66, 73, 74, 68, 71, 75, 76, 77, 74, 78, 79, 80, 81, 82, 83, 75, 77, 84, 85, 86, 87, 83, 88, 84, 89, 90, 87, 91, 92, 93, 88, 90, 94, 95, 96, 97, 92, 98, 94, 99, 100, 101, 96, 102, 103, 98, 104, 105, 100, 106, 107, 102, 108, 109, 104, 110, 111, 106, 112, 113, 108, 110, 114, 115, 112, 116, 117, 118, 119, 114, 120, 116, 121, 122, 123, 119, 124, 125, 120, 126, 1, 123, 5, 127, 124, 128, 129, 130, 131, 132, 133, 130, 134, 135, 133, 136, 137, 138, 139, 79, 135, 140, 141, 137, 142, 143, 81, 144, 145, 141, 146, 147, 143, 148, 149, 145, 150, 151, 147, 152, 153, 149, 154, 155, 151, 156, 157, 158, 159, 160, 155, 161, 162, 157, 163, 164, 160, 165, 166, 162, 167, 168, 164, 169, 170, 166, 171, 172, 168, 173, 174, 170, 175, 176, 172, 177, 178, 174, 179, 180, 176, 181, 182, 178, 183, 184, 180, 185, 186, 187, 188, 189, 184, 190, 191, 186, 192, 193, 189, 194, 195, 191, 196, 138, 193, 197, 198, 195, 199, 200, 25, 201, 202, 198, 203, 204, 200, 205, 206, 204, 207, 208, 206, 209, 210, 208, 211, 212, 210, 213, 214, 215, 216, 217, 214, 218, 219, 217, 220, 221, 219, 222, 223, 221, 224, 225, 223, 226, 227, 225, 228, 229, 227, 230, 231, 229, 232, 233, 231, 234, 235, 233, 236, 237, 235, 238, 239, 237, 240, 241, 239, 242, 243, 241, 244, 245, 243, 246, 247, 245, 248, 249, 247, 250, 251, 249, 252, 253, 251, 254, 255, 253, 256, 128, 257, 258, 131, 259, 260, 261, 262, 263, 264, 265, 266, 267, 268, 269, 259, 270, 271, 262, 272, 273, 265, 274, 275, 270, 276, 277, 272, 278, 279, 280, 281, 282, 276, 283, 284, 278, 285, 286, 281, 287, 288, 283, 289, 290, 285, 291, 292, 287, 293, 294, 289, 295, 296, 291, 297, 298, 293, 299, 300, 295, 301, 302, 297, 303, 304, 299, 305, 306, 301, 307, 308, 303, 309, 310, 305, 311, 312, 307, 313, 314, 309, 315, 316, 311, 317, 318, 313, 319, 320, 315, 321, 322, 323, 324, 325, 319, 326, 327, 321, 328, 329, 324, 330, 331, 326, 332, 333, 328, 334, 335, 330, 261, 336, 337, 338, 339, 332, 340, 341, 334, 342, 343, 268, 344, 345, 338, 346, 347, 340, 348, 349, 342, 350, 351, 352, 353, 354, 346, 355, 356, 348, 357, 358, 350, 359, 360, 353, 361, 362, 355, 363, 364, 357, 365, 366, 359, 367, 368, 361, 369, 370, 363, 371, 372, 365, 373, 374, 367, 375, 376, 369, 377, 378, 371, 379, 380, 381, 382, 383, 375, 384, 385, 377, 386, 387, 379, 337, 388, 382, 264, 389, 384, 267, 390, 386, 202, 391, 392, 392, 393, 394, 395, 81, 396, 202, 397, 25, 392, 398, 397, 396, 145, 399, 32, 397, 400, 397, 401, 400, 399, 151, 402, 32, 403, 38, 400, 404, 403, 402, 157, 405, 38, 406, 45, 406, 404, 407, 405, 164, 408, 44, 406, 409, 406, 410, 409, 408, 170, 411, 44, 412, 56, 409, 413, 412, 411, 176, 414, 63, 412, 415, 412, 416, 415, 417, 176, 182, 63, 418, 62, 415, 419, 418, 420, 189, 421, 62, 422, 73, 422, 419, 423, 421, 195, 424, 73, 425, 78, 422, 426, 425, 427, 195, 200, 78, 428, 77, 425, 429, 428, 430, 200, 206, 89, 428, 431, 431, 429, 432, 430, 210, 433, 89, 434, 88, 431, 435, 434, 436, 210, 214, 92, 434, 437, 437, 435, 438, 439, 214, 219, 96, 437, 440, 437, 441, 440, 439, 223, 442, 96, 443, 100, 443, 441, 444, 442, 227, 445, 100, 446, 104, 443, 447, 446, 445, 231, 448, 104, 449, 108, 449, 447, 450, 448, 235, 451, 112, 449, 452, 449, 453, 452, 454, 235, 239, 121, 452, 455, 452, 456, 455, 457, 239, 243, 121, 458, 120, 455, 459, 458, 460, 243, 247, 124, 458, 461, 458, 462, 461, 463, 247, 251, 124, 464, 5, 464, 462, 465, 466, 251, 255, 5, 467, 3, 464, 468, 467, 469, 257, 131, 3, 470, 8, 467, 471, 470, 472, 131, 133, 8, 473, 12, 473, 471, 474, 475, 133, 137, 12, 476, 24, 476, 474, 477, 475, 143, 478, 24, 479, 23, 479, 477, 480, 478, 149, 481, 23, 482, 30, 482, 480, 483, 484, 149, 155, 36, 482, 485, 482, 486, 485, 484, 162, 487, 36, 488, 42, 485, 489, 488, 490, 162, 168, 42, 491, 48, 488, 492, 491, 490, 174, 493, 48, 494, 60, 491, 495, 494, 496, 174, 180, 67, 494, 497, 494, 498, 497, 496, 186, 499, 67, 500, 66, 500, 498, 501, 499, 193, 502, 66, 503, 71, 500, 504, 503, 502, 198, 505, 82, 503, 506, 503, 507, 506, 505, 204, 508, 82, 509, 86, 506, 510, 509, 508, 208, 511, 86, 512, 91, 509, 513, 512, 511, 212, 514, 90, 512, 515, 512, 516, 515, 517, 215, 217, 90, 518, 99, 515, 519, 518, 520, 217, 221, 99, 521, 98, 521, 519, 522, 520, 225, 523, 98, 524, 102, 524, 522, 525, 523, 229, 526, 102, 527, 106, 524, 528, 527, 529, 229, 233, 106, 530, 110, 530, 528, 531, 532, 233, 237, 118, 530, 533, 530, 534, 533, 535, 237, 241, 118, 536, 122, 536, 534, 537, 535, 245, 538, 122, 539, 126, 536, 540, 539, 538, 249, 541, 2, 539, 542, 539, 543, 542, 544, 249, 253, 2, 545, 0, 542, 546, 545, 544, 128, 547, 10, 545, 548, 545, 549, 548, 550, 128, 130, 14, 548, 551, 548, 552, 551, 553, 130, 135, 14, 554, 21, 554, 552, 555, 553, 141, 556, 28, 554, 557, 557, 555, 558, 556, 147, 559, 34, 557, 560, 557, 561, 560, 562, 147, 153, 34, 563, 40, 560, 564, 563, 565, 160, 566, 40, 567, 46, 567, 564, 568, 566, 166, 569, 46, 570, 53, 570, 568, 571, 569, 172, 572, 53, 573, 52, 570, 574, 573, 575, 172, 178, 64, 573, 576, 576, 574, 577, 578, 178, 184, 70, 576, 579, 579, 577, 580, 578, 191, 581, 70, 582, 18, 579, 583, 582, 581, 138, 584, 585, 582, 391, 391, 583, 393, 584, 79, 395, 261, 586, 259, 587, 588, 589, 588, 201, 589, 259, 590, 268, 591, 589, 592, 592, 201, 27, 268, 593, 342, 591, 594, 595, 592, 26, 594, 342, 596, 348, 597, 594, 598, 598, 26, 33, 348, 599, 355, 600, 598, 601, 601, 33, 39, 355, 602, 361, 600, 603, 604, 601, 51, 603, 361, 605, 367, 606, 603, 607, 607, 51, 50, 367, 608, 373, 609, 607, 610, 607, 57, 610, 379, 611, 612, 609, 613, 614, 610, 69, 613, 379, 615, 386, 614, 616, 617, 613, 68, 616, 267, 615, 618, 617, 619, 620, 619, 68, 74, 265, 618, 621, 620, 622, 623, 619, 85, 622, 272, 621, 624, 623, 625, 626, 625, 85, 84, 272, 627, 276, 626, 628, 629, 625, 93, 628, 276, 630, 281, 629, 631, 632, 628, 97, 631, 281, 633, 285, 634, 631, 635, 635, 97, 101, 285, 636, 289, 637, 635, 638, 635, 105, 638, 289, 639, 293, 637, 640, 641, 640, 105, 109, 293, 642, 297, 643, 640, 644, 640, 113, 644, 297, 645, 301, 646, 644, 647, 644, 117, 647, 301, 648, 305, 649, 647, 650, 647, 116, 650, 309, 648, 651, 652, 650, 653, 650, 125, 653, 309, 654, 313, 655, 653, 656, 653, 127, 656, 313, 657, 317, 658, 656, 659, 659, 127, 4, 323, 660, 321, 661, 659, 662, 662, 4, 9, 321, 663, 326, 664, 662, 665, 665, 9, 13, 330, 663, 666, 664, 667, 668, 667, 13, 17, 334, 666, 669, 670, 667, 671, 671, 17, 16, 340, 669, 672, 670, 673, 674, 673, 16, 31, 340, 675, 346, 674, 676, 677, 673, 37, 676, 346, 678, 353, 677, 679, 680, 676, 43, 679, 359, 678, 681, 682, 679, 683, 683, 43, 49, 359, 684, 365, 682, 685, 686, 683, 55, 685, 365, 687, 371, 686, 688, 689, 688, 55, 54, 371, 690, 377, 689, 691, 692, 688, 61, 691, 377, 693, 384, 692, 694, 695, 691, 72, 694, 384, 696, 264, 695, 697, 698, 694, 76, 697, 264, 699, 262, 698, 700, 701, 700, 76, 75, 270, 699, 702, 701, 703, 704, 703, 75, 83, 270, 705, 274, 704, 706, 707, 703, 87, 706, 280, 708, 278, 709, 706, 710, 706, 95, 710, 278, 711, 283, 712, 710, 713, 710, 94, 713, 283, 714, 287, 712, 715, 716, 715, 94, 103, 287, 717, 291, 718, 715, 719, 715, 107, 719, 295, 717, 720, 718, 721, 722, 719, 111, 721, 299, 720, 723, 722, 724, 725, 721, 115, 724, 299, 726, 303, 725, 727, 728, 724, 114, 727, 303, 729, 307, 730, 727, 731, 731, 114, 119, 311, 729, 732, 733, 731, 734, 731, 123, 734, 311, 735, 315, 736, 734, 737, 737, 123, 1, 315, 738, 319, 736, 739, 740, 737, 7, 739, 319, 741, 324, 740, 742, 743, 739, 6, 742, 324, 744, 328, 743, 745, 746, 742, 11, 745, 328, 747, 332, 746, 748, 749, 745, 15, 748, 338, 747, 750, 751, 748, 752, 748, 22, 752, 344, 750, 753, 751, 754, 755, 754, 22, 29, 352, 756, 350, 757, 754, 758, 758, 29, 35, 350, 759, 357, 757, 760, 761, 758, 41, 760, 363, 759, 762, 761, 763, 764, 760, 47, 763, 369, 762, 765, 764, 766, 767, 763, 59, 766, 375, 765, 768, 767, 769, 770, 769, 59, 58, 382, 768, 771, 770, 772, 773, 772, 58, 65, 382, 774, 337, 773, 775, 776, 772, 20, 775, 337, 777, 261, 778, 775, 588, 588, 20, 19, 585, 201, 19, 0, 7, 1, 3, 9, 4, 0, 10, 6, 8, 13, 9, 10, 14, 11, 12, 17, 13, 14, 21, 15, 12, 24, 16, 18, 585, 19, 21, 28, 22, 23, 31, 16, 25, 32, 26, 28, 34, 29, 30, 37, 31, 32, 38, 33, 34, 40, 35, 36, 43, 37, 38, 45, 39, 40, 46, 41, 42, 49, 43, 44, 51, 39, 46, 53, 47, 48, 55, 49, 44, 56, 50, 52, 59, 47, 48, 60, 54, 56, 63, 57, 52, 64, 58, 60, 67, 61, 62, 69, 57, 64, 70, 65, 66, 72, 61, 62, 73, 68, 18, 20, 65, 71, 76, 72, 73, 78, 74, 71, 82, 75, 77, 85, 74, 79, 139, 80, 82, 86, 83, 77, 89, 84, 86, 91, 87, 88, 93, 84, 90, 95, 87, 92, 97, 93, 90, 99, 94, 96, 101, 97, 98, 103, 94, 100, 105, 101, 102, 107, 103, 104, 109, 105, 106, 111, 107, 108, 113, 109, 110, 115, 111, 112, 117, 113, 110, 118, 114, 112, 121, 116, 118, 122, 119, 120, 125, 116, 122, 126, 123, 124, 127, 125, 126, 2, 1, 5, 4, 127, 128, 256, 129, 131, 258, 132, 130, 129, 134, 133, 132, 136, 138, 196, 139, 135, 134, 140, 137, 136, 142, 81, 80, 144, 141, 140, 146, 143, 142, 148, 145, 144, 150, 147, 146, 152, 149, 148, 154, 151, 150, 156, 158, 779, 159, 155, 154, 161, 157, 156, 163, 160, 159, 165, 162, 161, 167, 164, 163, 169, 166, 165, 171, 168, 167, 173, 170, 169, 175, 172, 171, 177, 174, 173, 179, 176, 175, 181, 178, 177, 183, 180, 179, 185, 187, 780, 188, 184, 183, 190, 186, 185, 192, 189, 188, 194, 191, 190, 196, 193, 192, 197, 195, 194, 199, 25, 27, 201, 198, 197, 203, 200, 199, 205, 204, 203, 207, 206, 205, 209, 208, 207, 211, 210, 209, 213, 215, 781, 216, 214, 213, 218, 217, 216, 220, 219, 218, 222, 221, 220, 224, 223, 222, 226, 225, 224, 228, 227, 226, 230, 229, 228, 232, 231, 230, 234, 233, 232, 236, 235, 234, 238, 237, 236, 240, 239, 238, 242, 241, 240, 244, 243, 242, 246, 245, 244, 248, 247, 246, 250, 249, 248, 252, 251, 250, 254, 253, 252, 256, 257, 782, 258, 259, 269, 260, 262, 271, 263, 265, 273, 266, 268, 343, 269, 270, 275, 271, 272, 277, 273, 280, 279, 783, 276, 282, 277, 278, 284, 279, 281, 286, 282, 283, 288, 284, 285, 290, 286, 287, 292, 288, 289, 294, 290, 291, 296, 292, 293, 298, 294, 295, 300, 296, 297, 302, 298, 299, 304, 300, 301, 306, 302, 303, 308, 304, 305, 310, 306, 307, 312, 308, 309, 314, 310, 311, 316, 312, 313, 318, 314, 315, 320, 316, 323, 322, 784, 319, 325, 320, 321, 327, 322, 324, 329, 325, 326, 331, 327, 328, 333, 329, 330, 335, 331, 332, 339, 333, 334, 341, 335, 261, 260, 336, 338, 345, 339, 340, 347, 341, 342, 349, 343, 352, 351, 785, 346, 354, 347, 348, 356, 349, 350, 358, 351, 353, 360, 354, 355, 362, 356, 357, 364, 358, 359, 366, 360, 361, 368, 362, 363, 370, 364, 365, 372, 366, 367, 374, 368, 369, 376, 370, 371, 378, 372, 381, 380, 786, 375, 383, 376, 377, 385, 378, 379, 387, 380, 382, 388, 383, 384, 389, 385, 386, 390, 387, 337, 336, 388, 264, 263, 389, 267, 266, 390, 202, 585, 391, 392, 391, 393, 395, 79, 81, 202, 392, 397, 392, 394, 398, 396, 81, 145, 32, 25, 397, 397, 398, 401, 399, 145, 151, 32, 400, 403, 400, 401, 404, 402, 151, 157, 38, 403, 406, 406, 403, 404, 405, 157, 164, 44, 45, 406, 406, 407, 410, 408, 164, 170, 44, 409, 412, 409, 410, 413, 411, 170, 176, 63, 56, 412, 412, 413, 416, 417, 414, 176, 63, 415, 418, 415, 416, 419, 420, 187, 189, 62, 418, 422, 422, 418, 419, 421, 189, 195, 73, 422, 425, 422, 423, 426, 427, 424, 195, 78, 425, 428, 425, 426, 429, 430, 427, 200, 89, 77, 428, 431, 428, 429, 430, 206, 210, 89, 431, 434, 431, 432, 435, 436, 433, 210, 92, 88, 434, 437, 434, 435, 439, 436, 214, 96, 92, 437, 437, 438, 441, 439, 219, 223, 96, 440, 443, 443, 440, 441, 442, 223, 227, 100, 443, 446, 443, 444, 447, 445, 227, 231, 104, 446, 449, 449, 446, 447, 448, 231, 235, 112, 108, 449, 449, 450, 453, 454, 451, 235, 121, 112, 452, 452, 453, 456, 457, 454, 239, 121, 455, 458, 455, 456, 459, 460, 457, 243, 124, 120, 458, 458, 459, 462, 463, 460, 247, 124, 461, 464, 464, 461, 462, 466, 463, 251, 5, 464, 467, 464, 465, 468, 469, 787, 257, 3, 467, 470, 467, 468, 471, 472, 469, 131, 8, 470, 473, 473, 470, 471, 475, 472, 133, 12, 473, 476, 476, 473, 474, 475, 137, 143, 24, 476, 479, 479, 476, 477, 478, 143, 149, 23, 479, 482, 482, 479, 480, 484, 481, 149, 36, 30, 482, 482, 483, 486, 484, 155, 162, 36, 485, 488, 485, 486, 489, 490, 487, 162, 42, 488, 491, 488, 489, 492, 490, 168, 174, 48, 491, 494, 491, 492, 495, 496, 493, 174, 67, 60, 494, 494, 495, 498, 496, 180, 186, 67, 497, 500, 500, 497, 498, 499, 186, 193, 66, 500, 503, 500, 501, 504, 502, 193, 198, 82, 71, 503, 503, 504, 507, 505, 198, 204, 82, 506, 509, 506, 507, 510, 508, 204, 208, 86, 509, 512, 509, 510, 513, 511, 208, 212, 90, 91, 512, 512, 513, 516, 517, 788, 215, 90, 515, 518, 515, 516, 519, 520, 517, 217, 99, 518, 521, 521, 518, 519, 520, 221, 225, 98, 521, 524, 524, 521, 522, 523, 225, 229, 102, 524, 527, 524, 525, 528, 529, 526, 229, 106, 527, 530, 530, 527, 528, 532, 529, 233, 118, 110, 530, 530, 531, 534, 535, 532, 237, 118, 533, 536, 536, 533, 534, 535, 241, 245, 122, 536, 539, 536, 537, 540, 538, 245, 249, 2, 126, 539, 539, 540, 543, 544, 541, 249, 2, 542, 545, 542, 543, 546, 544, 253, 128, 10, 0, 545, 545, 546, 549, 550, 547, 128, 14, 10, 548, 548, 549, 552, 553, 550, 130, 14, 551, 554, 554, 551, 552, 553, 135, 141, 28, 21, 554, 557, 554, 555, 556, 141, 147, 34, 28, 557, 557, 558, 561, 562, 559, 147, 34, 560, 563, 560, 561, 564, 565, 158, 160, 40, 563, 567, 567, 563, 564, 566, 160, 166, 46, 567, 570, 570, 567, 568, 569, 166, 172, 53, 570, 573, 570, 571, 574, 575, 572, 172, 64, 52, 573, 576, 573, 574, 578, 575, 178, 70, 64, 576, 579, 576, 577, 578, 184, 191, 70, 579, 582, 579, 580, 583, 581, 191, 138, 585, 18, 582, 391, 582, 583, 584, 138, 79, 261, 777, 586, 587, 778, 588, 588, 19, 201, 259, 586, 590, 591, 587, 589, 592, 589, 201, 268, 590, 593, 591, 592, 594, 592, 27, 26, 342, 593, 596, 597, 595, 594, 598, 594, 26, 348, 596, 599, 600, 597, 598, 601, 598, 33, 355, 599, 602, 600, 601, 603, 601, 39, 51, 361, 602, 605, 606, 604, 603, 607, 603, 51, 367, 605, 608, 609, 606, 607, 607, 50, 57, 379, 381, 611, 609, 610, 613, 610, 57, 69, 379, 612, 615, 614, 613, 616, 613, 69, 68, 267, 386, 615, 617, 616, 619, 619, 616, 68, 265, 267, 618, 620, 619, 622, 619, 74, 85, 272, 265, 621, 623, 622, 625, 625, 622, 85, 272, 624, 627, 626, 625, 628, 625, 84, 93, 276, 627, 630, 629, 628, 631, 628, 93, 97, 281, 630, 633, 634, 632, 631, 635, 631, 97, 285, 633, 636, 637, 634, 635, 635, 101, 105, 289, 636, 639, 637, 638, 640, 640, 638, 105, 293, 639, 642, 643, 641, 640, 640, 109, 113, 297, 642, 645, 646, 643, 644, 644, 113, 117, 301, 645, 648, 649, 646, 647, 647, 117, 116, 309, 305, 648, 652, 649, 650, 650, 116, 125, 309, 651, 654, 655, 652, 653, 653, 125, 127, 313, 654, 657, 658, 655, 656, 659, 656, 127, 323, 789, 660, 661, 658, 659, 662, 659, 4, 321, 660, 663, 664, 661, 662, 665, 662, 9, 330, 326, 663, 664, 665, 667, 667, 665, 13, 334, 330, 666, 670, 668, 667, 671, 667, 17, 340, 334, 669, 670, 671, 673, 673, 671, 16, 340, 672, 675, 674, 673, 676, 673, 31, 37, 346, 675, 678, 677, 676, 679, 676, 37, 43, 359, 353, 678, 682, 680, 679, 683, 679, 43, 359, 681, 684, 682, 683, 685, 683, 49, 55, 365, 684, 687, 686, 685, 688, 688, 685, 55, 371, 687, 690, 689, 688, 691, 688, 54, 61, 377, 690, 693, 692, 691, 694, 691, 61, 72, 384, 693, 696, 695, 694, 697, 694, 72, 76, 264, 696, 699, 698, 697, 700, 700, 697, 76, 270, 262, 699, 701, 700, 703, 703, 700, 75, 270, 702, 705, 704, 703, 706, 703, 83, 87, 280, 790, 708, 709, 707, 706, 706, 87, 95, 278, 708, 711, 712, 709, 710, 710, 95, 94, 283, 711, 714, 712, 713, 715, 715, 713, 94, 287, 714, 717, 718, 716, 715, 715, 103, 107, 295, 291, 717, 718, 719, 721, 719, 107, 111, 299, 295, 720, 722, 721, 724, 721, 111, 115, 299, 723, 726, 725, 724, 727, 724, 115, 114, 303, 726, 729, 730, 728, 727, 731, 727, 114, 311, 307, 729, 733, 730, 731, 731, 119, 123, 311, 732, 735, 736, 733, 734, 737, 734, 123, 315, 735, 738, 736, 737, 739, 737, 1, 7, 319, 738, 741, 740, 739, 742, 739, 7, 6, 324, 741, 744, 743, 742, 745, 742, 6, 11, 328, 744, 747, 746, 745, 748, 745, 11, 15, 338, 332, 747, 751, 749, 748, 748, 15, 22, 344, 338, 750, 751, 752, 754, 754, 752, 22, 352, 791, 756, 757, 755, 754, 758, 754, 29, 350, 756, 759, 757, 758, 760, 758, 35, 41, 363, 357, 759, 761, 760, 763, 760, 41, 47, 369, 363, 762, 764, 763, 766, 763, 47, 59, 375, 369, 765, 767, 766, 769, 769, 766, 59, 382, 375, 768, 770, 769, 772, 772, 769, 58, 382, 771, 774, 773, 772, 775, 772, 65, 20, 337, 774, 777, 778, 776, 775, 588, 775, 20, 585, 202, 201]
            rel material:binding = </EStopButton/Looks/Scene___Root>
            normal3f[] normals = [(-0.06216803, 0.99788743, 0.018861007), (0.059878983, 0.9981347, -0.011902996), (-0.063724004, 0.9978872, 0.012665002), (0.041200995, 0.9978888, -0.05020399), (-0.043154, 0.99813604, 0.043154), (0.045931, 0.997888, -0.045932), (0.05640002, 0.99813527, -0.023347005), (0.05841398, 0.9981355, -0.01770099), (0.036074005, 0.99788815, -0.054019008), (-0.03872901, 0.99813527, 0.04718301), (-0.06000101, 0.9978891, 0.024843002), (0.053835995, 0.9981359, -0.028748998), (0.030611012, 0.99788845, -0.057285026), (-0.033907015, 0.99813545, 0.050754026), (-0.05728497, 0.99788845, 0.030610982), (0.050754026, 0.99813545, -0.033907015), (-0.023347005, 0.99813527, 0.05640002), (-0.028748998, 0.9981359, 0.053835995), (-0.006347996, 0.99788845, 0.06463997), (0, 0.99813545, -0.06103903), (0.005982001, 0.9981361, -0.06073401), (-0.054019008, 0.99788815, 0.036074005), (0.04718301, 0.99813527, -0.03872901), (0.018861007, 0.99788743, -0.06216803), (0.024843002, 0.9978891, -0.06000101), (0.012665002, 0.9978872, 0.063724004), (-0.01770099, 0.9981355, -0.05841398), (-0.011902996, 0.9981347, -0.059878983), (-0.05020399, 0.9978888, 0.041200995), (0.043153998, 0.9981359, -0.043154996), (0.012665002, 0.9978872, -0.063724004), (-0.01770099, 0.9981355, 0.05841398), (0.01886099, 0.99788743, 0.062167965), (-0.023347005, 0.99813527, -0.05640002), (-0.045931004, 0.99788815, 0.045931004), (0.03872901, 0.99813527, -0.04718301), (0.006348003, 0.99788845, -0.06464003), (-0.011902996, 0.9981347, 0.059878983), (0.024843002, 0.9978891, 0.06000101), (-0.028748998, 0.9981359, -0.053835995), (-0.041200995, 0.9978888, 0.05020399), (0.033907015, 0.99813545, -0.050754026), (0, 0.9978868, -0.06497599), (-0.005982001, 0.9981361, 0.060733013), (0.036074005, 0.99788815, 0.054019008), (0.030610982, 0.99788845, 0.05728497), (-0.036074005, 0.99788815, 0.054019008), (0.028780002, 0.998135, -0.053836), (-0.006348003, 0.99788845, -0.06464003), (0, 0.99813545, 0.06103903), (-0.03872901, 0.99813527, -0.04718301), (-0.033907015, 0.99813545, -0.050754026), (-0.024843002, 0.9978891, 0.06000101), (-0.030610982, 0.99788845, 0.05728497), (0.011902996, 0.9981347, 0.059878983), (0.005982001, 0.9981361, 0.060733013), (0.041200995, 0.9978888, 0.05020399), (-0.043153998, 0.9981359, -0.043154996), (0.01770099, 0.9981355, -0.05841398), (0.023347005, 0.99813527, -0.05640002), (-0.012665002, 0.9978872, -0.063724004), (0.01770099, 0.9981355, 0.05841398), (0.05020399, 0.9978888, 0.041200995), (0.045931004, 0.99788815, 0.045931004), (-0.01886099, 0.99788743, 0.062167965), (0.011902996, 0.9981347, -0.059878983), (-0.024843002, 0.9978891, -0.06000101), (-0.018861007, 0.99788743, -0.06216803), (-0.050754026, 0.99813545, -0.033907015), (-0.04718301, 0.99813527, -0.03872901), (-0.012665002, 0.9978872, 0.063724004), (-0.030611012, 0.99788845, -0.057285026), (0.023347005, 0.99813527, 0.05640002), (0.054019008, 0.99788815, 0.036074005), (-0.053835995, 0.9981359, -0.028748998), (0.033907015, 0.99813545, 0.050754026), (0.028748998, 0.9981359, 0.053835995), (0.06000101, 0.9978891, 0.024843002), (0.05728497, 0.99788845, 0.030610982), (0, 0.063023016, 0.9980121), (0.09801698, 2.2097541e-16, 0.9951848), (0.09781303, 0.063022025, 0.99320734), (-0.036074005, 0.99788815, -0.054019008), (0.03872901, 0.99813527, 0.04718301), (-0.05841398, 0.9981355, -0.01770099), (-0.05640002, 0.99813527, -0.023347005), (-0.041200995, 0.9978888, -0.05020399), (0.043154, 0.99813604, 0.043154), (0.063724004, 0.9978872, 0.012665002), (0.06216803, 0.99788743, 0.018861007), (-0.05020399, 0.9978888, -0.041200995), (-0.045931, 0.997888, -0.045932), (0.06464003, 0.99788845, 0.006348003), (-0.059848968, 0.9981365, -0.011902994), (0.050754026, 0.99813545, 0.033907015), (0.04718301, 0.99813527, 0.03872901), (0.06497499, 0.9978869, -2.215754e-16), (-0.06073401, 0.9981361, -0.005982001), (-0.05728497, 0.99788845, -0.030610982), (-0.054019008, 0.99788815, -0.036074005), (0.06464003, 0.99788845, -0.006348003), (-0.06103903, 0.99813545, -2.2163059e-16), (-0.06000101, 0.9978891, -0.024843002), (0.053835995, 0.9981359, 0.028748998), (0.063724004, 0.9978872, -0.012666002), (-0.06073401, 0.9981361, 0.005982001), (-0.06216803, 0.99788743, -0.018861007), (0.05640002, 0.99813527, 0.023347005), (0.062168002, 0.997888, -0.018831), (-0.059878983, 0.9981347, 0.011901996), (-0.063724004, 0.9978872, -0.012666002), (0.05841398, 0.9981355, 0.01770099), (0.06000101, 0.9978891, -0.024843002), (-0.05841398, 0.9981355, 0.01770099), (0.06073401, 0.9981361, 0.005982001), (0.059848968, 0.9981365, 0.011901993), (-0.053835995, 0.9981359, 0.028748998), (-0.05640002, 0.99813527, 0.023347005), (-0.06464003, 0.99788845, -0.006348003), (0.06103903, 0.99813545, -2.2163059e-16), (0.054019008, 0.99788815, -0.036074005), (0.05728497, 0.99788845, -0.030610982), (-0.06494499, 0.9978888, -2.2157583e-16), (0.06073401, 0.9981361, -0.005982001), (0.05020399, 0.9978888, -0.041200995), (-0.050754026, 0.99813545, 0.033907015), (-0.06464003, 0.99788845, 0.006348003), (-0.04718301, 0.99813527, 0.03872901), (-0.9550434, 0.06302302, 0.28969008), (-0.9238801, 8.497248e-17, 0.38268203), (-0.9220453, 0.06302202, 0.38191712), (0.63312984, 0.063022986, -0.77147573), (0.5555692, -1.8462351e-16, -0.8314704), (0.55447066, 0.06302197, -0.82981354), (-0.8819221, 1.0467072e-16, 0.47139502), (-0.88017184, 0.06302199, 0.4704529), (0.47139627, -1.9582592e-16, -0.8819215), (0.47045287, 0.06302198, -0.8801717), (-0.09781303, 0.063022025, 0.99320734), (-0.000001, 2.220446e-16, 1), (-0.83147055, 1.2336104e-16, 0.55556875), (-0.82981354, 0.06302197, 0.55447066), (0.38268292, -2.0514253e-16, -0.9238798), (0.38191712, 0.06302202, -0.9220453), (0.19509007, 2.177781e-16, 0.98078537), (0.19468097, 0.063022, 0.97883993), (-0.7730113, 1.4086338e-16, 0.63439226), (-0.77147573, 0.063022986, 0.63312984), (0.2902839, -2.124835e-16, -0.9569406), (0.28969008, 0.063022025, -0.9550434), (0.29028505, 2.1248342e-16, 0.95694023), (0.28969008, 0.06302302, 0.9550434), (-0.70710826, 1.570089e-16, 0.7071052), (-0.7057011, 0.063023016, 0.7057011), (0.19508892, -2.1777814e-16, -0.98078555), (0.19468097, 0.063022, -0.97883993), (0.38268375, 2.0514243e-16, 0.9238794), (0.38191712, 0.06302202, 0.9220453), (-0.7057011, 0.063023016, 0.7057011), (-0.634395, 1.7164248e-16, 0.773009), (-0.63312984, 0.063022986, 0.77147573), (0.09801598, -2.2097542e-16, -0.99518484), (0.09781304, 0.06302103, -0.9932074), (0.47139704, 1.9582581e-16, 0.88192105), (0.47045287, 0.06302198, 0.8801717), (-0.55557287, 1.8462295e-16, 0.83146787), (-0.55447066, 0.06302197, 0.82981354), (-0.000001, -2.220446e-16, -1), (0, 0.063022, -0.9980121), (0.5555699, 1.846234e-16, 0.8314699), (0.55446917, 0.06305202, 0.8298123), (-0.47139904, 1.9582559e-16, 0.88192004), (-0.47045287, 0.06302198, 0.8801717), (-0.09801796, -2.2097538e-16, -0.99518466), (-0.09781303, 0.06299102, -0.99320936), (0.63439226, 1.71643e-16, 0.7730113), (0.63312984, 0.063022986, 0.77147573), (-0.3826862, 2.0514222e-16, 0.92387843), (-0.38191712, 0.06302202, 0.9220453), (-0.19509007, -2.177781e-16, -0.98078537), (-0.19468097, 0.063022, -0.97883993), (0.70710677, 1.5700924e-16, 0.70710677), (0.7057011, 0.063023016, 0.7057011), (-0.2902881, 2.1248322e-16, 0.95693934), (-0.28969008, 0.06302302, 0.9550434), (-0.29028597, -2.1248335e-16, -0.95693994), (-0.28969008, 0.063022025, -0.9550434), (0.7057011, 0.063023016, 0.7057011), (0.77301043, 1.4086362e-16, 0.63439333), (0.77147573, 0.063022986, 0.63312984), (-0.19509296, 2.1777797e-16, 0.9807848), (-0.19468097, 0.063022, 0.97883993), (-0.38268495, -2.0514233e-16, -0.9238789), (-0.38191712, 0.06302202, -0.9220453), (0.83146906, 1.2336155e-16, 0.555571), (0.82981354, 0.06302197, 0.55447066), (-0.09801896, 2.2097537e-16, 0.9951846), (-0.47139782, -1.9582573e-16, -0.8819207), (-0.47045287, 0.06302198, -0.8801717), (0.88192105, 1.0467117e-16, 0.47139704), (0.88017184, 0.06302199, 0.4704529), (-0.005982001, 0.9981361, -0.06073401), (0.006347996, 0.99788845, 0.06463997), (-0.555571, -1.8462322e-16, -0.83146906), (-0.55447066, 0.06302197, -0.82981354), (0.9238793, 8.4972936e-17, 0.38268408), (0.9220437, 0.06305298, 0.38191587), (-0.63439393, -1.7164268e-16, -0.7730099), (-0.63312984, 0.063022986, -0.77147573), (0.95694023, 6.445623e-17, 0.29028505), (0.9550434, 0.06302302, 0.28969008), (-0.7071078, -1.5700902e-16, -0.70710576), (-0.7057011, 0.063023016, -0.7057011), (0.98078537, 4.3318698e-17, 0.19509007), (0.97883993, 0.063022, 0.19468097), (-0.7057011, 0.063023016, -0.7057011), (-0.77301085, -1.408635e-16, -0.6343928), (-0.77147573, 0.063022986, -0.63312984), (0.9951848, 2.1764141e-17, 0.09801698), (0.99320734, 0.063022025, 0.09781303), (-0.8314699, -1.233613e-16, -0.5555699), (-0.82981354, 0.06302197, -0.55447066), (1, 0, 0), (0.9980121, 0.063022, -1.3993696e-17), (-0.88192177, -1.04670905e-16, -0.47139585), (-0.88017184, 0.06302199, -0.4704529), (0.9951848, -2.1764141e-17, -0.09801698), (0.99320734, 0.063022025, -0.09781303), (-0.9238798, -8.497268e-17, -0.38268292), (-0.9220453, 0.06302202, -0.38191712), (0.98078537, -4.3318698e-17, -0.19509007), (0.97883993, 0.063022, -0.19468097), (-0.95694023, -6.445623e-17, -0.29028505), (-0.9550434, 0.063022025, -0.28969008), (0.95694023, -6.445623e-17, -0.29028505), (0.9550434, 0.063022025, -0.28969008), (-0.98078537, -4.3318698e-17, -0.19509007), (-0.97883993, 0.063022, -0.19468097), (0.9238798, -8.497268e-17, -0.38268292), (0.9220453, 0.06302202, -0.38191712), (-0.9951848, -2.1764141e-17, -0.09801698), (-0.99320734, 0.063022025, -0.09781303), (0.88192105, -1.0467117e-16, -0.47139704), (0.88017184, 0.06302199, -0.4704529), (-1, 2.220446e-22, 0.000001), (-0.9980121, 0.063022, -1.3993696e-17), (0.83146906, -1.2336155e-16, -0.555571), (0.82981354, 0.06302197, -0.55447066), (-0.99518466, 2.176436e-17, 0.09801796), (-0.99320734, 0.063022025, 0.09781303), (0.7730099, -1.4086375e-16, -0.63439393), (0.77147573, 0.063022986, -0.63312984), (-0.98078537, 4.3318698e-17, 0.19509007), (-0.97883993, 0.063022, 0.19468097), (0.70710576, -1.5700947e-16, -0.7071078), (0.7057011, 0.063023016, -0.7057011), (-0.9569406, 6.445597e-17, 0.2902839), (0.7057011, 0.063023016, -0.7057011), (0.63439226, -1.71643e-16, -0.7730113), (-0.09781398, 0.063296996, -0.99318975), (0.000001, -2.220446e-16, -1), (0, 0.06326499, -0.9979968), (0.5544409, 0.063265994, 0.8298149), (0.47139782, 1.9582573e-16, 0.8819207), (0.4704569, 0.06329699, 0.88014984), (-0.92203116, 0.06326501, -0.38191107), (-0.88192105, -1.0467117e-16, -0.47139704), (-0.88015157, 0.06326697, -0.4704578), (-0.1946841, 0.06326703, -0.97882354), (-0.09801698, -2.2097541e-16, -0.9951848), (0.63312, 0.063265994, 0.7714639), (0.555571, 1.8462322e-16, 0.83146906), (-0.95502853, 0.06326597, -0.28968585), (-0.9238794, -8.497286e-17, -0.38268375), (0.70569026, 0.06326602, 0.70569026), (0.63439393, 1.7164268e-16, 0.7730099), (-0.97882354, 0.06326703, -0.1946841), (-0.95694023, -6.445623e-17, -0.29028505), (0.7714639, 0.063265994, 0.63312), (0.70710725, 1.5700912e-16, 0.70710623), (0.70569026, 0.06326602, 0.70569026), (-0.9931916, 0.06326697, -0.097814955), (-0.98078555, -4.3318443e-17, -0.19508892), (0.8298149, 0.063265994, 0.5544409), (0.7730113, 1.4086338e-16, 0.63439226), (-0.9979967, 0.06326598, -1.404787e-17), (-0.9951848, -2.1764141e-17, -0.09801698), (0.88015157, 0.06326697, 0.4704578), (0.8314699, 1.233613e-16, 0.5555699), (-0.9931916, 0.06326697, 0.097814955), (-1, 2.220446e-22, 0.000001), (0.92203116, 0.06326501, 0.38191107), (0.88192105, 1.0467117e-16, 0.47139704), (-0.97882354, 0.06326703, 0.1946841), (-0.9951848, 2.1764141e-17, 0.09801698), (0.95502687, 0.06329599, 0.28968498), (0.9238798, 8.497268e-17, 0.38268292), (-0.95502853, 0.06326597, 0.28968585), (-0.98078537, 4.3318698e-17, 0.19509007), (0.9788248, 0.063264996, 0.19467795), (0.9569406, 6.445597e-17, 0.2902839), (-0.92203116, 0.06326501, 0.38191107), (-0.95693994, 6.4456435e-17, 0.29028597), (0.9931916, 0.06326697, 0.097814955), (0.98078555, 4.3318443e-17, 0.19508892), (-0.88015157, 0.06326697, 0.4704578), (-0.9238794, 8.497286e-17, 0.38268375), (0.9979967, 0.06326598, -1.404787e-17), (0.9951848, 2.1764141e-17, 0.09801698), (-0.8298149, 0.063265994, 0.5544409), (-0.88192105, 1.0467117e-16, 0.47139704), (0.9931916, 0.06326697, -0.097814955), (1, 0, 0), (-0.7714639, 0.063265994, 0.63312), (-0.8314695, 1.233614e-16, 0.55557036), (0.9788216, 0.06329697, -0.19468391), (0.99518484, -2.176392e-17, -0.09801598), (-0.70569026, 0.06326602, 0.70569026), (-0.77301085, 1.408635e-16, 0.6343928), (0.95502853, 0.06326597, -0.28968585), (0.98078537, -4.3318698e-17, -0.19509007), (-0.63312, 0.063265994, 0.7714639), (-0.70710623, 1.5700935e-16, 0.70710725), (-0.70569026, 0.06326602, 0.70569026), (0.92203116, 0.06326501, -0.38191107), (0.95694053, -6.445603e-17, -0.29028416), (-0.5544401, 0.063297, 0.8298131), (-0.6343928, 1.7164289e-16, 0.77301085), (0.88015157, 0.06326697, -0.4704578), (0.9238801, -8.497248e-17, -0.38268203), (-0.4704578, 0.06326697, 0.88015157), (-0.5555692, 1.8462351e-16, 0.8314704), (0.8298149, 0.063265994, -0.5544409), (0.8819221, -1.0467072e-16, -0.47139502), (-0.38191107, 0.06326501, 0.92203116), (-0.47139704, 1.9582581e-16, 0.88192105), (0.09801896, -2.2097537e-16, -0.9951846), (0.09781497, 0.06326599, -0.9931917), (0.7714639, 0.063265994, -0.63312), (0.83147115, -1.2336087e-16, -0.555568), (-0.28968498, 0.06329599, 0.95502687), (-0.38268408, 2.0514242e-16, 0.9238793), (-0.28968585, 0.06326597, -0.95502853), (-0.19509007, -2.177781e-16, -0.98078537), (0.70569026, 0.06326602, -0.70569026), (0.7730113, -1.4086338e-16, -0.63439226), (-0.1946841, 0.06326703, 0.97882354), (-0.2902839, 2.124835e-16, 0.9569406), (-0.38191107, 0.06326501, -0.92203116), (-0.29028505, -2.1248342e-16, -0.95694023), (0.63312, 0.063265994, -0.7714639), (0.7071078, -1.5700902e-16, -0.70710576), (0.70569026, 0.06326602, -0.70569026), (-0.097814955, 0.06326697, 0.9931916), (-0.19508892, 2.1777814e-16, 0.98078555), (-0.4704578, 0.06326697, -0.88015157), (-0.38268292, -2.0514253e-16, -0.9238798), (0.5544409, 0.063265994, -0.8298149), (0.634395, -1.7164248e-16, -0.773009), (0, 0.06326598, 0.9979967), (-0.09801698, 2.2097541e-16, 0.9951848), (-0.5544409, 0.063265994, -0.8298149), (-0.47139704, -1.9582581e-16, -0.88192105), (0.4704578, 0.06326697, -0.88015157), (0.55557215, -1.8462306e-16, -0.83146834), (0.097814955, 0.06326697, 0.9931916), (0.000001, 2.220446e-16, 1), (-0.63312, 0.063265994, -0.7714639), (-0.5555699, -1.846234e-16, -0.8314699), (0.38191107, 0.06326501, -0.92203116), (0.47139904, -1.9582559e-16, -0.88192004), (0.1946839, 0.06329797, 0.9788215), (0.09801796, 2.2097538e-16, 0.99518466), (-0.70569026, 0.06326602, -0.70569026), (-0.6343928, -1.7164289e-16, -0.77301085), (0.28968585, 0.06326597, -0.95502853), (0.3826862, -2.0514222e-16, -0.92387843), (0.28968498, 0.06329599, 0.95502687), (0.19509007, 2.177781e-16, 0.98078537), (-0.7714639, 0.063265994, -0.63312), (-0.70710677, -1.5700924e-16, -0.70710677), (-0.70569026, 0.06326602, -0.70569026), (0.1946841, 0.06326703, -0.97882354), (0.2902881, -2.1248322e-16, -0.95693934), (0.38191107, 0.06326501, 0.92203116), (0.29028597, 2.1248335e-16, 0.95693994), (-0.8298149, 0.063265994, -0.5544409), (-0.77301085, -1.408635e-16, -0.6343928), (0.19509296, -2.1777797e-16, -0.9807848), (0.38268495, 2.0514233e-16, 0.9238789), (-0.83146906, -1.2336155e-16, -0.555571), (0, 0.8940667, 0.44793385), (0.043887023, 0.8940595, 0.4457932), (0, 0.43659908, 0.89965624), (0.08816999, 0.436575, 0.895337), (0, 0.43659908, 0.89965624), (0.08816999, 0.436575, 0.895337), (0.087376975, 0.89406776, 0.43932688), (0.17551507, 0.43660522, 0.8823663), (0.17551507, 0.43660522, 0.8823663), (0.130013, 0.8940689, 0.42864594), (0.26115215, 0.43660724, 0.86091447), (0.26115215, 0.43660724, 0.86091447), (0.17139705, 0.89406717, 0.41384405), (0.34428084, 0.43659982, 0.8311747), (0.34428084, 0.43659982, 0.8311747), (0.21116298, 0.89406496, 0.39504194), (0.424095, 0.43657696, 0.793438), (0.424095, 0.43657696, 0.793438), (0.24885407, 0.8940623, 0.37245712), (0.49981803, 0.43661204, 0.748032), (0.49981803, 0.43661204, 0.748032), (0.284165, 0.89406186, 0.34627098), (0.57074517, 0.43658113, 0.69544727), (0.57074517, 0.43658113, 0.69544727), (0.31673208, 0.89407027, 0.31673208), (0.63614863, 0.43661177, 0.63614863), (0.63614863, 0.43661177, 0.63614863), (0.34627184, 0.89406157, 0.28416488), (0.69544727, 0.43658113, 0.57074517), (0.63614863, 0.43661177, 0.63614863), (0.69544727, 0.43658113, 0.57074517), (0.37245712, 0.8940623, 0.24885407), (0.74804276, 0.4365869, 0.49982384), (0.74804276, 0.4365869, 0.49982384), (0.39504278, 0.8940646, 0.21116287), (0.793438, 0.43657696, 0.424095), (0.793438, 0.43657696, 0.424095), (0.41384175, 0.8940626, 0.17142692), (0.8311747, 0.43659982, 0.34428084), (0.8311747, 0.43659982, 0.34428084), (0.42864594, 0.8940689, 0.130013), (0.86091465, 0.43660685, 0.2611519), (0.86091465, 0.43660685, 0.2611519), (0.4393281, 0.89406717, 0.08737701), (0.8823663, 0.43660522, 0.17551507), (0.8823663, 0.43660522, 0.17551507), (0.44579405, 0.89405906, 0.043886), (0.89533705, 0.43657503, 0.088169), (0.89533705, 0.43657503, 0.088169), (0.44793385, 0.8940667, -1.9852269e-16), (0.8996566, 0.43659827, -9.694429e-17), (0.8996566, 0.43659827, -9.694429e-17), (0.44576883, 0.89407164, -0.043886986), (0.895337, 0.436575, -0.08816999), (0.895337, 0.436575, -0.08816999), (0.4393281, 0.89406717, -0.08737701), (0.882378, 0.43658102, -0.17551701), (0.882378, 0.43658102, -0.17551701), (0.42864594, 0.8940689, -0.130013), (0.86092603, 0.43658203, -0.261156), (0.86092603, 0.43658203, -0.261156), (0.41384405, 0.89406717, -0.17139705), (0.8311653, 0.43661118, -0.34428912), (0.8311653, 0.43661118, -0.34428912), (0.3950452, 0.8940703, -0.21113409), (0.79342765, 0.43660185, -0.42408884), (0.79342765, 0.43660185, -0.42408884), (0.37245712, 0.8940623, -0.24885407), (0.74803245, 0.4366117, -0.49981764), (0.74803245, 0.4366117, -0.49981764), (0.34627184, 0.89406157, -0.28416488), (0.69544774, 0.43658087, -0.5707448), (0.69544774, 0.43658087, -0.5707448), (0.31673208, 0.89407027, -0.31673208), (0.6361571, 0.4365871, -0.6361571), (0.6361571, 0.4365871, -0.6361571), (0.28416488, 0.89406157, -0.34627184), (0.5707448, 0.43658087, -0.69544774), (0.5707448, 0.43658087, -0.69544774), (0.24885407, 0.8940623, -0.37245712), (0.4998129, 0.4365769, -0.7480559), (0.4998129, 0.4365769, -0.7480559), (0.21113409, 0.8940703, -0.3950452), (0.42408884, 0.43660185, -0.79342765), (0.42408884, 0.43660185, -0.79342765), (0.17139705, 0.89406717, -0.41384405), (0.344281, 0.436599, -0.831175), (0.344281, 0.436599, -0.831175), (0.13001294, 0.89406854, -0.42864677), (0.2611519, 0.43660685, -0.86091465), (0.2611519, 0.43660685, -0.86091465), (0.08737701, 0.89406717, -0.4393281), (0.17551707, 0.43658018, -0.8823783), (0.17551707, 0.43658018, -0.8823783), (0.043887, 0.89405906, -0.44579405), (0.08816805, 0.4365992, -0.89532536), (0.08816805, 0.4365992, -0.89532536), (0, 0.8940667, -0.44793385), (0, 0.43660998, -0.89965093), (0, 0.43660998, -0.89965093), (-0.043887, 0.89405906, -0.44579405), (-0.08816999, 0.436575, -0.895337), (-0.08816999, 0.436575, -0.895337), (-0.08737701, 0.89406717, -0.4393281), (-0.17551507, 0.43660522, -0.8823663), (-0.17551507, 0.43660522, -0.8823663), (-0.13001294, 0.89406854, -0.42864677), (-0.2611519, 0.43660685, -0.86091465), (-0.2611519, 0.43660685, -0.86091465), (-0.17139705, 0.89406717, -0.41384405), (-0.34428498, 0.436575, -0.83118594), (-0.34428498, 0.436575, -0.83118594), (-0.21116309, 0.89406437, -0.39504313), (-0.42408884, 0.43660185, -0.79342765), (-0.42408884, 0.43660185, -0.79342765), (-0.24885407, 0.8940623, -0.37245712), (-0.49982384, 0.4365869, -0.74804276), (-0.49982384, 0.4365869, -0.74804276), (-0.28416488, 0.89406157, -0.34627184), (-0.5707448, 0.43658087, -0.69544774), (-0.5707448, 0.43658087, -0.69544774), (-0.31673208, 0.89407027, -0.31673208), (-0.6361571, 0.4365871, -0.6361571), (-0.6361571, 0.4365871, -0.6361571), (-0.34627184, 0.89406157, -0.28416488), (-0.69544774, 0.43658087, -0.5707448), (-0.69544774, 0.43658087, -0.5707448), (-0.37245712, 0.8940623, -0.24885407), (-0.74803245, 0.4366117, -0.49981764), (-0.74803245, 0.4366117, -0.49981764), (-0.3950452, 0.8940703, -0.21113409), (-0.79342765, 0.43660185, -0.42408884), (-0.79342765, 0.43660185, -0.42408884), (-0.41384405, 0.89406717, -0.17139705), (-0.831186, 0.43657503, -0.344285), (-0.831186, 0.43657503, -0.344285), (-0.42864594, 0.8940689, -0.130013), (-0.86091465, 0.43660685, -0.2611519), (-0.86091465, 0.43660685, -0.2611519), (-0.4393281, 0.89406717, -0.08737701), (-0.8823663, 0.43660522, -0.17551507), (-0.8823663, 0.43660522, -0.17551507), (-0.44579405, 0.89405906, -0.043887), (-0.895337, 0.436575, -0.08816999), (-0.895337, 0.436575, -0.08816999), (-0.44793385, 0.8940667, -1.9852269e-16), (-0.8996683, 0.43657416, -9.693894e-17), (-0.8996683, 0.43657416, -9.693894e-17), (-0.44579405, 0.89405906, 0.043886), (-0.89533705, 0.43657503, 0.088169), (-0.89533705, 0.43657503, 0.088169), (-0.4393281, 0.89406717, 0.08737701), (-0.8823663, 0.43660522, 0.17551507), (-0.8823663, 0.43660522, 0.17551507), (-0.42864594, 0.8940689, 0.130013), (-0.86092603, 0.43658203, 0.261156), (-0.86092603, 0.43658203, 0.261156), (-0.41384405, 0.89406717, 0.17139705), (-0.831186, 0.43657503, 0.344285), (-0.831186, 0.43657503, 0.344285), (-0.39504278, 0.8940646, 0.21116287), (-0.793438, 0.43657696, 0.424095), (-0.793438, 0.43657696, 0.424095), (-0.37245712, 0.8940623, 0.24885407), (-0.74803245, 0.4366117, 0.49981764), (-0.74803245, 0.4366117, 0.49981764), (-0.34627184, 0.89406157, 0.28416488), (-0.69544727, 0.43658113, 0.57074517), (-0.69544727, 0.43658113, 0.57074517), (-0.31673208, 0.89407027, 0.31673208), (-0.63614863, 0.43661177, 0.63614863), (-0.63614863, 0.43661177, 0.63614863), (-0.284165, 0.89406186, 0.34627098), (-0.57073706, 0.43660608, 0.69543815), (-0.63614863, 0.43661177, 0.63614863), (-0.57073706, 0.43660608, 0.69543815), (-0.24885407, 0.8940623, 0.37245712), (-0.4998129, 0.4365769, 0.7480559), (-0.4998129, 0.4365769, 0.7480559), (-0.21116298, 0.89406496, 0.39504194), (-0.42408922, 0.43660218, 0.7934273), (-0.42408922, 0.43660218, 0.7934273), (-0.17139705, 0.89406717, 0.41384405), (-0.34428084, 0.43659982, 0.8311747), (-0.34428084, 0.43659982, 0.8311747), (-0.130013, 0.8940689, 0.42864594), (-0.261156, 0.43658203, 0.86092603), (-0.261156, 0.43658203, 0.86092603), (-0.087376975, 0.89406776, 0.43932688), (-0.17551701, 0.43658102, 0.882378), (-0.17551701, 0.43658102, 0.882378), (-0.043887023, 0.8940595, 0.4457932), (-0.08816999, 0.436575, 0.895337), (-0.08816999, 0.436575, 0.895337), (0, 0.9978869, 0.06497499), (-0.087772034, 0.44459617, -0.8914204), (-0.087772034, 0.44459617, -0.8914204), (0, 0.9020502, -0.43163103), (-0.042298984, 0.9020377, -0.42957985), (-0.174751, 0.44459903, -0.87851804), (-0.174751, 0.44459903, -0.87851804), (-0.084201984, 0.9020538, -0.4233309), (-0.25999403, 0.4446041, -0.85716414), (-0.12528107, 0.90205234, -0.41304517), (-0.25999403, 0.4446041, -0.85716414), (-0.34275913, 0.44460115, -0.8275543), (-0.34275913, 0.44460115, -0.8275543), (-0.16516994, 0.90205675, -0.3987639), (-0.42223585, 0.44460583, -0.78996366), (-0.42223585, 0.44460583, -0.78996366), (-0.20347008, 0.9020503, -0.3806641), (-0.49764386, 0.44457084, -0.74478674), (-0.23979, 0.902058, -0.35887596), (-0.49764386, 0.44457084, -0.74478674), (-0.568234, 0.44460106, -0.692416), (-0.568234, 0.44460106, -0.692416), (-0.27381608, 0.9020493, -0.33366415), (-0.6333731, 0.44460902, -0.6333731), (-0.6333731, 0.44460902, -0.6333731), (-0.30519384, 0.9020606, -0.30519384), (-0.6333731, 0.44460902, -0.6333731), (-0.69242495, 0.444577, -0.56824195), (-0.33366415, 0.9020493, -0.27381608), (-0.69242495, 0.444577, -0.56824195), (-0.7447634, 0.4446052, -0.49764827), (-0.35887596, 0.902058, -0.23979), (-0.7447634, 0.4446052, -0.49764827), (-0.7899633, 0.44460616, -0.42223617), (-0.3806641, 0.9020503, -0.20347008), (-0.7899633, 0.44460616, -0.42223617), (-0.8275543, 0.44460115, -0.34275913), (-0.3987898, 0.9020456, -0.16516791), (-0.8275543, 0.44460115, -0.34275913), (-0.8571638, 0.44460487, -0.2599939), (-0.41304517, 0.90205234, -0.12528107), (-0.8571638, 0.44460487, -0.2599939), (-0.87852216, 0.4446021, -0.17472203), (-0.4233309, 0.9020538, -0.084201984), (-0.87852216, 0.4446021, -0.17472203), (-0.89143246, 0.44457173, -0.08777295), (-0.4295548, 0.9020496, -0.04229898), (-0.89143246, 0.44457173, -0.08777295), (-0.8957298, 0.44459882, -9.872077e-17), (-0.8957298, 0.44459882, -9.872077e-17), (-0.43162993, 0.9020508, -2.0029551e-16), (-0.8914204, 0.44459617, 0.087772034), (-0.8914204, 0.44459617, 0.087772034), (-0.4295548, 0.9020496, 0.04229898), (-0.87852216, 0.4446021, 0.17472203), (-0.4233309, 0.9020538, 0.084201984), (-0.87852216, 0.4446021, 0.17472203), (-0.8571638, 0.44460487, 0.2599939), (-0.8571638, 0.44460487, 0.2599939), (-0.41304517, 0.90205234, 0.12528107), (-0.8275651, 0.4445771, 0.34276408), (-0.8275651, 0.4445771, 0.34276408), (-0.3987898, 0.9020456, 0.16516791), (-0.7899636, 0.44460636, 0.42223534), (-0.7899636, 0.44460636, 0.42223534), (-0.38066378, 0.9020505, 0.20346989), (-0.7447631, 0.444606, 0.49764803), (-0.7447631, 0.444606, 0.49764803), (-0.35887596, 0.902058, 0.23979), (-0.692416, 0.44460106, 0.568234), (-0.692416, 0.44460106, 0.568234), (-0.33366415, 0.9020493, 0.27381608), (-0.6333691, 0.44457608, 0.63340014), (-0.6333691, 0.44457608, 0.63340014), (-0.30521813, 0.90204424, 0.30521813), (-0.5682338, 0.44460183, 0.6924158), (-0.5682338, 0.44460183, 0.6924158), (-0.27381608, 0.9020493, 0.33366415), (-0.49764803, 0.444606, 0.7447631), (-0.49764803, 0.444606, 0.7447631), (-0.23978703, 0.9020482, 0.35890302), (-0.42223617, 0.44460616, 0.7899633), (-0.20346989, 0.9020505, 0.38066378), (-0.42223617, 0.44460616, 0.7899633), (-0.34276408, 0.4445771, 0.8275651), (-0.34276408, 0.4445771, 0.8275651), (-0.16516791, 0.9020456, 0.3987898), (-0.2599939, 0.44460487, 0.8571638), (-0.12528107, 0.90205234, 0.41304517), (-0.2599939, 0.44460487, 0.8571638), (-0.17472203, 0.4446021, 0.87852216), (-0.08420101, 0.9020421, 0.42335606), (-0.17472203, 0.4446021, 0.87852216), (-0.087773025, 0.44457212, 0.8914323), (-0.04229898, 0.9020496, 0.4295548), (-0.087773025, 0.44457212, 0.8914323), (0, 0.44457486, 0.8957417), (0, 0.44457486, 0.8957417), (0, 0.9020388, 0.4316549), (0.087773025, 0.44457212, 0.8914323), (0.04229898, 0.9020496, 0.4295548), (0.087773025, 0.44457212, 0.8914323), (0.17472203, 0.4446021, 0.87852216), (0.084201984, 0.9020538, 0.4233309), (0.17472203, 0.4446021, 0.87852216), (0.26002207, 0.4446011, 0.8571571), (0.12528107, 0.90205234, 0.41304517), (0.26002207, 0.4446011, 0.8571571), (0.34275913, 0.44460115, 0.8275543), (0.16516791, 0.9020456, 0.3987898), (0.34275913, 0.44460115, 0.8275543), (0.42223617, 0.44460616, 0.7899633), (0.20346989, 0.9020505, 0.38066378), (0.42223617, 0.44460616, 0.7899633), (0.49764386, 0.44457084, 0.74478674), (0.23978703, 0.9020482, 0.35890302), (0.49764386, 0.44457084, 0.74478674), (0.5682338, 0.44460183, 0.6924158), (0.27381608, 0.9020493, 0.33366415), (0.5682338, 0.44460183, 0.6924158), (0.63338137, 0.44458523, 0.63338137), (0.30521813, 0.90204424, 0.30521813), (0.63338137, 0.44458523, 0.63338137), (0.692416, 0.44460106, 0.568234), (0.692416, 0.44460106, 0.568234), (0.33366415, 0.9020493, 0.27381608), (0.7447631, 0.444606, 0.49764803), (0.7447631, 0.444606, 0.49764803), (0.35890302, 0.9020482, 0.23978703), (0.7899636, 0.44460636, 0.42223534), (0.38066378, 0.9020505, 0.20346989), (0.7899636, 0.44460636, 0.42223534), (0.8275543, 0.44460115, 0.34275913), (0.8275543, 0.44460115, 0.34275913), (0.3987898, 0.9020456, 0.16516791), (0.8571638, 0.44460487, 0.2599939), (0.41304517, 0.90205234, 0.12528107), (0.8571638, 0.44460487, 0.2599939), (0.878534, 0.444578, 0.17472401), (0.42335606, 0.9020421, 0.08420101), (0.878534, 0.444578, 0.17472401), (0.89143246, 0.44457173, 0.08777295), (0.4295548, 0.9020496, 0.04229898), (0.89143246, 0.44457173, 0.08777295), (0.8957417, 0.44457486, -9.871545e-17), (0.8957417, 0.44457486, -9.871545e-17), (0.43162993, 0.9020508, -2.0029551e-16), (0.89143246, 0.44457173, -0.08777295), (0.89143246, 0.44457173, -0.08777295), (0.4295548, 0.9020496, -0.04229898), (0.87852216, 0.4446021, -0.17472203), (0.87852216, 0.4446021, -0.17472203), (0.42335606, 0.9020421, -0.08420101), (0.85716856, 0.4445768, -0.2600259), (0.41304517, 0.90205234, -0.12528107), (0.85716856, 0.4445768, -0.2600259), (0.8275651, 0.4445771, -0.34276408), (0.3987898, 0.9020456, -0.16516791), (0.8275651, 0.4445771, -0.34276408), (0.7899633, 0.44460616, -0.42223617), (0.3806641, 0.9020503, -0.20347008), (0.7899633, 0.44460616, -0.42223617), (0.74478674, 0.44457084, -0.49764386), (0.35890302, 0.9020482, -0.23978703), (0.74478674, 0.44457084, -0.49764386), (0.69242495, 0.444577, -0.56824195), (0.69242495, 0.444577, -0.56824195), (0.33366415, 0.9020493, -0.27381608), (0.63340014, 0.44457608, -0.6333691), (0.305218, 0.90204394, -0.30521896), (0.63340014, 0.44457608, -0.6333691), (0.568234, 0.44460106, -0.692416), (0.568234, 0.44460106, -0.692416), (0.27381608, 0.9020493, -0.33366415), (0.49764827, 0.4446052, -0.7447634), (0.23978703, 0.9020482, -0.35890302), (0.49764827, 0.4446052, -0.7447634), (0.42224112, 0.4445821, -0.78997415), (0.20347008, 0.9020503, -0.3806641), (0.42224112, 0.4445821, -0.78997415), (0.34275913, 0.44460115, -0.8275543), (0.16516791, 0.9020456, -0.3987898), (0.34275913, 0.44460115, -0.8275543), (0.26002604, 0.44457603, -0.857169), (0.12528107, 0.90205234, -0.41304517), (0.26002604, 0.44457603, -0.857169), (0.174751, 0.44459903, -0.87851804), (0.08420101, 0.9020421, -0.42335606), (0.174751, 0.44459903, -0.87851804), (0.08777295, 0.44457173, -0.89143246), (0.04229898, 0.9020496, -0.4295548), (0.08777295, 0.44457173, -0.89143246), (0, 0.44457486, -0.8957417), (0, 0.44457486, -0.8957417), (-0.70710826, 1.570089e-16, 0.7071052), (0.70710677, 1.5700924e-16, 0.70710677), (-0.7071078, -1.5700902e-16, -0.70710576), (0.70710576, -1.5700947e-16, -0.7071078), (0.63439393, 1.7164268e-16, 0.7730099), (-0.77301085, 1.408635e-16, 0.6343928), (0.7730113, -1.4086338e-16, -0.63439226), (-0.6343928, -1.7164289e-16, -0.77301085), (0.6361571, 0.4365871, -0.6361571), (-0.6361571, 0.4365871, -0.6361571), (-0.6333691, 0.44457608, 0.63340014), (0.63338137, 0.44458523, 0.63338137), (0.63340014, 0.44457608, -0.6333691)] (
                interpolation = "vertex"
            )
            uniform token physics:approximation = "convexHull"
            point3f[] points = [(-70.3488, 216.58488, -21.339981), (-65.00067, 216.5849, -12.929366), (-72.10174, 216.5849, -14.341862), (46.63692, 216.5849, 56.827328), (46.86284, 216.5849, 46.86289), (51.982403, 216.5849, 51.982475), (-61.22932, 216.58488, -25.361906), (-63.420383, 216.5849, -19.238274), (40.842304, 216.5849, 61.124916), (42.043804, 216.5849, 51.2306), (-67.91837, 216.58488, -28.132608), (-58.448586, 216.58488, -31.241295), (34.65434, 216.5849, 64.833824), (36.81986, 216.5849, 55.104923), (-64.833855, 216.58488, -34.65429), (-55.10496, 216.58488, -36.81981), (25.361942, 216.5849, 61.2293), (31.241333, 216.5849, 58.44855), (-7.205918, 216.58488, -73.16025), (-0.0000123410555, 216.58488, -66.274086), (-6.496233, 216.58488, -65.95492), (-61.124966, 216.58488, -40.842243), (-51.23066, 216.58488, -42.04373), (21.340006, 216.5849, 70.34879), (28.132645, 216.5849, 67.918365), (14.34191, 216.58488, -72.1017), (19.238337, 216.58488, -63.420364), (12.929428, 216.58488, -65.00066), (-56.8274, 216.58488, -46.63685), (-46.86296, 216.58488, -46.86274), (14.341862, 216.5849, 72.10174), (19.238298, 216.5849, 63.420376), (21.340054, 216.58488, -70.348755), (25.361992, 216.58488, -61.229282), (-51.982563, 216.58488, -51.982327), (-42.043953, 216.58488, -51.23046), (7.205597, 216.5849, 73.16029), (12.929366, 216.5849, 65.00066), (28.132694, 216.58488, -67.918335), (31.241383, 216.58488, -58.44852), (-46.637096, 216.58488, -56.8272), (-36.820057, 216.58488, -55.104786), (-0.00007404633, 216.5849, 73.51428), (6.495937, 216.5849, 65.954956), (40.842327, 216.58488, -61.124878), (34.654373, 216.58488, -64.83381), (-40.842503, 216.58488, -61.12478), (-31.241554, 216.58488, -58.44845), (-7.2057323, 216.5849, 73.16028), (-0.00006170528, 216.5849, 66.274086), (42.043827, 216.58488, -51.23056), (36.81991, 216.58488, -55.104885), (-28.132893, 216.58488, -67.918236), (-34.65457, 216.58488, -64.83371), (-12.929502, 216.5849, 65.00064), (-6.49606, 216.5849, 65.95494), (46.636948, 216.58488, -56.8273), (46.86286, 216.58488, -46.86286), (-19.238558, 216.58488, -63.420288), (-25.362177, 216.58488, -61.229183), (-14.341997, 216.5849, 72.10171), (-19.238422, 216.5849, 63.420345), (56.82728, 216.58488, -46.63697), (51.982426, 216.58488, -51.982452), (-21.340288, 216.58488, -70.34871), (-12.929662, 216.58488, -65.00059), (-28.132769, 216.5849, 67.918304), (-21.340141, 216.5849, 70.34876), (55.104885, 216.58488, -36.819923), (51.23056, 216.58488, -42.043842), (-14.34217, 216.58488, -72.10168), (-34.65446, 216.5849, 64.83377), (-25.362066, 216.5849, 61.22926), (61.124878, 216.58488, -40.842342), (58.44852, 216.58488, -31.241394), (-36.819984, 216.5849, 55.104862), (-31.241455, 216.5849, 58.448505), (67.918335, 216.58488, -28.132694), (64.83381, 216.58488, -34.65439), (-0.0000123410555, 217.39624, -74.32662), (7.2852707, 258.88724, -73.968735), (7.2852707, 217.39624, -73.968735), (-40.842415, 216.5849, 61.124847), (-42.043903, 216.5849, 51.230534), (63.420338, 216.5849, -19.238348), (61.22926, 216.58488, -25.361992), (-46.637035, 216.5849, 56.82725), (-46.862923, 216.5849, 46.862812), (72.1017, 216.5849, -14.34191), (70.34878, 216.58488, -21.340054), (-56.82735, 216.5849, 46.63691), (-51.982513, 216.5849, 51.982403), (73.16029, 216.5849, -7.205646), (65.00063, 216.5849, -12.929428), (-55.104935, 216.5849, 36.819885), (-51.23062, 216.5849, 42.043804), (73.51426, 216.5849, 0.0000123410555), (65.95494, 216.5849, -6.495986), (-64.83384, 216.5849, 34.65435), (-61.124928, 216.5849, 40.842304), (73.16027, 216.5849, 7.205683), (66.27406, 216.5849, 0.0000123410555), (-67.91836, 216.5849, 28.13267), (-58.448566, 216.5849, 31.241358), (72.1017, 216.5849, 14.341948), (65.95494, 216.5849, 6.496023), (-70.34879, 216.5849, 21.340054), (-61.2293, 216.5849, 25.36198), (70.348755, 216.5849, 21.340092), (65.00063, 216.5849, 12.929452), (-72.101715, 216.5849, 14.341935), (-63.420376, 216.5849, 19.238348), (67.918304, 216.5849, 28.132719), (63.420338, 216.5849, 19.238384), (-65.954956, 216.5849, 6.496023), (-65.000656, 216.5849, 12.92944), (58.44852, 216.5849, 31.241419), (61.22926, 216.5849, 25.362017), (-73.16029, 216.5849, 7.205683), (-66.27409, 216.5849, 0.00003702317), (61.12485, 216.5849, 40.842377), (64.833786, 216.5849, 34.65441), (-73.51429, 216.5849, 0.00003702317), (-65.95497, 216.5849, -6.4959493), (56.82728, 216.5849, 46.636997), (55.104862, 216.5849, 36.819935), (-73.1603, 216.5849, -7.2056093), (51.230534, 216.5849, 42.043877), (-71.12617, 217.39626, -21.575792), (-68.66889, 258.88724, -28.44348), (-68.66889, 217.39626, -28.44348), (47.15226, 217.39626, 57.455288), (41.293617, 258.88727, 61.800354), (41.293617, 217.39626, 61.800358), (-65.55028, 258.88724, -35.03723), (-65.55028, 217.39626, -35.03723), (35.03728, 258.88727, 65.55024), (35.03728, 217.39626, 65.55025), (-7.285542, 217.39624, -73.96868), (-0.0000123410555, 258.88724, -74.32662), (-61.800407, 258.88724, -41.293568), (-61.800407, 217.39626, -41.293552), (28.443516, 258.88727, 68.66887), (28.443516, 217.39626, 68.66887), (14.500395, 258.88724, -72.89847), (14.500395, 217.39624, -72.898445), (-57.455353, 258.88724, -47.15221), (-57.455353, 217.39624, -47.15221), (21.575817, 258.88727, 71.12615), (21.575817, 217.39626, 71.12616), (21.575867, 258.88724, -71.126144), (21.575867, 217.39624, -71.126144), (-52.556976, 258.88724, -52.556755), (-52.556976, 217.39624, -52.556755), (14.500345, 258.88727, 72.89847), (14.500345, 217.39626, 72.898476), (28.443565, 258.88724, -68.66884), (28.443565, 217.39624, -68.66884), (-52.556976, 217.39624, -52.556755), (-47.152447, 258.88724, -57.455166), (-47.152447, 217.39624, -57.455143), (7.285221, 258.88727, 73.96872), (7.285221, 217.39626, 73.96873), (35.03732, 258.88724, -65.55023), (35.03732, 217.39624, -65.55023), (-41.293827, 258.88724, -61.800205), (-41.293827, 217.39624, -61.800205), (-0.00007404633, 258.88727, 74.326614), (-0.00007404633, 217.39626, 74.32662), (41.29364, 258.88724, -61.800327), (41.29364, 217.39624, -61.800304), (-35.037514, 258.88724, -65.55013), (-35.037514, 217.39624, -65.55013), (-7.285357, 258.88727, 73.968704), (-7.285357, 217.39626, 73.968704), (47.15231, 258.88724, -57.455265), (47.15231, 217.39624, -57.455265), (-28.443764, 258.88724, -68.66877), (-28.443764, 217.39624, -68.66874), (-14.500481, 258.88727, 72.898445), (-14.500481, 217.39626, 72.898445), (52.556854, 258.88724, -52.556854), (52.556854, 217.39624, -52.556854), (-21.576101, 258.88724, -71.12609), (-21.576101, 217.39624, -71.12609), (-21.575954, 258.88727, 71.12612), (-21.575954, 217.39626, 71.12613), (52.556854, 217.39624, -52.556854), (57.45524, 258.88724, -47.15231), (57.45524, 217.39624, -47.15231), (-14.500654, 258.88724, -72.898415), (-14.500654, 217.39624, -72.898415), (-28.44364, 258.88727, 68.668816), (-28.44364, 217.39626, 68.66882), (61.800304, 258.88724, -41.293667), (61.800304, 217.39626, -41.293667), (-7.285542, 258.88724, -73.96868), (-35.03739, 258.88727, 65.550186), (-35.03739, 217.39626, 65.55019), (65.55023, 258.88724, -35.03733), (65.55023, 217.39626, -35.03732), (6.495986, 216.58488, -65.95494), (7.205646, 216.58488, -73.16029), (-41.293728, 258.88727, 61.800278), (-41.293728, 217.39626, 61.800285), (68.66884, 258.88724, -28.443565), (68.66884, 217.39626, -28.443565), (-47.152386, 258.88727, 57.455204), (-47.152386, 217.39626, 57.455215), (71.126144, 258.88724, -21.57588), (71.126144, 217.39626, -21.575867), (-52.556927, 258.88727, 52.556805), (-52.556927, 217.39626, 52.556805), (72.898445, 258.88724, -14.500395), (72.898445, 217.39626, -14.500395), (-52.556927, 217.39626, 52.556805), (-57.455315, 258.88727, 47.15226), (-57.455315, 217.39626, 47.15226), (73.968704, 258.88724, -7.2852707), (73.968704, 217.39626, -7.2852707), (-61.800373, 258.88727, 41.293617), (-61.800373, 217.39626, 41.293617), (74.32662, 258.88724, 0.0000123410555), (74.32662, 217.39626, 0.0000123410555), (-65.55026, 258.88727, 35.037292), (-65.55026, 217.39626, 35.037292), (73.968704, 258.88724, 7.2852955), (73.968704, 217.39626, 7.2853074), (-68.66887, 258.88727, 28.44354), (-68.66887, 217.39626, 28.44354), (72.898445, 258.88727, 14.50042), (72.898445, 217.39626, 14.500432), (-71.12616, 258.88727, 21.575867), (-71.12616, 217.39626, 21.575867), (71.12612, 258.88727, 21.575891), (71.12612, 217.39626, 21.575905), (-72.89845, 258.88727, 14.500407), (-72.89845, 217.39626, 14.50042), (68.668816, 258.88727, 28.443579), (68.668816, 217.39626, 28.44359), (-73.96873, 258.88724, 7.2852955), (-73.96873, 217.39626, 7.2853074), (65.55021, 258.88727, 35.037342), (65.55021, 217.39626, 35.037354), (-74.32663, 258.88724, 0.00003702317), (-74.32663, 217.39626, 0.00003702317), (61.800304, 258.88727, 41.29368), (61.800304, 217.39626, 41.29369), (-73.968735, 258.88724, -7.2852335), (-73.968735, 217.39626, -7.2852335), (57.455215, 258.88727, 47.152336), (57.455215, 217.39626, 47.152336), (-72.898476, 258.88724, -14.500345), (-72.898476, 217.39626, -14.500333), (52.556828, 258.88727, 52.556877), (52.556828, 217.39626, 52.55689), (-71.12617, 258.88724, -21.575806), (52.556828, 217.39626, 52.55689), (47.15226, 258.88727, 57.455288), (6.4163613, 217.39624, -65.14653), (-0.0000123410555, 256.5225, -65.46175), (-0.0000123410555, 217.39624, -65.46175), (-36.36867, 217.39626, 54.429436), (-30.858526, 256.52252, 57.732086), (-30.858526, 217.39626, 57.732098), (60.478775, 217.39626, -25.05112), (57.732098, 256.5225, -30.858463), (57.732098, 217.39626, -30.858463), (12.770944, 217.39624, -64.20392), (6.4163613, 256.5225, -65.14655), (-41.528564, 217.39626, 50.602585), (-36.36867, 256.52252, 54.429424), (62.643, 217.39626, -19.002535), (60.478775, 256.52252, -25.051134), (-46.28852, 217.39626, 46.28841), (-41.528564, 256.52252, 50.602585), (64.20392, 217.39626, -12.770944), (62.643, 256.52252, -19.002535), (-50.602673, 217.39626, 41.528465), (-46.28852, 256.52252, 46.28841), (-46.28852, 217.39626, 46.28841), (65.14653, 217.39626, -6.4163613), (64.20392, 256.52252, -12.770956), (-54.42951, 217.39626, 36.368572), (-50.602673, 256.52252, 41.528454), (65.46175, 217.39626, 0.0000123410555), (65.14653, 256.52252, -6.4163613), (-57.732147, 217.39626, 30.858438), (-54.42951, 256.52252, 36.368572), (65.14653, 217.39626, 6.4163985), (65.46175, 256.52252, 0.0000123410555), (-60.478806, 217.39626, 25.05112), (-57.732147, 256.52252, 30.858427), (64.20392, 217.39626, 12.770981), (65.14653, 256.52252, 6.416386), (-62.643024, 217.39626, 19.002535), (-60.478806, 256.52252, 25.05111), (62.642975, 217.39626, 19.002573), (64.20392, 256.52252, 12.770968), (-64.20393, 217.39626, 12.770968), (-62.643024, 256.52252, 19.002535), (60.47875, 217.39626, 25.051157), (62.642975, 256.52252, 19.00256), (-65.14655, 217.39626, 6.4163985), (-64.20393, 256.52252, 12.770956), (57.732098, 217.39626, 30.858488), (60.47875, 256.52252, 25.051146), (-65.46177, 217.39626, 0.00003702317), (-65.14655, 256.52252, 6.4163985), (54.429436, 217.39626, 36.368633), (57.732098, 256.52252, 30.858477), (-65.14656, 217.39626, -6.4163246), (-65.46177, 256.52252, 0.000024682111), (50.602596, 217.39626, 41.528526), (54.429436, 256.52252, 36.36862), (-64.20396, 217.39626, -12.770894), (-65.14656, 256.52252, -6.4163246), (46.28841, 217.39626, 46.288486), (50.602596, 256.52252, 41.528515), (-62.643032, 217.39626, -19.002474), (-64.20396, 256.52252, -12.770894), (41.528465, 217.39626, 50.602646), (46.28841, 256.52252, 46.288486), (46.28841, 217.39626, 46.288486), (-60.478825, 217.39626, -25.051046), (-62.643032, 256.52252, -19.002474), (36.36856, 217.39626, 54.429485), (41.528465, 256.52252, 50.602646), (-57.732174, 217.39626, -30.858364), (-60.478825, 256.52252, -25.05106), (30.858414, 217.39626, 57.732136), (36.36856, 256.52252, 54.429485), (-54.429535, 217.39626, -36.36851), (-57.732174, 256.5225, -30.858377), (25.051085, 217.39626, 60.478806), (30.858414, 256.52252, 57.732124), (-6.4166083, 256.5225, -65.14651), (-6.4166083, 217.39624, -65.14651), (-50.602722, 217.39626, -41.528404), (-54.429535, 256.5225, -36.368523), (19.002485, 217.39626, 62.643024), (25.051085, 256.52252, 60.478798), (19.002535, 217.39624, -62.643), (12.770944, 256.5225, -64.20392), (-46.28856, 217.39626, -46.288338), (-50.602722, 256.5225, -41.528404), (12.770894, 217.39626, 64.20394), (19.002485, 256.52252, 62.643017), (25.05112, 217.39624, -60.478775), (19.002535, 256.5225, -62.643), (-41.528625, 217.39624, -50.602524), (-46.28856, 256.5225, -46.28836), (-46.28856, 217.39626, -46.288338), (6.416312, 217.39626, 65.14655), (12.770894, 256.52252, 64.20393), (30.858438, 217.39624, -57.732098), (25.05112, 256.5225, -60.478775), (-36.36876, 217.39624, -54.42936), (-41.528625, 256.5225, -50.602524), (-0.00006170528, 217.39626, 65.46176), (6.416312, 256.52252, 65.146545), (36.368584, 217.39624, -54.429436), (30.858438, 256.5225, -57.732124), (-30.858624, 217.39624, -57.732025), (-36.36876, 256.5225, -54.42936), (-6.416448, 217.39626, 65.14654), (-0.00006170528, 256.52252, 65.46176), (41.528492, 217.39624, -50.602623), (36.368584, 256.5225, -54.42946), (-25.05132, 217.39624, -60.4787), (-30.858624, 256.5225, -57.732048), (-12.77103, 217.39626, 64.203926), (-6.416448, 256.52252, 65.14653), (46.288437, 217.39626, -46.288437), (41.528492, 256.5225, -50.602623), (-19.002758, 217.39624, -62.642952), (-25.05132, 256.5225, -60.4787), (-19.00262, 217.39626, 62.642994), (-12.77103, 256.52252, 64.20392), (50.602596, 217.39626, -41.528492), (46.288437, 256.5225, -46.28846), (46.288437, 217.39626, -46.288437), (-12.771178, 217.39624, -64.203896), (-19.002758, 256.5225, -62.642952), (-25.051207, 217.39626, 60.47876), (-19.00262, 256.52252, 62.642986), (54.429436, 217.39626, -36.368595), (50.602596, 256.5225, -41.528503), (-12.771178, 256.5225, -64.203896), (-25.051207, 256.52252, 60.478756), (54.429436, 256.5225, -36.36861), (-0.0000123410555, 216.64085, -73.955826), (7.248926, 216.64085, -73.59971), (-0.0000123410555, 216.95523, -74.27057), (7.279779, 216.95523, -73.91295), (-0.0000123410555, 216.95523, -74.27057), (7.279779, 216.95523, -73.91295), (14.428051, 216.64085, -72.534775), (14.48946, 216.95523, -72.843475), (14.48946, 216.95523, -72.843475), (21.46823, 216.64085, -70.77132), (21.559603, 216.95523, -71.07251), (21.559603, 216.95523, -71.07251), (28.301668, 216.64085, -68.326256), (28.422117, 216.95523, -68.61706), (28.422117, 216.95523, -68.61706), (34.86252, 216.64085, -65.22322), (35.010895, 216.95523, -65.50079), (35.010895, 216.95523, -65.50079), (41.087643, 216.64085, -61.492), (41.262505, 216.95523, -61.753704), (41.262505, 216.95523, -61.753704), (46.917065, 216.64085, -57.168633), (47.11674, 216.95523, -57.411922), (47.11674, 216.95523, -57.411922), (52.294655, 216.64085, -52.294655), (52.517212, 216.95523, -52.517212), (52.517212, 216.95523, -52.517212), (57.168606, 216.64085, -46.917088), (57.411922, 216.95523, -47.11674), (52.517212, 216.95523, -52.517212), (57.411922, 216.95523, -47.11674), (61.492023, 216.64085, -41.087658), (61.753704, 216.95523, -41.262516), (61.753704, 216.95523, -41.262516), (65.22322, 216.64085, -34.86253), (65.50079, 216.95523, -35.010906), (65.50079, 216.95523, -35.010906), (68.326256, 216.64085, -28.301668), (68.617035, 216.95523, -28.422117), (68.617035, 216.95523, -28.422117), (70.77132, 216.64085, -21.46823), (71.07251, 216.95523, -21.559603), (71.07251, 216.95523, -21.559603), (72.53475, 216.64088, -14.428051), (72.843475, 216.95523, -14.48946), (72.843475, 216.95523, -14.48946), (73.599686, 216.64088, -7.248926), (73.912926, 216.95523, -7.279779), (73.912926, 216.95523, -7.279779), (73.955795, 216.64088, 0.0000123410555), (74.270546, 216.95523, 0.0000123410555), (74.270546, 216.95523, 0.0000123410555), (73.599686, 216.64088, 7.2489634), (73.912926, 216.95523, 7.2798157), (73.912926, 216.95523, 7.2798157), (72.534775, 216.64088, 14.428088), (72.843475, 216.95523, 14.489497), (72.843475, 216.95523, 14.489497), (70.771286, 216.64088, 21.468266), (71.07249, 216.95526, 21.559639), (71.07249, 216.95526, 21.559639), (68.326225, 216.64088, 28.301693), (68.617035, 216.95526, 28.422142), (68.617035, 216.95526, 28.422142), (65.22317, 216.64088, 34.862556), (65.50077, 216.95526, 35.010933), (65.50077, 216.95526, 35.010933), (61.491974, 216.64088, 41.08768), (61.753704, 216.95526, 41.262543), (61.753704, 216.95526, 41.262543), (57.168606, 216.64088, 46.917114), (57.411922, 216.95526, 47.11678), (57.411922, 216.95526, 47.11678), (52.294632, 216.64088, 52.294693), (52.51719, 216.95526, 52.51726), (52.51719, 216.95526, 52.51726), (46.91704, 216.64088, 57.168655), (47.11672, 216.95526, 57.41196), (47.11672, 216.95526, 57.41196), (41.08762, 216.64088, 61.492054), (41.262478, 216.95526, 61.753765), (41.262478, 216.95526, 61.753765), (34.862484, 216.64088, 65.22323), (35.01086, 216.95526, 65.500824), (35.01086, 216.95526, 65.500824), (28.301619, 216.64088, 68.326294), (28.422068, 216.95526, 68.6171), (28.422068, 216.95526, 68.6171), (21.46818, 216.64088, 70.77132), (21.559553, 216.95526, 71.07252), (21.559553, 216.95526, 71.07252), (14.428002, 216.64088, 72.5348), (14.489411, 216.95526, 72.8435), (14.489411, 216.95526, 72.8435), (7.248877, 216.64088, 73.59972), (7.279717, 216.95526, 73.91295), (7.279717, 216.95526, 73.91295), (-0.00007404633, 216.64088, 73.955826), (-0.00007404633, 216.95526, 74.27058), (-0.00007404633, 216.95526, 74.27058), (-7.2490125, 216.64088, 73.5997), (-7.2798653, 216.95526, 73.91294), (-7.2798653, 216.95526, 73.91294), (-14.428138, 216.64088, 72.53477), (-14.489547, 216.95526, 72.843475), (-14.489547, 216.95526, 72.843475), (-21.468315, 216.64088, 70.771286), (-21.559689, 216.95526, 71.07249), (-21.559689, 216.95526, 71.07249), (-28.301743, 216.64088, 68.32625), (-28.422192, 216.95526, 68.61704), (-28.422192, 216.95526, 68.61704), (-34.862606, 216.64088, 65.22318), (-35.010983, 216.95526, 65.50076), (-35.010983, 216.95526, 65.50076), (-41.08773, 216.64088, 61.491974), (-41.262592, 216.95526, 61.753685), (-41.262592, 216.95526, 61.753685), (-46.917152, 216.64088, 57.168583), (-47.116817, 216.95526, 57.411884), (-47.116817, 216.95526, 57.411884), (-52.294743, 216.64088, 52.294617), (-52.5173, 216.95526, 52.51719), (-52.5173, 216.95526, 52.51719), (-57.168682, 216.64088, 46.917027), (-57.411983, 216.95526, 47.116707), (-57.411983, 216.95526, 47.116707), (-61.492054, 216.64088, 41.08761), (-61.753765, 216.95526, 41.262478), (-61.753765, 216.95526, 41.262478), (-65.223236, 216.64088, 34.862507), (-65.50084, 216.95526, 35.01087), (-65.50084, 216.95526, 35.01087), (-68.326294, 216.64088, 28.301643), (-68.61708, 216.95526, 28.422092), (-68.61708, 216.95526, 28.422092), (-70.77132, 216.64088, 21.46824), (-71.07252, 216.95526, 21.559603), (-71.07252, 216.95526, 21.559603), (-72.53478, 216.64088, 14.428076), (-72.84349, 216.95523, 14.489485), (-72.84349, 216.95523, 14.489485), (-73.59972, 216.64088, 7.2489634), (-73.91295, 216.95523, 7.2798157), (-73.91295, 216.95523, 7.2798157), (-73.95583, 216.64088, 0.00003702317), (-74.27059, 216.95523, 0.00003702317), (-74.27059, 216.95523, 0.00003702317), (-73.599724, 216.64088, -7.248889), (-73.91296, 216.95523, -7.2797294), (-73.91296, 216.95523, -7.2797294), (-72.5348, 216.64088, -14.428002), (-72.843506, 216.95523, -14.489399), (-72.843506, 216.95523, -14.489399), (-70.77134, 216.64085, -21.468155), (-71.07254, 216.95523, -21.559528), (-71.07254, 216.95523, -21.559528), (-68.32631, 216.64085, -28.301582), (-68.61711, 216.95523, -28.422031), (-68.61711, 216.95523, -28.422031), (-65.22327, 216.64085, -34.862434), (-65.50085, 216.95523, -35.01081), (-65.50085, 216.95523, -35.01081), (-61.492092, 216.64085, -41.087543), (-61.753803, 216.95523, -41.262417), (-61.753803, 216.95523, -41.262417), (-57.168716, 216.64085, -46.916965), (-57.41202, 216.95523, -47.116646), (-57.41202, 216.95523, -47.116646), (-52.294777, 216.64085, -52.294533), (-52.517338, 216.95523, -52.517117), (-52.517338, 216.95523, -52.517117), (-46.917213, 216.64085, -57.168507), (-47.11689, 216.95523, -57.411823), (-52.517338, 216.95523, -52.517117), (-47.11689, 216.95523, -57.411823), (-41.08782, 216.64085, -61.4919), (-41.262688, 216.95523, -61.753605), (-41.262688, 216.95523, -61.753605), (-34.862717, 216.64085, -65.22312), (-35.01108, 216.95523, -65.500694), (-35.01108, 216.95523, -65.500694), (-28.301867, 216.64085, -68.32618), (-28.422316, 216.95523, -68.61696), (-28.422316, 216.95523, -68.61696), (-21.468464, 216.64085, -70.77124), (-21.559835, 216.95523, -71.07243), (-21.559835, 216.95523, -71.07243), (-14.42831, 216.64085, -72.53473), (-14.489719, 216.95523, -72.84342), (-14.489719, 216.95523, -72.84342), (-7.2491975, 216.64085, -73.599686), (-7.2800503, 216.95523, -73.9129), (-7.2800503, 216.95523, -73.9129), (-0.0000123410555, 216.58488, -73.51428), (6.4218535, 216.95523, -65.20232), (6.4218535, 216.95523, -65.20232), (-0.0000123410555, 216.64085, -65.83254), (6.452706, 216.64085, -65.51556), (12.7818775, 216.95523, -64.25889), (12.7818775, 216.95523, -64.25889), (12.843287, 216.64085, -64.56761), (19.0188, 216.95523, -62.69661), (19.11016, 216.64085, -62.99783), (19.0188, 216.95523, -62.69661), (25.072569, 216.95523, -60.530556), (25.072569, 216.95523, -60.530556), (25.193018, 216.64085, -60.82136), (30.884861, 216.95523, -57.781536), (30.884861, 216.95523, -57.781536), (31.033237, 216.64085, -58.059135), (36.39972, 216.95523, -54.476036), (36.574593, 216.64085, -54.737762), (36.39972, 216.95523, -54.476036), (41.564034, 216.95523, -50.64594), (41.564034, 216.95523, -50.64594), (41.76371, 216.64085, -50.889256), (46.328075, 216.95523, -46.328075), (46.328075, 216.95523, -46.328075), (46.550632, 216.64085, -46.550632), (46.328075, 216.95523, -46.328075), (50.645916, 216.95523, -41.564045), (50.889233, 216.64085, -41.763725), (50.645916, 216.95523, -41.564045), (54.476036, 216.95523, -36.399734), (54.737762, 216.64085, -36.574608), (54.476036, 216.95523, -36.399734), (57.781536, 216.95523, -30.884874), (58.059135, 216.64085, -31.03325), (57.781536, 216.95523, -30.884874), (60.530556, 216.95523, -25.072569), (60.82134, 216.64085, -25.193018), (60.530556, 216.95523, -25.072569), (62.696636, 216.95523, -19.0188), (62.99783, 216.64085, -19.110174), (62.696636, 216.95523, -19.0188), (64.25889, 216.95523, -12.7818775), (64.56759, 216.64088, -12.843287), (64.25889, 216.95523, -12.7818775), (65.202286, 216.95523, -6.4218535), (65.515526, 216.64088, -6.452706), (65.202286, 216.95523, -6.4218535), (65.5178, 216.95523, 0.0000123410555), (65.5178, 216.95523, 0.0000123410555), (65.83252, 216.64088, 0.0000123410555), (65.202286, 216.95523, 6.4218903), (65.202286, 216.95523, 6.4218903), (65.515526, 216.64088, 6.452743), (64.25889, 216.95523, 12.781915), (64.56759, 216.64088, 12.843311), (64.25889, 216.95523, 12.781915), (62.69661, 216.95523, 19.018837), (62.69661, 216.95523, 19.018837), (62.997807, 216.64088, 19.11021), (60.530533, 216.95523, 25.072607), (60.530533, 216.95523, 25.072607), (60.821312, 216.64088, 25.193056), (57.781513, 216.95526, 30.8849), (57.781513, 216.95526, 30.8849), (58.059113, 216.64088, 31.033276), (54.476036, 216.95526, 36.39977), (54.476036, 216.95526, 36.39977), (54.73774, 216.64088, 36.57463), (50.645916, 216.95526, 41.564083), (50.645916, 216.95526, 41.564083), (50.889233, 216.64088, 41.76376), (46.328053, 216.95526, 46.328114), (46.328053, 216.95526, 46.328114), (46.55061, 216.64088, 46.55067), (41.564022, 216.95526, 50.645977), (41.564022, 216.95526, 50.645977), (41.763687, 216.64088, 50.88928), (36.399696, 216.95526, 54.476097), (36.399696, 216.95526, 54.476097), (36.57457, 216.64088, 54.7378), (30.884825, 216.95526, 57.781563), (31.033201, 216.64088, 58.05915), (30.884825, 216.95526, 57.781563), (25.072533, 216.95526, 60.530582), (25.072533, 216.95526, 60.530582), (25.192982, 216.64088, 60.82138), (19.018764, 216.95526, 62.696667), (19.110125, 216.64088, 62.99785), (19.018764, 216.95526, 62.696667), (12.781829, 216.95526, 64.25892), (12.843238, 216.64088, 64.56762), (12.781829, 216.95526, 64.25892), (6.421804, 216.95526, 65.20232), (6.4526567, 216.64088, 65.51555), (6.421804, 216.95526, 65.20232), (-0.00006170528, 216.95526, 65.51782), (-0.00006170528, 216.95526, 65.51782), (-0.00006170528, 216.64088, 65.83256), (-6.42194, 216.95526, 65.20231), (-6.452792, 216.64088, 65.515526), (-6.42194, 216.95526, 65.20231), (-12.781964, 216.95526, 64.2589), (-12.843361, 216.64088, 64.567604), (-12.781964, 216.95526, 64.2589), (-19.018887, 216.95526, 62.696636), (-19.110249, 216.64088, 62.997818), (-19.018887, 216.95526, 62.696636), (-25.072657, 216.95526, 60.530544), (-25.193104, 216.64088, 60.82133), (-25.072657, 216.95526, 60.530544), (-30.884947, 216.95526, 57.781525), (-31.033323, 216.64088, 58.059113), (-30.884947, 216.95526, 57.781525), (-36.399807, 216.95526, 54.476036), (-36.57468, 216.64088, 54.73774), (-36.399807, 216.95526, 54.476036), (-41.564133, 216.95526, 50.645916), (-41.763798, 216.64088, 50.889217), (-41.564133, 216.95526, 50.645916), (-46.328148, 216.95526, 46.328037), (-46.55071, 216.64088, 46.5506), (-46.328148, 216.95526, 46.328037), (-50.646, 216.95526, 41.564022), (-50.646, 216.95526, 41.564022), (-50.889305, 216.64088, 41.763687), (-54.47611, 216.95526, 36.39972), (-54.47611, 216.95526, 36.39972), (-54.737812, 216.64088, 36.57458), (-57.781586, 216.95526, 30.88485), (-58.059162, 216.64088, 31.033226), (-57.781586, 216.95526, 30.88485), (-60.530582, 216.95523, 25.072569), (-60.530582, 216.95523, 25.072569), (-60.82138, 216.64088, 25.193018), (-62.696667, 216.95523, 19.018812), (-62.99785, 216.64088, 19.110174), (-62.696667, 216.95523, 19.018812), (-64.258896, 216.95523, 12.781902), (-64.56759, 216.64088, 12.8433), (-64.258896, 216.95523, 12.781902), (-65.20232, 216.95523, 6.4218903), (-65.51555, 216.64088, 6.452743), (-65.20232, 216.95523, 6.4218903), (-65.51781, 216.95523, 0.00003702317), (-65.51781, 216.95523, 0.00003702317), (-65.83256, 216.64088, 0.00003702317), (-65.20235, 216.95523, -6.4218163), (-65.20235, 216.95523, -6.4218163), (-65.51556, 216.64088, -6.452669), (-64.25894, 216.95523, -12.781829), (-64.25894, 216.95523, -12.781829), (-64.567635, 216.64088, -12.843238), (-62.696667, 216.95523, -19.01874), (-62.99785, 216.64085, -19.1101), (-62.696667, 216.95523, -19.01874), (-60.5306, 216.95523, -25.072496), (-60.821384, 216.64085, -25.192944), (-60.5306, 216.95523, -25.072496), (-57.781612, 216.95523, -30.8848), (-58.059185, 216.64085, -31.033163), (-57.781612, 216.95523, -30.8848), (-54.476135, 216.95523, -36.399647), (-54.73784, 216.64085, -36.57451), (-54.476135, 216.95523, -36.399647), (-50.646038, 216.95523, -41.563957), (-50.646038, 216.95523, -41.563957), (-50.889328, 216.64085, -41.763626), (-46.328197, 216.95523, -46.327976), (-46.550747, 216.64085, -46.550537), (-46.328197, 216.95523, -46.327976), (-41.564182, 216.95523, -50.64584), (-41.564182, 216.95523, -50.64584), (-41.763847, 216.64085, -50.889156), (-36.399895, 216.95523, -54.47596), (-36.574753, 216.64085, -54.737667), (-36.399895, 216.95523, -54.47596), (-30.885046, 216.95523, -57.781464), (-31.033422, 216.64085, -58.05904), (-30.885046, 216.95523, -57.781464), (-25.072767, 216.95523, -60.530483), (-25.193216, 216.64085, -60.821262), (-25.072767, 216.95523, -60.530483), (-19.019022, 216.95523, -62.69656), (-19.110384, 216.64085, -62.997757), (-19.019022, 216.95523, -62.69656), (-12.782112, 216.95523, -64.258865), (-12.843521, 216.64085, -64.567566), (-12.782112, 216.95523, -64.258865), (-6.4221125, 216.95523, -65.202286), (-6.452953, 216.64085, -65.5155), (-6.4221125, 216.95523, -65.202286), (-0.0000123410555, 216.95523, -65.5178), (-0.0000123410555, 216.95523, -65.5178), (-52.556976, 258.88724, -52.556755), (52.556854, 258.88724, -52.556854), (-52.556927, 258.88727, 52.556805), (52.556828, 258.88727, 52.556877), (-41.528564, 256.52252, 50.602585), (50.602596, 256.52252, 41.528515), (-50.602722, 256.5225, -41.528404), (41.528492, 256.5225, -50.602623), (52.51719, 216.95526, 52.51726), (-52.5173, 216.95526, 52.51719), (46.328053, 216.95526, 46.328114), (-46.328148, 216.95526, 46.328037), (-46.328197, 216.95523, -46.327976)]
            texCoord2f[] primvars:st0 = [(0.27195, 0.00928098), (0.262768, 0.015120029), (0.26431, 0.007368028), (0.186616, 0.13699299), (0.197494, 0.13724), (0.191904, 0.142829), (0.276341, 0.019236982), (0.269655, 0.016844988), (0.181925, 0.13066798), (0.192725, 0.13197899), (0.279366, 0.011934996), (0.28276, 0.022273004), (0.177874, 0.12391198), (0.188495, 0.12627602), (0.286486, 0.015302002), (0.28885, 0.025923014), (0.181809, 0.11376798), (0.184846, 0.12018597), (0.328522, 0.07821399), (0.321005, 0.086080015), (0.320657, 0.07898903), (0.293241, 0.019351006), (0.294553, 0.030152023), (0.171854, 0.10937703), (0.174509, 0.11679298), (0.327367, 0.10173702), (0.317889, 0.10708302), (0.319614, 0.10019499), (0.299567, 0.024043024), (0.299812, 0.03492099), (0.169942, 0.10173702), (0.179419, 0.10708302), (0.325452, 0.10937703), (0.315497, 0.11376798), (0.305402, 0.029331982), (0.30458, 0.040181994), (0.168786, 0.09394699), (0.177694, 0.10019499), (0.3228, 0.11679298), (0.31246, 0.12018597), (0.310692, 0.03516698), (0.308811, 0.045884013), (0.168399, 0.086080015), (0.176651, 0.093172014), (0.315384, 0.13066798), (0.319432, 0.12391198), (0.315384, 0.041493), (0.31246, 0.051974), (0.168786, 0.07821399), (0.176303, 0.086080015), (0.30458, 0.13197899), (0.308811, 0.12627602), (0.3228, 0.055368006), (0.319432, 0.048247993), (0.177694, 0.07196498), (0.176651, 0.07898903), (0.310692, 0.136994), (0.299814, 0.13724), (0.317889, 0.06507802), (0.315497, 0.058393), (0.169942, 0.07042301), (0.179419, 0.06507802), (0.299567, 0.14811802), (0.305402, 0.142829), (0.325452, 0.062783), (0.319614, 0.07196498), (0.174509, 0.055368006), (0.171854, 0.062784016), (0.28885, 0.14623803), (0.294553, 0.142008), (0.327367, 0.07042301), (0.177874, 0.048249006), (0.181809, 0.058393), (0.293241, 0.15280998), (0.28276, 0.14988798), (0.188495, 0.045884013), (0.184846, 0.051974), (0.279366, 0.16022599), (0.286486, 0.15685898), (0.896675, 0.03368002), (0.888723, 0.07897502), (0.888723, 0.03368002), (0.181925, 0.041493), (0.192725, 0.040181994), (0.269655, 0.155316), (0.276341, 0.152924), (0.186616, 0.03516698), (0.197494, 0.03492099), (0.26431, 0.16479301), (0.27195, 0.16287899), (0.197742, 0.024043024), (0.191904, 0.029331982), (0.256519, 0.16594899), (0.262768, 0.15704101), (0.208458, 0.025923014), (0.202755, 0.030152977), (0.248654, 0.16633499), (0.255746, 0.15808302), (0.210822, 0.015302002), (0.204067, 0.019351006), (0.240787, 0.16594899), (0.248654, 0.158431), (0.21794, 0.011934996), (0.214548, 0.022273004), (0.232996, 0.16479301), (0.241562, 0.15808302), (0.225356, 0.00928098), (0.220965, 0.019236982), (0.225356, 0.16287899), (0.234538, 0.15704101), (0.232996, 0.007368028), (0.227651, 0.016844988), (0.21794, 0.16022599), (0.227651, 0.155316), (0.241562, 0.014078021), (0.234538, 0.015120029), (0.214548, 0.14988798), (0.220965, 0.152924), (0.240787, 0.006211996), (0.248654, 0.0137299895), (0.204067, 0.15280998), (0.210822, 0.15685898), (0.248654, 0.0058259964), (0.255746, 0.014078021), (0.197739, 0.14811802), (0.208458, 0.14623803), (0.256519, 0.006211996), (0.202755, 0.142008), (0.927815, 0.24662203), (0.882519, 0.239124), (0.927815, 0.239124), (0.447598, 0.09822798), (0.441201, 0.052932024), (0.441201, 0.09822798), (0.882519, 0.23192602), (0.927815, 0.23192602), (0.434371, 0.052932024), (0.434371, 0.09822798), (0.904629, 0.03368002), (0.896675, 0.07897502), (0.882519, 0.22509599), (0.927815, 0.22509599), (0.427173, 0.052932024), (0.427173, 0.09822798), (0.880846, 0.07897502), (0.880846, 0.03368002), (0.882519, 0.21869999), (0.927815, 0.21869999), (0.419676, 0.052932024), (0.419676, 0.09822798), (0.873122, 0.07897502), (0.873122, 0.03368002), (0.882519, 0.21280003), (0.927815, 0.21280003), (0.411952, 0.052932024), (0.411952, 0.09822798), (0.865625, 0.07897502), (0.865625, 0.03368002), (0.954052, 0.03368002), (0.948152, 0.07897502), (0.948152, 0.03368002), (0.404075, 0.052932024), (0.404075, 0.09822798), (0.858425, 0.07897502), (0.858425, 0.03368002), (0.941754, 0.07897502), (0.941754, 0.03368002), (0.396121, 0.052932024), (0.396121, 0.09822798), (0.851595, 0.07897502), (0.851595, 0.03368002), (0.934925, 0.07897502), (0.934925, 0.03368002), (0.388169, 0.052932024), (0.388169, 0.09822798), (0.8452, 0.07897502), (0.8452, 0.03368002), (0.927727, 0.07897502), (0.927727, 0.03368002), (0.380292, 0.052932024), (0.380292, 0.09822798), (0.8393, 0.07897502), (0.8393, 0.03368002), (0.92023, 0.07897502), (0.92023, 0.03368002), (0.372568, 0.052932024), (0.372568, 0.09822798), (0.882519, 0.20348299), (0.927815, 0.197582), (0.882519, 0.197582), (0.912506, 0.07897502), (0.912506, 0.03368002), (0.365071, 0.052932024), (0.365071, 0.09822798), (0.927815, 0.19118702), (0.882519, 0.19118702), (0.904629, 0.07897502), (0.357871, 0.052932024), (0.357871, 0.09822798), (0.927815, 0.18435699), (0.882519, 0.18435699), (0.320657, 0.093172014), (0.328522, 0.09394699), (0.351041, 0.052932024), (0.351041, 0.09822798), (0.927815, 0.177158), (0.882519, 0.177158), (0.344646, 0.052932024), (0.344646, 0.09822798), (0.927815, 0.16966099), (0.882519, 0.16966099), (0.338746, 0.052932024), (0.338746, 0.09822798), (0.927815, 0.161937), (0.882519, 0.161937), (0.927815, 0.327551), (0.882519, 0.32165098), (0.927815, 0.32165098), (0.927815, 0.15406), (0.882519, 0.15406), (0.882519, 0.315256), (0.927815, 0.315256), (0.927815, 0.14610702), (0.882519, 0.14610702), (0.882519, 0.30842602), (0.927815, 0.30842602), (0.927815, 0.13815397), (0.882519, 0.13815397), (0.882519, 0.30122697), (0.927815, 0.30122697), (0.927815, 0.13027698), (0.882519, 0.13027698), (0.882519, 0.29373002), (0.927815, 0.29373002), (0.927815, 0.12255299), (0.882519, 0.12255299), (0.882519, 0.28600597), (0.927815, 0.28600597), (0.927815, 0.115055025), (0.882519, 0.115055025), (0.882519, 0.27812898), (0.927815, 0.27812898), (0.927815, 0.10785699), (0.882519, 0.10785699), (0.882519, 0.270176), (0.927815, 0.270176), (0.927815, 0.10102701), (0.882519, 0.10102701), (0.882519, 0.262223), (0.927815, 0.262223), (0.927815, 0.094631016), (0.882519, 0.094631016), (0.882519, 0.254346), (0.927815, 0.254346), (0.927815, 0.08873099), (0.882519, 0.08873099), (0.882519, 0.24662203), (0.453498, 0.09822798), (0.447598, 0.052932024), (0.090777, 0.12817502), (0.083772, 0.085461974), (0.083772, 0.12817502), (0.292466, 0.07738602), (0.28645, 0.12010002), (0.28645, 0.07738602), (0.83277, 0.583373), (0.790057, 0.577034), (0.83277, 0.577034), (0.097715, 0.12817502), (0.090777, 0.085461974), (0.298099, 0.07738602), (0.292466, 0.12010002), (0.83277, 0.589977), (0.790057, 0.583373), (0.303295, 0.07738602), (0.298099, 0.12010002), (0.83277, 0.59678), (0.790057, 0.589977), (0.790537, 0.452012), (0.833253, 0.44681603), (0.790537, 0.44681603), (0.83277, 0.60371697), (0.790057, 0.59678), (0.790537, 0.457645), (0.833253, 0.452012), (0.83277, 0.610721), (0.790057, 0.60371697), (0.790537, 0.46366), (0.833253, 0.457645), (0.83277, 0.61772597), (0.790057, 0.610721), (0.790537, 0.47000003), (0.833253, 0.46366), (0.83277, 0.624663), (0.790057, 0.61772597), (0.790537, 0.47660297), (0.833253, 0.47000003), (0.83277, 0.63146603), (0.790057, 0.624663), (0.790537, 0.483406), (0.833253, 0.47660297), (0.83277, 0.63807), (0.790057, 0.63146603), (0.790537, 0.490344), (0.833253, 0.483406), (0.83277, 0.644409), (0.790057, 0.63807), (0.790537, 0.497348), (0.833253, 0.490344), (0.83277, 0.65042496), (0.790057, 0.644409), (0.790537, 0.504353), (0.833253, 0.497348), (0.83277, 0.656058), (0.790057, 0.65042496), (0.790537, 0.51129), (0.833253, 0.504353), (0.83277, 0.661254), (0.790057, 0.656058), (0.790537, 0.518093), (0.833253, 0.51129), (0.207428, 0.07738602), (0.202229, 0.12010002), (0.202229, 0.07738602), (0.790537, 0.524696), (0.833253, 0.518093), (0.213059, 0.07738602), (0.207428, 0.12010002), (0.790537, 0.531036), (0.833253, 0.524696), (0.219074, 0.07738602), (0.213059, 0.12010002), (0.790537, 0.53705096), (0.833253, 0.531036), (0.225414, 0.07738602), (0.219074, 0.12010002), (0.076767, 0.085461974), (0.076767, 0.12817502), (0.790537, 0.54268396), (0.833253, 0.53705096), (0.232018, 0.07738602), (0.225414, 0.12010002), (0.104518, 0.12817502), (0.097715, 0.085461974), (0.790537, 0.547881), (0.833253, 0.54268396), (0.238822, 0.07738602), (0.232018, 0.12010002), (0.11112, 0.12817502), (0.104518, 0.085461974), (0.038438, 0.12817502), (0.033239, 0.085461974), (0.033239, 0.12817502), (0.24576, 0.07738602), (0.238822, 0.12010002), (0.11746, 0.12817502), (0.11112, 0.085461974), (0.044069, 0.12817502), (0.038438, 0.085461974), (0.252762, 0.07738602), (0.24576, 0.12010002), (0.123475, 0.12817502), (0.11746, 0.085461974), (0.050084, 0.12817502), (0.044069, 0.085461974), (0.259768, 0.07738602), (0.252762, 0.12010002), (0.129109, 0.12817502), (0.123475, 0.085461974), (0.056424, 0.12817502), (0.050084, 0.085461974), (0.266705, 0.07738602), (0.259768, 0.12010002), (0.134305, 0.12817502), (0.129109, 0.085461974), (0.063028, 0.12817502), (0.056424, 0.085461974), (0.273509, 0.07738602), (0.266705, 0.12010002), (0.83277, 0.565385), (0.790057, 0.560189), (0.83277, 0.560189), (0.069831, 0.12817502), (0.063028, 0.085461974), (0.28011, 0.07738602), (0.273509, 0.12010002), (0.83277, 0.571018), (0.790057, 0.565385), (0.069831, 0.085461974), (0.28011, 0.12010002), (0.790057, 0.571018), (0.329389, 0.086080015), (0.329003, 0.09399402), (0.329733, 0.086080015), (0.329344, 0.094027996), (0.896675, 0.033199012), (0.888728, 0.033199012), (0.32784, 0.10183102), (0.328176, 0.101898015), (0.880858, 0.033199012), (0.325913, 0.10951698), (0.326242, 0.109616995), (0.873139, 0.033199012), (0.323244, 0.11697698), (0.323561, 0.117109), (0.865649, 0.033199012), (0.319857, 0.12413901), (0.32016, 0.12430102), (0.858454, 0.033199012), (0.315782, 0.13093501), (0.316068, 0.13112599), (0.851629, 0.033199012), (0.311064, 0.137299), (0.311329, 0.13751698), (0.845238, 0.033199012), (0.305743, 0.14317), (0.305986, 0.143413), (0.839343, 0.033199012), (0.299872, 0.14849102), (0.30009, 0.14875603), (0.882039, 0.203439), (0.882039, 0.19754398), (0.293508, 0.153211), (0.2937, 0.15349603), (0.882039, 0.19115299), (0.286712, 0.15728402), (0.286875, 0.15758699), (0.882039, 0.18432802), (0.279551, 0.160671), (0.279683, 0.16098899), (0.882039, 0.17713499), (0.272089, 0.16334099), (0.27219, 0.16367), (0.882039, 0.16964298), (0.264404, 0.16526598), (0.264471, 0.16560298), (0.882039, 0.16192502), (0.256567, 0.16642803), (0.256601, 0.16676998), (0.882039, 0.15405399), (0.248654, 0.16681701), (0.248654, 0.16716099), (0.882039, 0.14610702), (0.240741, 0.16642803), (0.240707, 0.16676998), (0.882039, 0.13815999), (0.232902, 0.16526598), (0.232835, 0.16560298), (0.882039, 0.13028902), (0.225217, 0.16334099), (0.225116, 0.16367), (0.882039, 0.12256998), (0.217758, 0.160671), (0.217626, 0.16098899), (0.882039, 0.115078986), (0.210594, 0.15728402), (0.210433, 0.15758699), (0.882039, 0.10788602), (0.203798, 0.153211), (0.203608, 0.15349603), (0.882039, 0.10106099), (0.197434, 0.14849102), (0.197215, 0.14875603), (0.882039, 0.09467), (0.191563, 0.14317), (0.19132, 0.143413), (0.882039, 0.088774025), (0.186244, 0.137299), (0.185977, 0.13751698), (0.447559, 0.09870899), (0.181523, 0.13093501), (0.181238, 0.13112599), (0.441167, 0.09870899), (0.177449, 0.12413901), (0.177146, 0.12430102), (0.434342, 0.09870899), (0.174062, 0.11697698), (0.173745, 0.11710799), (0.427149, 0.09870899), (0.171393, 0.10951698), (0.171064, 0.109616995), (0.419659, 0.09870899), (0.169469, 0.10183102), (0.169132, 0.101898015), (0.41194, 0.09870899), (0.168306, 0.09399402), (0.167965, 0.094027996), (0.40407, 0.09870899), (0.167917, 0.086080015), (0.167573, 0.086080015), (0.396121, 0.09870899), (0.168306, 0.07816702), (0.167965, 0.07813299), (0.388174, 0.09870899), (0.169469, 0.07032901), (0.169132, 0.070262015), (0.380304, 0.09870899), (0.171393, 0.062644005), (0.171064, 0.06254399), (0.372585, 0.09870899), (0.174062, 0.055184007), (0.173745, 0.055051982), (0.365095, 0.09870899), (0.177449, 0.04802102), (0.177146, 0.047859013), (0.3579, 0.09870899), (0.181523, 0.041225016), (0.181238, 0.041034997), (0.351075, 0.09870899), (0.186244, 0.034861982), (0.185977, 0.034642994), (0.344684, 0.09870899), (0.191565, 0.028990984), (0.19132, 0.028747976), (0.338789, 0.09870899), (0.197434, 0.023670018), (0.197218, 0.023404002), (0.928298, 0.321613), (0.203798, 0.018949986), (0.203608, 0.018665016), (0.928298, 0.31522202), (0.210594, 0.014877021), (0.210433, 0.014573991), (0.928298, 0.308397), (0.217758, 0.011488974), (0.217626, 0.011171997), (0.928298, 0.30120403), (0.225217, 0.008819997), (0.225116, 0.00849098), (0.928298, 0.29371202), (0.232902, 0.0068950057), (0.232835, 0.006558001), (0.928298, 0.285994), (0.240741, 0.005732), (0.240707, 0.0053910017), (0.928298, 0.27812302), (0.248654, 0.0053439736), (0.248654, 0.004999995), (0.928298, 0.270176), (0.256567, 0.005732), (0.256601, 0.0053899884), (0.928298, 0.26222903), (0.264404, 0.0068950057), (0.264471, 0.006558001), (0.928298, 0.254358), (0.272089, 0.008819997), (0.27219, 0.00849098), (0.928298, 0.24663901), (0.279551, 0.011488974), (0.27968, 0.011171997), (0.928298, 0.23914802), (0.286712, 0.014877021), (0.286875, 0.014573991), (0.928298, 0.23195499), (0.293508, 0.018949986), (0.2937, 0.018664002), (0.928298, 0.22513002), (0.299872, 0.023670018), (0.30009, 0.023404002), (0.928298, 0.21873897), (0.305743, 0.028990984), (0.305986, 0.028747976), (0.928298, 0.212843), (0.311064, 0.03486103), (0.311329, 0.034642994), (0.954009, 0.033199012), (0.948113, 0.033199012), (0.315782, 0.041225016), (0.316068, 0.041033983), (0.941721, 0.033199012), (0.319857, 0.04802102), (0.32016, 0.047859013), (0.934896, 0.033199012), (0.323244, 0.055184007), (0.323561, 0.055051982), (0.927703, 0.033199012), (0.325913, 0.062644005), (0.326242, 0.06254399), (0.920213, 0.033199012), (0.32784, 0.07032901), (0.328176, 0.070262015), (0.912494, 0.033199012), (0.329003, 0.07816702), (0.329344, 0.07813299), (0.904624, 0.033199012), (0.328909, 0.086080015), (0.090784, 0.12865698), (0.319835, 0.09309101), (0.320522, 0.086080015), (0.320176, 0.093124986), (0.097727, 0.12865698), (0.318805, 0.100034), (0.319141, 0.100100994), (0.104535, 0.12865698), (0.317428, 0.10694301), (0.317099, 0.106842995), (0.111144, 0.12865698), (0.314735, 0.11345202), (0.315052, 0.11358303), (0.117489, 0.12865698), (0.311732, 0.11979699), (0.312035, 0.119959), (0.123509, 0.12865698), (0.30841, 0.12600899), (0.308124, 0.12581801), (0.129147, 0.12865698), (0.303944, 0.131455), (0.304208, 0.13167298), (0.134348, 0.12865698), (0.29923, 0.13665599), (0.299473, 0.136899), (0.833253, 0.560146), (0.833253, 0.56534696), (0.294246, 0.14163601), (0.294029, 0.14137), (0.833253, 0.570984), (0.288581, 0.14583701), (0.288391, 0.14555103), (0.833253, 0.577005), (0.282532, 0.149463), (0.282371, 0.14916003), (0.833253, 0.58335), (0.276156, 0.15247798), (0.276024, 0.152161), (0.833253, 0.589959), (0.269516, 0.154854), (0.269415, 0.154526), (0.833253, 0.596768), (0.262674, 0.15656799), (0.262607, 0.15623099), (0.833253, 0.603711), (0.255698, 0.15760303), (0.255664, 0.15726101), (0.833253, 0.610721), (0.248654, 0.157606), (0.248654, 0.15794897), (0.833253, 0.617732), (0.241642, 0.15726101), (0.241608, 0.15760303), (0.833253, 0.62467504), (0.234632, 0.15656799), (0.234699, 0.15623099), (0.833253, 0.63148403), (0.227891, 0.154526), (0.22779, 0.154854), (0.833253, 0.638093), (0.221282, 0.152161), (0.22115, 0.15247798), (0.833253, 0.644438), (0.214937, 0.14916003), (0.214774, 0.149463), (0.833253, 0.650459), (0.208917, 0.14555103), (0.208725, 0.14583701), (0.833253, 0.656097), (0.203279, 0.14137), (0.20306, 0.14163601), (0.833253, 0.66129696), (0.198078, 0.13665599), (0.197835, 0.136899), (0.207387, 0.07690501), (0.193365, 0.131455), (0.193098, 0.13167298), (0.213025, 0.07690501), (0.189182, 0.12581801), (0.188896, 0.12600797), (0.219046, 0.07690501), (0.185271, 0.119959), (0.185574, 0.11979699), (0.225393, 0.07690501), (0.182573, 0.11345202), (0.182256, 0.11358303), (0.232001, 0.07690501), (0.17988, 0.10694301), (0.180209, 0.106842995), (0.23881, 0.07690501), (0.178165, 0.100100994), (0.178504, 0.100034), (0.245752, 0.07690501), (0.177132, 0.093124986), (0.177473, 0.09309101), (0.252762, 0.07690501), (0.17713, 0.086080015), (0.176784, 0.086080015), (0.259775, 0.07690501), (0.177132, 0.079036), (0.177473, 0.07906997), (0.266717, 0.07690501), (0.178165, 0.072058976), (0.178504, 0.072126985), (0.273526, 0.07690501), (0.17988, 0.06521797), (0.180209, 0.06531799), (0.280134, 0.07690501), (0.182256, 0.058577), (0.182573, 0.058709025), (0.286479, 0.07690501), (0.185271, 0.052201986), (0.185574, 0.05236399), (0.292499, 0.07690501), (0.188896, 0.046151996), (0.189182, 0.04634303), (0.298138, 0.07690501), (0.193098, 0.04048699), (0.193365, 0.040705025), (0.303339, 0.07690501), (0.197835, 0.03526199), (0.198078, 0.035504997), (0.790057, 0.45197302), (0.203279, 0.030790985), (0.20306, 0.030525029), (0.790057, 0.45761102), (0.208917, 0.026609004), (0.208725, 0.026323974), (0.790057, 0.463632), (0.214774, 0.022697985), (0.214937, 0.023001015), (0.790057, 0.46997702), (0.221282, 0.01999998), (0.22115, 0.01968199), (0.790057, 0.47658598), (0.22779, 0.01730603), (0.227891, 0.017634988), (0.790057, 0.48339403), (0.234632, 0.015592992), (0.234699, 0.015929997), (0.790057, 0.49033803), (0.241608, 0.014558017), (0.241642, 0.014900029), (0.790057, 0.497348), (0.248654, 0.014554977), (0.248654, 0.014212012), (0.790057, 0.504359), (0.255664, 0.014900029), (0.255698, 0.014558017), (0.790057, 0.511302), (0.262607, 0.015929997), (0.262674, 0.015592992), (0.790057, 0.518111), (0.269516, 0.01730603), (0.269415, 0.017634988), (0.790057, 0.52472), (0.276156, 0.01968199), (0.276024, 0.01999998), (0.790057, 0.531065), (0.282532, 0.022697985), (0.282371, 0.023001015), (0.790057, 0.537085), (0.288581, 0.026323974), (0.288391, 0.026609004), (0.790057, 0.542723), (0.294029, 0.030790985), (0.294246, 0.030525029), (0.790057, 0.54792404), (0.299473, 0.03526199), (0.299228, 0.035503983), (0.038397, 0.12865698), (0.303944, 0.040705025), (0.304208, 0.04048699), (0.044035, 0.12865698), (0.30841, 0.046151996), (0.308124, 0.04634303), (0.050055, 0.12865698), (0.312035, 0.052201986), (0.311732, 0.05236399), (0.056402, 0.12865698), (0.315052, 0.058577), (0.314735, 0.058709025), (0.063011, 0.12865698), (0.317428, 0.06521797), (0.317099, 0.06531799), (0.069819, 0.12865698), (0.319141, 0.072058976), (0.318805, 0.07212597), (0.076762, 0.12865698), (0.320176, 0.079036), (0.319835, 0.07906902), (0.083772, 0.12865698), (0.320179, 0.086080015), (0.954052, 0.07897502), (0.927815, 0.20348299), (0.882519, 0.327551), (0.453498, 0.052932024), (0.833253, 0.442106), (0.197521, 0.12010002), (0.02853, 0.085461974), (0.790057, 0.555479), (0.453455, 0.09870899), (0.928298, 0.32750797), (0.202186, 0.07690501), (0.790057, 0.446773), (0.033196, 0.12865698)] (
                interpolation = "vertex"
            )
            uniform token subdivisionScheme = "none"
        }
    }

    def Xform "cap" (
        prepend apiSchemas = ["PhysicsRigidBodyAPI", "PhysicsMassAPI"]
    )
    {
        float physics:mass = 0.05

        def Mesh "geo_cap" (
            prepend apiSchemas = ["MaterialBindingAPI", "PhysicsCollisionAPI", "PhysicsMeshCollisionAPI"]
        )
        {
            int[] faceVertexCounts = [3, 3, 3, 3, 3, 3, 3, 3, 3, 3, 3, 3, 3, 3, 3, 3, 3, 3, 3, 3, 3, 3, 3, 3, 3, 3, 3, 3, 3, 3, 3, 3, 3, 3, 3, 3, 3, 3, 3, 3, 3, 3, 3, 3, 3, 3, 3, 3, 3, 3, 3, 3, 3, 3, 3, 3, 3, 3, 3, 3, 3, 3, 3, 3, 3, 3, 3, 3, 3, 3, 3, 3, 3, 3, 3, 3, 3, 3, 3, 3, 3, 3, 3, 3, 3, 3, 3, 3, 3, 3, 3, 3, 3, 3, 3, 3, 3, 3, 3, 3, 3, 3, 3, 3, 3, 3, 3, 3, 3, 3, 3, 3, 3, 3, 3, 3, 3, 3, 3, 3, 3, 3, 3, 3, 3, 3, 3, 3, 3, 3, 3, 3, 3, 3, 3, 3, 3, 3, 3, 3, 3, 3, 3, 3, 3, 3, 3, 3, 3, 3, 3, 3, 3, 3, 3, 3, 3, 3, 3, 3, 3, 3, 3, 3, 3, 3, 3, 3, 3, 3, 3, 3, 3, 3, 3, 3, 3, 3, 3, 3, 3, 3, 3, 3, 3, 3, 3, 3, 3, 3, 3, 3, 3, 3, 3, 3, 3, 3, 3, 3, 3, 3, 3, 3, 3, 3, 3, 3, 3, 3, 3, 3, 3, 3, 3, 3, 3, 3, 3, 3, 3, 3, 3, 3, 3, 3, 3, 3, 3, 3, 3, 3, 3, 3, 3, 3, 3, 3, 3, 3, 3, 3, 3, 3, 3, 3, 3, 3, 3, 3, 3, 3, 3, 3, 3, 3, 3, 3, 3, 3, 3, 3, 3, 3, 3, 3, 3, 3, 3, 3, 3, 3, 3, 3, 3, 3, 3, 3, 3, 3, 3, 3, 3, 3, 3, 3, 3, 3, 3, 3, 3, 3, 3, 3, 3, 3, 3, 3, 3, 3, 3, 3, 3, 3, 3, 3, 3, 3, 3, 3, 3, 3, 3, 3, 3, 3, 3, 3, 3, 3, 3, 3, 3, 3, 3, 3, 3, 3, 3, 3, 3, 3, 3, 3, 3, 3, 3, 3, 3, 3, 3, 3, 3, 3, 3, 3, 3, 3, 3, 3, 3, 3, 3, 3, 3, 3, 3, 3, 3, 3, 3, 3, 3, 3, 3, 3, 3, 3, 3, 3, 3, 3, 3, 3, 3, 3, 3, 3, 3, 3, 3, 3, 3, 3, 3, 3, 3, 3, 3, 3, 3, 3, 3, 3, 3, 3, 3, 3, 3, 3, 3, 3, 3, 3, 3, 3, 3, 3, 3, 3, 3, 3, 3, 3, 3, 3, 3, 3, 3, 3, 3, 3, 3, 3, 3, 3, 3, 3, 3, 3, 3, 3, 3, 3, 3, 3, 3, 3, 3, 3, 3, 3, 3, 3, 3, 3, 3, 3, 3, 3, 3, 3, 3, 3, 3, 3, 3, 3, 3, 3, 3, 3, 3, 3, 3, 3, 3, 3, 3, 3, 3, 3, 3, 3, 3, 3, 3, 3, 3, 3, 3, 3, 3, 3, 3, 3, 3, 3, 3, 3, 3, 3, 3, 3, 3, 3, 3, 3, 3, 3, 3, 3, 3, 3, 3, 3, 3, 3, 3, 3, 3, 3, 3, 3, 3, 3, 3, 3, 3, 3, 3, 3, 3, 3, 3, 3, 3, 3, 3, 3, 3, 3, 3, 3, 3, 3, 3, 3, 3, 3, 3, 3, 3, 3, 3, 3, 3, 3, 3, 3, 3, 3, 3, 3, 3, 3, 3, 3, 3, 3, 3, 3, 3, 3, 3, 3, 3, 3, 3, 3, 3, 3, 3, 3, 3, 3, 3, 3, 3, 3, 3, 3, 3, 3, 3, 3, 3, 3, 3, 3, 3, 3, 3, 3, 3, 3, 3, 3, 3, 3, 3, 3, 3, 3, 3, 3, 3, 3, 3, 3, 3, 3, 3, 3, 3, 3, 3, 3, 3, 3, 3, 3, 3, 3, 3, 3, 3, 3, 3, 3, 3, 3, 3, 3, 3, 3, 3, 3, 3, 3, 3, 3, 3, 3, 3, 3, 3, 3, 3, 3, 3, 3, 3, 3, 3, 3, 3, 3, 3, 3, 3, 3, 3, 3, 3, 3, 3, 3, 3, 3, 3, 3, 3, 3, 3, 3, 3, 3, 3, 3, 3, 3, 3, 3, 3, 3, 3, 3, 3, 3, 3, 3, 3, 3, 3, 3, 3, 3, 3, 3, 3, 3, 3, 3, 3, 3, 3, 3, 3, 3, 3, 3, 3, 3, 3, 3, 3, 3, 3, 3, 3, 3, 3, 3, 3, 3, 3, 3, 3, 3, 3, 3, 3, 3, 3, 3, 3, 3, 3, 3, 3, 3, 3, 3, 3, 3, 3, 3, 3, 3, 3, 3, 3, 3, 3, 3, 3, 3, 3, 3, 3, 3, 3, 3, 3, 3, 3, 3, 3, 3, 3, 3, 3, 3, 3, 3, 3, 3, 3, 3, 3, 3, 3, 3, 3, 3, 3, 3, 3, 3, 3, 3, 3, 3, 3, 3, 3, 3, 3, 3, 3, 3, 3, 3, 3, 3, 3, 3, 3, 3, 3, 3, 3, 3, 3, 3, 3, 3, 3, 3, 3, 3, 3, 3, 3, 3, 3, 3, 3, 3, 3, 3, 3, 3, 3, 3, 3, 3, 3, 3, 3, 3, 3, 3, 3, 3, 3, 3, 3, 3, 3, 3, 3, 3, 3, 3, 3, 3, 3, 3, 3, 3, 3, 3, 3, 3, 3, 3, 3, 3, 3, 3, 3, 3, 3, 3, 3, 3, 3, 3, 3, 3, 3, 3, 3, 3, 3, 3, 3, 3, 3, 3, 3, 3, 3, 3, 3, 3, 3, 3, 3, 3, 3, 3, 3, 3, 3, 3, 3, 3, 3, 3, 3, 3, 3, 3, 3, 3, 3, 3, 3, 3, 3, 3, 3, 3, 3, 3, 3, 3, 3, 3, 3, 3, 3, 3, 3, 3, 3, 3, 3, 3, 3, 3, 3, 3, 3, 3, 3, 3, 3, 3, 3, 3, 3, 3, 3, 3, 3, 3, 3, 3, 3, 3, 3, 3, 3, 3, 3, 3, 3, 3, 3, 3, 3, 3, 3, 3, 3, 3, 3, 3, 3, 3, 3, 3, 3, 3, 3, 3, 3, 3, 3, 3, 3, 3, 3, 3, 3, 3, 3, 3, 3, 3, 3, 3, 3, 3, 3, 3, 3, 3, 3, 3, 3, 3, 3, 3, 3, 3, 3, 3, 3, 3, 3, 3, 3, 3, 3, 3, 3, 3, 3, 3, 3, 3, 3, 3, 3, 3, 3, 3, 3, 3, 3, 3, 3, 3, 3, 3, 3, 3, 3, 3, 3, 3, 3, 3, 3, 3, 3, 3, 3, 3, 3, 3, 3, 3, 3, 3, 3, 3, 3, 3, 3, 3, 3, 3, 3, 3, 3, 3, 3, 3, 3, 3, 3, 3, 3, 3, 3, 3, 3, 3, 3, 3, 3, 3, 3, 3, 3, 3, 3, 3, 3, 3, 3, 3, 3, 3, 3, 3, 3, 3, 3, 3, 3, 3, 3, 3, 3, 3, 3, 3, 3, 3, 3, 3, 3, 3, 3, 3, 3, 3, 3, 3, 3, 3, 3, 3, 3, 3, 3, 3, 3, 3, 3, 3, 3, 3, 3, 3, 3, 3, 3, 3, 3, 3, 3, 3, 3, 3, 3, 3, 3, 3, 3, 3, 3, 3, 3, 3, 3, 3, 3, 3, 3, 3, 3, 3, 3, 3, 3, 3, 3, 3, 3, 3, 3, 3, 3, 3, 3, 3, 3, 3, 3, 3, 3, 3, 3, 3, 3, 3, 3, 3, 3, 3, 3, 3, 3, 3, 3, 3, 3, 3, 3, 3, 3, 3, 3, 3, 3, 3, 3, 3, 3, 3, 3, 3, 3, 3, 3, 3, 3, 3, 3, 3, 3, 3, 3, 3, 3, 3, 3, 3, 3, 3, 3, 3, 3, 3, 3, 3, 3, 3, 3, 3, 3, 3, 3, 3, 3, 3, 3, 3, 3, 3, 3, 3, 3, 3, 3, 3, 3, 3, 3, 3, 3, 3, 3, 3, 3, 3, 3, 3, 3, 3, 3, 3, 3, 3, 3, 3, 3, 3, 3, 3, 3, 3, 3, 3, 3, 3, 3, 3, 3, 3, 3, 3, 3, 3, 3, 3, 3, 3, 3, 3, 3, 3, 3, 3, 3, 3, 3, 3, 3, 3, 3, 3, 3, 3, 3, 3, 3, 3, 3, 3, 3, 3, 3, 3, 3, 3, 3, 3, 3, 3, 3, 3, 3, 3, 3, 3, 3, 3, 3, 3, 3, 3, 3, 3, 3, 3, 3, 3, 3, 3, 3, 3, 3, 3, 3, 3, 3, 3, 3, 3, 3, 3, 3, 3, 3, 3, 3, 3, 3, 3, 3, 3, 3, 3, 3, 3, 3, 3, 3, 3, 3, 3, 3, 3, 3, 3, 3, 3, 3, 3, 3, 3, 3, 3, 3, 3, 3, 3, 3, 3, 3, 3, 3, 3, 3, 3, 3, 3, 3, 3, 3, 3, 3, 3, 3, 3, 3, 3, 3, 3, 3, 3, 3, 3, 3, 3, 3, 3, 3, 3, 3, 3, 3, 3, 3, 3, 3, 3, 3, 3, 3, 3, 3, 3, 3, 3, 3, 3, 3, 3, 3, 3, 3, 3, 3, 3, 3, 3, 3, 3, 3, 3, 3, 3, 3, 3, 3, 3, 3, 3, 3, 3, 3, 3, 3, 3, 3, 3, 3, 3, 3, 3, 3, 3, 3, 3, 3, 3, 3, 3, 3, 3, 3, 3, 3, 3, 3, 3, 3, 3, 3, 3, 3, 3, 3, 3, 3, 3, 3, 3, 3, 3, 3, 3, 3, 3, 3, 3, 3, 3, 3, 3, 3, 3, 3, 3, 3, 3, 3, 3, 3, 3, 3, 3, 3, 3, 3, 3, 3, 3, 3, 3, 3, 3, 3, 3, 3, 3, 3, 3, 3, 3, 3, 3, 3, 3, 3, 3, 3, 3, 3, 3, 3, 3, 3, 3, 3, 3, 3, 3, 3, 3, 3, 3, 3, 3, 3, 3, 3, 3, 3, 3, 3, 3, 3, 3, 3, 3, 3, 3, 3, 3, 3, 3, 3, 3, 3, 3, 3, 3, 3, 3, 3, 3, 3, 3, 3, 3, 3, 3, 3, 3, 3, 3, 3, 3, 3, 3, 3, 3, 3, 3, 3, 3, 3, 3, 3, 3, 3, 3, 3, 3, 3, 3, 3, 3, 3, 3, 3, 3, 3, 3, 3, 3, 3, 3, 3, 3, 3, 3, 3, 3, 3, 3, 3, 3, 3, 3, 3, 3, 3, 3, 3, 3, 3, 3, 3, 3, 3, 3, 3, 3, 3, 3, 3, 3, 3, 3, 3, 3, 3, 3, 3, 3, 3, 3, 3, 3, 3, 3, 3, 3, 3, 3, 3, 3, 3, 3, 3, 3, 3, 3, 3, 3, 3, 3, 3, 3, 3, 3, 3, 3, 3, 3, 3, 3, 3, 3, 3, 3, 3, 3, 3, 3, 3, 3, 3, 3, 3, 3, 3, 3, 3, 3, 3, 3, 3, 3, 3, 3, 3, 3, 3, 3, 3, 3, 3, 3, 3, 3, 3, 3, 3, 3, 3, 3, 3, 3, 3, 3, 3, 3, 3, 3, 3, 3, 3, 3, 3, 3, 3, 3, 3, 3, 3, 3, 3, 3, 3, 3, 3, 3, 3, 3, 3, 3, 3, 3, 3, 3, 3, 3, 3, 3, 3, 3, 3, 3, 3, 3, 3, 3, 3, 3, 3, 3, 3, 3, 3, 3, 3, 3, 3, 3, 3, 3, 3, 3, 3, 3, 3, 3, 3, 3, 3, 3, 3, 3, 3, 3, 3, 3, 3, 3, 3, 3, 3, 3, 3, 3, 3, 3, 3, 3, 3, 3, 3, 3, 3, 3, 3, 3, 3, 3, 3, 3, 3, 3, 3, 3, 3, 3, 3, 3, 3, 3, 3, 3, 3, 3, 3, 3, 3, 3, 3, 3, 3, 3, 3, 3, 3, 3, 3, 3, 3, 3, 3, 3, 3, 3, 3, 3, 3, 3, 3, 3, 3, 3, 3, 3, 3, 3, 3, 3, 3, 3, 3, 3, 3, 3, 3, 3, 3, 3, 3, 3, 3, 3, 3, 3, 3, 3, 3, 3, 3, 3, 3, 3, 3, 3, 3, 3, 3, 3, 3, 3, 3, 3, 3, 3, 3, 3, 3, 3, 3, 3, 3, 3, 3, 3, 3, 3, 3, 3, 3, 3, 3, 3, 3, 3, 3, 3, 3, 3, 3, 3, 3, 3, 3, 3, 3, 3, 3, 3, 3, 3, 3, 3, 3, 3, 3, 3, 3, 3, 3, 3, 3, 3, 3, 3, 3, 3, 3, 3, 3, 3, 3, 3, 3, 3, 3, 3, 3, 3, 3, 3, 3, 3, 3, 3, 3, 3, 3, 3, 3, 3, 3, 3, 3, 3, 3, 3, 3, 3, 3, 3, 3, 3, 3, 3, 3, 3, 3, 3, 3, 3, 3, 3, 3, 3, 3, 3, 3, 3, 3, 3, 3, 3, 3, 3, 3, 3, 3, 3, 3, 3, 3, 3, 3, 3, 3, 3, 3, 3, 3, 3, 3, 3, 3, 3, 3, 3, 3, 3, 3, 3, 3, 3, 3, 3, 3, 3, 3, 3, 3, 3, 3, 3, 3, 3, 3, 3, 3, 3, 3, 3, 3, 3, 3, 3, 3, 3, 3, 3, 3, 3, 3, 3, 3, 3, 3, 3, 3, 3, 3, 3, 3, 3, 3, 3, 3, 3, 3, 3, 3, 3, 3, 3, 3, 3, 3, 3, 3, 3, 3, 3, 3, 3, 3, 3, 3, 3, 3, 3, 3, 3, 3, 3, 3, 3, 3, 3, 3, 3, 3, 3, 3, 3, 3, 3, 3, 3, 3, 3, 3, 3, 3, 3, 3, 3, 3, 3, 3, 3, 3, 3, 3, 3, 3, 3, 3, 3, 3, 3, 3, 3, 3, 3, 3, 3, 3, 3, 3, 3, 3, 3, 3, 3, 3, 3, 3, 3, 3, 3, 3, 3, 3, 3, 3, 3, 3, 3, 3, 3, 3, 3, 3, 3, 3, 3, 3, 3, 3, 3, 3, 3, 3, 3, 3, 3, 3, 3, 3, 3, 3, 3, 3, 3, 3, 3, 3, 3, 3, 3, 3, 3, 3, 3, 3, 3, 3, 3, 3, 3, 3, 3, 3, 3, 3, 3, 3, 3, 3, 3, 3, 3, 3, 3, 3, 3, 3, 3, 3, 3, 3, 3, 3, 3, 3, 3, 3, 3, 3, 3, 3, 3, 3, 3, 3, 3, 3, 3, 3, 3, 3, 3, 3, 3, 3, 3, 3, 3, 3, 3, 3, 3, 3, 3, 3, 3, 3, 3, 3, 3, 3, 3, 3, 3, 3, 3, 3, 3, 3, 3, 3, 3, 3, 3, 3, 3, 3, 3, 3, 3, 3, 3, 3, 3, 3, 3, 3, 3, 3, 3, 3, 3, 3, 3]
            int[] faceVertexIndices = [0, 1, 2, 3, 4, 5, 6, 7, 8, 9, 4, 10, 8, 11, 12, 9, 13, 14, 12, 15, 16, 14, 17, 18, 16, 19, 20, 18, 21, 22, 20, 23, 24, 22, 25, 26, 24, 27, 28, 26, 29, 30, 28, 31, 32, 30, 33, 34, 32, 35, 36, 34, 37, 38, 36, 39, 40, 38, 41, 42, 40, 43, 44, 42, 45, 46, 44, 47, 48, 49, 50, 51, 48, 52, 53, 51, 54, 55, 53, 56, 57, 55, 58, 59, 60, 61, 62, 57, 63, 64, 59, 65, 66, 67, 68, 69, 64, 70, 71, 66, 72, 73, 69, 74, 75, 71, 76, 77, 73, 78, 79, 75, 80, 81, 82, 83, 84, 79, 85, 86, 81, 87, 88, 84, 89, 90, 86, 91, 92, 88, 93, 94, 90, 95, 96, 92, 97, 98, 94, 99, 100, 96, 101, 102, 98, 103, 104, 100, 105, 106, 102, 107, 108, 104, 109, 110, 111, 112, 113, 108, 114, 115, 110, 116, 117, 113, 118, 119, 115, 61, 120, 117, 121, 122, 119, 123, 124, 60, 125, 67, 122, 126, 127, 124, 128, 129, 127, 130, 131, 129, 132, 3, 131, 133, 134, 135, 136, 137, 138, 139, 140, 137, 141, 142, 143, 139, 144, 142, 145, 146, 143, 147, 148, 146, 149, 150, 151, 147, 152, 150, 153, 154, 151, 155, 156, 154, 157, 158, 159, 155, 160, 161, 157, 162, 159, 163, 164, 161, 165, 166, 167, 168, 169, 170, 163, 171, 166, 172, 173, 167, 174, 175, 170, 176, 177, 173, 178, 179, 175, 180, 181, 177, 182, 183, 179, 184, 185, 181, 186, 187, 188, 182, 189, 185, 190, 191, 192, 186, 193, 188, 194, 195, 196, 190, 197, 192, 198, 199, 200, 194, 201, 202, 197, 203, 199, 204, 205, 200, 206, 207, 202, 208, 209, 210, 204, 211, 207, 1, 212, 209, 213, 214, 215, 211, 216, 214, 217, 218, 215, 219, 220, 221, 222, 223, 218, 224, 225, 226, 219, 227, 228, 2, 229, 225, 230, 231, 226, 232, 233, 231, 234, 235, 233, 236, 237, 235, 238, 239, 237, 240, 241, 242, 238, 243, 241, 244, 245, 246, 243, 247, 248, 244, 249, 246, 250, 251, 248, 252, 253, 251, 254, 255, 253, 256, 257, 255, 258, 259, 257, 260, 135, 259, 261, 138, 262, 263, 264, 265, 266, 267, 268, 264, 269, 270, 266, 271, 272, 269, 273, 270, 274, 275, 272, 276, 277, 275, 278, 279, 280, 276, 281, 282, 283, 284, 279, 285, 286, 280, 287, 288, 289, 290, 291, 286, 292, 293, 294, 287, 295, 291, 296, 297, 293, 298, 299, 300, 295, 301, 302, 296, 303, 299, 304, 305, 300, 306, 307, 302, 308, 309, 310, 304, 311, 307, 312, 313, 309, 314, 315, 310, 316, 317, 313, 318, 319, 320, 314, 321, 317, 322, 323, 324, 318, 325, 320, 326, 327, 221, 322, 328, 329, 325, 330, 327, 331, 332, 329, 333, 334, 332, 335, 336, 337, 333, 338, 336, 339, 340, 341, 342, 289, 337, 343, 344, 345, 339, 346, 347, 343, 348, 349, 346, 350, 347, 351, 352, 349, 353, 354, 352, 355, 356, 357, 353, 358, 356, 359, 360, 357, 361, 362, 363, 359, 364, 365, 361, 366, 367, 364, 368, 369, 366, 370, 367, 371, 372, 373, 370, 374, 372, 375, 376, 373, 377, 378, 376, 379, 380, 378, 381, 382, 380, 383, 384, 382, 263, 385, 384, 386, 265, 223, 387, 388, 222, 389, 387, 390, 391, 389, 392, 393, 391, 387, 394, 395, 389, 396, 394, 391, 284, 396, 342, 394, 397, 397, 396, 398, 396, 399, 398, 342, 400, 290, 397, 401, 400, 398, 402, 401, 290, 403, 296, 400, 404, 403, 404, 402, 405, 303, 403, 406, 406, 404, 407, 407, 405, 408, 303, 409, 308, 406, 410, 409, 407, 411, 410, 308, 412, 314, 412, 410, 413, 410, 414, 413, 321, 412, 415, 415, 413, 416, 416, 414, 417, 321, 418, 326, 415, 419, 418, 416, 420, 419, 331, 418, 421, 421, 419, 422, 422, 420, 423, 331, 424, 335, 421, 425, 424, 422, 426, 425, 335, 427, 339, 427, 425, 428, 425, 429, 428, 339, 430, 346, 427, 431, 430, 428, 432, 431, 350, 430, 433, 433, 431, 434, 434, 432, 435, 350, 436, 353, 433, 437, 436, 434, 438, 437, 358, 436, 439, 436, 440, 439, 440, 438, 441, 358, 442, 361, 442, 440, 443, 440, 283, 443, 366, 442, 444, 444, 443, 445, 443, 446, 445, 370, 444, 447, 447, 445, 448, 445, 449, 448, 370, 450, 374, 447, 451, 450, 448, 452, 451, 374, 453, 377, 450, 454, 453, 451, 455, 454, 377, 456, 381, 453, 457, 456, 454, 458, 457, 263, 456, 459, 456, 460, 459, 457, 461, 460, 264, 459, 462, 462, 460, 463, 463, 461, 464, 264, 465, 269, 462, 466, 465, 466, 464, 467, 273, 465, 468, 468, 466, 469, 469, 467, 470, 273, 471, 276, 468, 472, 471, 469, 473, 472, 281, 471, 474, 471, 475, 474, 472, 476, 475, 287, 474, 477, 477, 475, 478, 478, 476, 479, 287, 480, 295, 477, 481, 480, 478, 482, 481, 301, 480, 483, 483, 481, 484, 484, 482, 485, 301, 486, 306, 483, 487, 486, 484, 488, 487, 306, 489, 312, 486, 490, 489, 487, 282, 490, 312, 491, 318, 489, 492, 491, 490, 493, 492, 325, 491, 494, 491, 495, 494, 495, 493, 496, 330, 494, 497, 497, 495, 498, 495, 499, 498, 330, 500, 333, 497, 501, 500, 498, 502, 501, 333, 503, 338, 503, 501, 504, 501, 505, 504, 338, 506, 343, 503, 507, 506, 504, 508, 507, 348, 506, 509, 509, 507, 510, 507, 511, 510, 351, 509, 512, 512, 510, 513, 513, 511, 514, 351, 515, 355, 512, 516, 515, 513, 517, 516, 355, 518, 359, 515, 519, 518, 516, 520, 519, 364, 518, 521, 521, 519, 522, 522, 520, 523, 368, 521, 524, 524, 522, 525, 522, 526, 525, 368, 527, 371, 524, 528, 527, 525, 529, 528, 371, 530, 375, 527, 531, 530, 528, 532, 531, 375, 533, 379, 533, 531, 534, 534, 532, 535, 383, 533, 536, 536, 534, 537, 534, 538, 537, 386, 536, 539, 539, 537, 540, 537, 541, 540, 386, 542, 266, 542, 540, 543, 540, 544, 543, 266, 545, 271, 542, 546, 545, 543, 547, 546, 271, 548, 274, 545, 549, 548, 546, 550, 549, 278, 548, 551, 551, 549, 552, 549, 553, 552, 278, 554, 285, 551, 555, 554, 552, 556, 555, 285, 557, 292, 554, 558, 557, 555, 559, 558, 298, 557, 560, 560, 558, 561, 561, 559, 562, 298, 563, 304, 560, 564, 563, 561, 565, 564, 304, 566, 311, 566, 564, 567, 564, 568, 567, 311, 569, 316, 569, 567, 570, 567, 571, 570, 316, 572, 322, 569, 573, 572, 570, 574, 573, 328, 572, 575, 575, 573, 576, 573, 577, 576, 328, 390, 222, 575, 392, 390, 576, 578, 392, 388, 395, 341, 579, 580, 581, 582, 583, 580, 584, 585, 586, 229, 587, 168, 586, 588, 589, 169, 587, 590, 589, 591, 592, 174, 590, 593, 592, 594, 595, 180, 593, 596, 595, 597, 598, 180, 599, 186, 598, 600, 601, 186, 602, 193, 603, 604, 605, 193, 606, 198, 607, 605, 608, 204, 606, 609, 607, 610, 611, 204, 612, 211, 611, 613, 614, 211, 615, 216, 616, 613, 617, 216, 618, 219, 616, 619, 620, 219, 621, 227, 622, 619, 623, 232, 621, 624, 622, 625, 626, 232, 627, 236, 626, 628, 629, 236, 630, 240, 629, 631, 632, 240, 633, 244, 632, 634, 635, 244, 636, 249, 635, 637, 638, 249, 639, 252, 640, 637, 641, 252, 642, 256, 640, 643, 644, 260, 642, 645, 644, 646, 647, 260, 648, 136, 649, 646, 650, 136, 651, 141, 652, 653, 654, 141, 655, 145, 652, 656, 657, 145, 658, 149, 657, 659, 660, 149, 661, 153, 662, 659, 663, 157, 661, 664, 665, 663, 666, 162, 664, 667, 668, 666, 669, 162, 670, 165, 668, 671, 672, 165, 673, 172, 672, 674, 675, 172, 676, 178, 675, 677, 678, 178, 679, 184, 680, 677, 681, 184, 682, 190, 683, 681, 684, 197, 682, 685, 683, 686, 687, 197, 688, 203, 687, 689, 690, 203, 691, 208, 690, 692, 693, 213, 691, 694, 695, 692, 696, 217, 694, 697, 695, 698, 699, 224, 697, 700, 701, 702, 703, 224, 704, 230, 703, 705, 706, 230, 707, 234, 706, 708, 709, 234, 710, 238, 709, 711, 712, 238, 713, 243, 712, 714, 715, 243, 716, 247, 715, 717, 718, 247, 719, 250, 718, 720, 721, 250, 722, 254, 721, 723, 724, 258, 722, 725, 724, 726, 727, 258, 728, 261, 727, 729, 730, 261, 731, 139, 730, 732, 733, 139, 734, 144, 735, 732, 736, 147, 734, 737, 735, 738, 739, 152, 737, 740, 739, 741, 742, 152, 743, 155, 744, 741, 745, 155, 746, 160, 744, 747, 748, 163, 746, 749, 750, 751, 752, 171, 749, 753, 750, 754, 755, 176, 753, 756, 755, 757, 758, 182, 756, 759, 760, 757, 761, 189, 759, 762, 763, 761, 764, 189, 765, 194, 763, 766, 767, 194, 768, 201, 769, 766, 583, 201, 770, 206, 62, 771, 772, 206, 773, 1, 2, 774, 229, 584, 581, 775, 776, 388, 777, 776, 221, 223, 778, 341, 289, 125, 779, 68, 778, 291, 780, 68, 781, 74, 780, 297, 782, 74, 783, 80, 782, 302, 784, 80, 785, 87, 784, 309, 786, 87, 787, 93, 788, 309, 315, 93, 789, 99, 790, 315, 320, 99, 791, 105, 792, 320, 327, 112, 793, 794, 795, 327, 332, 112, 796, 118, 797, 332, 336, 118, 798, 123, 797, 340, 799, 123, 800, 128, 799, 345, 801, 128, 802, 132, 803, 345, 349, 132, 804, 4, 803, 354, 805, 4, 806, 10, 807, 354, 357, 10, 808, 13, 807, 362, 809, 13, 810, 17, 809, 365, 811, 21, 810, 812, 811, 369, 813, 25, 812, 814, 815, 369, 373, 25, 816, 29, 817, 373, 378, 29, 818, 33, 817, 382, 819, 37, 818, 820, 819, 385, 821, 41, 820, 822, 821, 262, 823, 41, 824, 45, 823, 268, 825, 50, 826, 827, 825, 272, 828, 50, 829, 54, 830, 272, 277, 58, 829, 831, 832, 277, 280, 58, 833, 65, 832, 288, 834, 72, 833, 835, 836, 288, 294, 78, 835, 837, 836, 300, 838, 78, 839, 85, 840, 300, 307, 85, 841, 91, 840, 313, 842, 91, 843, 97, 844, 313, 319, 97, 845, 103, 846, 319, 324, 103, 847, 109, 846, 329, 848, 109, 849, 116, 848, 334, 850, 121, 849, 851, 852, 334, 337, 121, 853, 126, 854, 337, 344, 126, 855, 130, 854, 347, 856, 130, 857, 133, 856, 352, 858, 859, 860, 7, 858, 356, 861, 11, 860, 862, 863, 356, 360, 15, 862, 864, 863, 363, 865, 19, 864, 866, 867, 363, 367, 23, 866, 868, 867, 372, 869, 27, 868, 870, 869, 376, 871, 27, 872, 31, 871, 380, 873, 35, 872, 874, 873, 384, 875, 35, 876, 39, 877, 384, 265, 39, 878, 43, 877, 267, 879, 43, 880, 47, 879, 270, 881, 47, 882, 52, 881, 275, 883, 52, 884, 56, 885, 275, 279, 56, 886, 63, 887, 279, 286, 70, 886, 888, 887, 293, 889, 76, 888, 890, 891, 293, 299, 83, 892, 893, 891, 305, 894, 83, 895, 89, 894, 310, 896, 89, 897, 95, 898, 310, 317, 101, 897, 899, 898, 323, 900, 101, 901, 107, 902, 323, 221, 107, 903, 114, 61, 903, 771, 62, 904, 125, 777, 341, 905, 906, 229, 168, 696, 907, 698, 908, 134, 907, 613, 909, 617, 910, 3, 909, 692, 908, 696, 911, 131, 908, 610, 910, 613, 912, 129, 910, 689, 911, 692, 913, 127, 911, 580, 914, 581, 915, 67, 914, 608, 912, 610, 916, 124, 912, 686, 913, 689, 917, 122, 913, 766, 918, 583, 919, 120, 918, 605, 916, 608, 920, 119, 916, 684, 917, 686, 921, 117, 917, 764, 919, 766, 922, 115, 919, 604, 920, 605, 923, 113, 920, 681, 921, 684, 924, 110, 921, 761, 922, 764, 925, 108, 922, 597, 926, 600, 927, 106, 926, 677, 924, 681, 928, 104, 924, 757, 925, 761, 929, 102, 925, 594, 927, 597, 930, 100, 927, 674, 928, 677, 931, 98, 928, 754, 929, 757, 932, 96, 929, 591, 930, 594, 933, 94, 930, 671, 931, 674, 934, 92, 931, 752, 932, 754, 935, 90, 932, 588, 933, 591, 936, 88, 933, 669, 934, 671, 937, 86, 934, 751, 935, 752, 938, 84, 935, 585, 936, 588, 939, 81, 936, 666, 937, 669, 940, 79, 937, 745, 941, 747, 942, 77, 941, 775, 939, 585, 943, 75, 939, 663, 940, 666, 944, 73, 940, 741, 942, 745, 945, 71, 942, 581, 943, 775, 914, 69, 943, 659, 944, 663, 946, 66, 944, 738, 945, 741, 947, 64, 945, 583, 915, 580, 915, 120, 60, 656, 946, 659, 948, 59, 946, 736, 947, 738, 949, 57, 947, 654, 948, 656, 950, 55, 948, 732, 949, 736, 951, 53, 949, 653, 950, 654, 952, 51, 950, 729, 951, 732, 953, 48, 951, 646, 954, 650, 955, 46, 954, 726, 953, 729, 956, 44, 953, 643, 955, 646, 957, 42, 955, 723, 956, 726, 958, 40, 956, 641, 957, 643, 959, 38, 957, 720, 958, 723, 960, 36, 958, 637, 959, 641, 961, 34, 959, 720, 962, 960, 962, 32, 960, 634, 961, 637, 963, 30, 961, 714, 962, 717, 964, 28, 962, 631, 963, 634, 965, 26, 963, 711, 964, 714, 966, 24, 964, 628, 965, 631, 967, 22, 965, 708, 966, 711, 968, 20, 966, 625, 967, 628, 969, 18, 967, 705, 968, 708, 970, 16, 968, 623, 969, 625, 971, 14, 969, 702, 970, 705, 972, 12, 970, 619, 971, 623, 973, 9, 971, 974, 972, 702, 975, 8, 972, 617, 973, 619, 909, 5, 973, 1, 976, 2, 579, 977, 582, 978, 979, 980, 979, 976, 980, 584, 981, 579, 982, 979, 983, 984, 774, 979, 584, 985, 986, 987, 984, 982, 984, 590, 587, 586, 988, 985, 989, 990, 987, 990, 593, 590, 592, 988, 589, 989, 991, 992, 992, 596, 593, 595, 993, 592, 994, 991, 995, 991, 599, 596, 595, 996, 997, 998, 999, 994, 999, 602, 599, 598, 1000, 996, 1001, 1002, 998, 1002, 606, 602, 1003, 1004, 1005, 1006, 1007, 1001, 1007, 609, 606, 603, 1008, 1004, 1009, 1010, 1006, 1011, 609, 1010, 607, 1012, 1008, 1009, 1013, 1011, 1013, 612, 1011, 611, 1014, 1012, 1015, 1016, 1013, 1013, 618, 615, 616, 1014, 614, 1017, 1016, 1018, 1016, 621, 618, 620, 1019, 616, 1020, 1021, 1017, 1021, 624, 621, 622, 1022, 620, 1023, 1024, 1020, 1025, 624, 1024, 626, 1026, 622, 1027, 1025, 1023, 1028, 627, 1025, 629, 1029, 626, 1027, 1030, 1028, 1030, 630, 1028, 632, 1031, 629, 1032, 1030, 1033, 1034, 633, 1030, 635, 1035, 632, 1036, 1034, 1032, 1037, 636, 1034, 635, 1038, 1039, 1040, 1037, 1036, 1041, 639, 1037, 638, 1042, 1038, 1040, 1043, 1041, 1041, 645, 642, 640, 1044, 1042, 1045, 1043, 1046, 1043, 648, 645, 644, 1047, 1044, 1045, 1048, 1049, 1049, 651, 648, 649, 1047, 647, 1050, 1048, 1051, 1048, 655, 651, 652, 1052, 1053, 1054, 1055, 1050, 1055, 658, 655, 652, 1056, 1057, 1058, 1059, 1054, 1059, 661, 658, 660, 1056, 657, 1060, 1061, 1058, 1062, 661, 1061, 662, 1063, 660, 1060, 1064, 1062, 1064, 664, 1062, 665, 1065, 662, 1066, 1064, 1067, 1068, 667, 1064, 668, 1069, 665, 1070, 1068, 1066, 1071, 670, 1068, 672, 1072, 668, 1073, 1071, 1070, 1074, 673, 1071, 675, 1075, 672, 1076, 1074, 1073, 1074, 679, 676, 678, 1077, 675, 1076, 1078, 1079, 1078, 679, 1079, 680, 1080, 678, 1081, 1082, 1078, 1082, 682, 1078, 680, 1083, 1084, 1085, 1082, 1086, 1087, 685, 1082, 687, 1083, 683, 1088, 1087, 1085, 1089, 688, 1087, 690, 1090, 687, 1091, 1089, 1088, 1092, 691, 1089, 693, 1093, 690, 1091, 1094, 1092, 1094, 694, 1092, 695, 1095, 693, 1096, 1094, 1097, 1098, 697, 1094, 699, 1099, 695, 1096, 1100, 1098, 1098, 704, 700, 703, 1101, 701, 1102, 1100, 1103, 1100, 707, 704, 706, 1104, 703, 1105, 1106, 1102, 1106, 710, 707, 709, 1107, 706, 1108, 1109, 1105, 1109, 713, 710, 709, 1110, 1111, 1108, 1112, 1113, 1112, 713, 1113, 712, 1114, 1110, 1115, 1112, 1116, 1112, 719, 716, 715, 1117, 1114, 1118, 1119, 1115, 1119, 722, 719, 718, 1120, 1117, 1121, 1122, 1118, 1123, 722, 1122, 724, 1120, 721, 1124, 1123, 1121, 1125, 725, 1123, 724, 1126, 1127, 1128, 1125, 1124, 1129, 728, 1125, 730, 1126, 727, 1130, 1129, 1128, 1129, 734, 731, 733, 1131, 730, 1132, 1133, 1130, 1133, 737, 734, 733, 1134, 1135, 1136, 1137, 1132, 1137, 740, 737, 739, 1134, 735, 1136, 1138, 1139, 1138, 740, 1139, 739, 1140, 1141, 1142, 1143, 1138, 1143, 743, 1138, 744, 1140, 742, 1144, 1145, 1143, 1145, 746, 1143, 748, 1146, 744, 1147, 1145, 1148, 1149, 749, 1145, 1150, 1151, 1152, 1153, 1149, 1147, 1154, 753, 1149, 755, 1151, 750, 1155, 1154, 1153, 1156, 756, 1154, 755, 1157, 1158, 1155, 1159, 1156, 1156, 762, 759, 760, 1157, 758, 1160, 1161, 1159, 1159, 765, 762, 760, 1162, 1163, 1164, 1165, 1161, 1165, 765, 1161, 763, 1166, 1162, 1167, 1168, 1165, 1168, 768, 1165, 769, 1166, 767, 1169, 1168, 1170, 1168, 773, 770, 769, 977, 1171, 978, 1172, 1169, 980, 773, 1172, 777, 1173, 776, 1174, 1175, 1176, 1177, 772, 1175, 905, 1178, 777, 1179, 1177, 1174, 1180, 904, 1177, 778, 1181, 905, 1179, 1182, 1180, 1182, 779, 1180, 780, 1183, 778, 1184, 1182, 1185, 1182, 783, 781, 782, 1186, 780, 1187, 1188, 1184, 1189, 783, 1188, 784, 1190, 782, 1191, 1189, 1187, 1192, 785, 1189, 786, 1193, 784, 1191, 1194, 1192, 1192, 789, 787, 788, 1195, 786, 1195, 1196, 1197, 1198, 789, 1194, 788, 1199, 1200, 1199, 1196, 1200, 1201, 793, 1202, 792, 1199, 790, 1203, 1201, 1204, 1205, 794, 1201, 792, 1206, 1207, 1203, 1208, 1205, 1208, 796, 1205, 797, 1206, 795, 1209, 1208, 1210, 1208, 800, 798, 799, 1211, 797, 1212, 1213, 1209, 1213, 802, 800, 801, 1214, 799, 1215, 1216, 1212, 1216, 804, 802, 801, 1217, 1218, 1219, 1220, 1215, 1220, 806, 804, 805, 1217, 803, 1221, 1222, 1219, 1223, 806, 1222, 807, 1224, 805, 1225, 1223, 1221, 1223, 810, 808, 809, 1226, 807, 1225, 1227, 1228, 1227, 810, 1228, 809, 1229, 1230, 1231, 1227, 1232, 1227, 814, 812, 811, 1233, 1229, 1234, 1235, 1231, 1235, 816, 814, 815, 1233, 813, 1234, 1236, 1237, 1236, 816, 1237, 815, 1238, 1239, 1240, 1236, 1241, 1242, 818, 1236, 817, 1243, 1238, 1244, 1242, 1240, 1245, 820, 1242, 819, 1246, 1243, 1246, 1247, 1243, 1248, 822, 1245, 823, 1246, 821, 1249, 1250, 1246, 1251, 826, 1252, 823, 1253, 1249, 1254, 1255, 1251, 1251, 829, 827, 828, 1253, 825, 1256, 1257, 1255, 1257, 829, 1255, 828, 1258, 1259, 1260, 1257, 1261, 1262, 831, 1257, 830, 1263, 1258, 1264, 1262, 1260, 1262, 835, 833, 834, 1263, 832, 1265, 1266, 1264, 1266, 837, 835, 836, 1267, 834, 1265, 1268, 1269, 1268, 837, 1269, 838, 1270, 836, 1271, 1268, 1272, 1268, 841, 839, 840, 1273, 838, 1271, 1274, 1275, 1274, 841, 1275, 842, 1276, 840, 1277, 1274, 1278, 1279, 843, 1274, 844, 1280, 842, 1281, 1279, 1277, 1279, 847, 845, 844, 1282, 1283, 1284, 1285, 1281, 1286, 847, 1285, 848, 1282, 846, 1284, 1287, 1286, 1287, 849, 1286, 850, 1288, 848, 1289, 1290, 1287, 1290, 851, 1287, 850, 1291, 1292, 1293, 1290, 1294, 1295, 853, 1290, 852, 1296, 1291, 1296, 1297, 1291, 1295, 857, 855, 856, 1296, 854, 1296, 1298, 1299, 1300, 860, 1301, 858, 1302, 856, 1303, 1298, 1302, 1304, 862, 860, 861, 1303, 858, 1305, 1306, 1307, 1306, 862, 1307, 861, 1308, 1309, 1310, 1306, 1311, 1312, 864, 1306, 865, 1308, 863, 1310, 1313, 1312, 1312, 868, 866, 867, 1314, 865, 1315, 1313, 1316, 1313, 870, 868, 867, 1317, 1318, 1319, 1320, 1315, 1321, 870, 1320, 871, 1317, 869, 1319, 1322, 1321, 1321, 874, 872, 873, 1323, 871, 1324, 1322, 1325, 1326, 874, 1322, 875, 1327, 873, 1328, 1326, 1324, 1326, 878, 876, 877, 1329, 875, 1328, 1330, 1331, 1331, 880, 878, 877, 1332, 1333, 1334, 1330, 1335, 1330, 882, 880, 879, 1336, 1332, 1337, 1338, 1334, 1338, 884, 882, 883, 1336, 881, 1339, 1340, 1337, 1341, 884, 1340, 885, 1342, 883, 1343, 1341, 1339, 1344, 886, 1341, 885, 1345, 1346, 1345, 1347, 1346, 1348, 888, 1344, 889, 1345, 887, 1345, 1349, 1350, 1351, 892, 1352, 891, 1353, 889, 1354, 1355, 1351, 1355, 893, 1351, 891, 1356, 1357, 1358, 1355, 1359, 1360, 895, 1355, 896, 1356, 894, 1361, 1360, 1358, 1360, 899, 897, 898, 1362, 896, 1363, 1364, 1361, 1364, 901, 899, 898, 1365, 1366, 1363, 1367, 1368, 1367, 901, 1368, 900, 1369, 1365, 1370, 1367, 1371, 1367, 771, 903, 902, 1173, 1369, 1176, 1372, 1370, 1175, 771, 1372, 0, 212, 1, 3, 132, 4, 6, 859, 7, 9, 5, 4, 8, 7, 11, 9, 10, 13, 12, 11, 15, 14, 13, 17, 16, 15, 19, 18, 17, 21, 20, 19, 23, 22, 21, 25, 24, 23, 27, 26, 25, 29, 28, 27, 31, 30, 29, 33, 32, 31, 35, 34, 33, 37, 36, 35, 39, 38, 37, 41, 40, 39, 43, 42, 41, 45, 44, 43, 47, 49, 1373, 50, 48, 47, 52, 51, 50, 54, 53, 52, 56, 55, 54, 58, 60, 120, 61, 57, 56, 63, 59, 58, 65, 67, 125, 68, 64, 63, 70, 66, 65, 72, 69, 68, 74, 71, 70, 76, 73, 72, 78, 75, 74, 80, 82, 1374, 83, 79, 78, 85, 81, 80, 87, 84, 83, 89, 86, 85, 91, 88, 87, 93, 90, 89, 95, 92, 91, 97, 94, 93, 99, 96, 95, 101, 98, 97, 103, 100, 99, 105, 102, 101, 107, 104, 103, 109, 111, 1375, 112, 108, 107, 114, 110, 109, 116, 113, 112, 118, 115, 114, 61, 117, 116, 121, 119, 118, 123, 60, 62, 125, 122, 121, 126, 124, 123, 128, 127, 126, 130, 129, 128, 132, 131, 130, 133, 135, 260, 136, 138, 261, 139, 137, 136, 141, 143, 140, 139, 142, 141, 145, 143, 144, 147, 146, 145, 149, 151, 148, 147, 150, 149, 153, 151, 152, 155, 154, 153, 157, 159, 156, 155, 161, 158, 157, 159, 160, 163, 161, 162, 165, 167, 906, 168, 170, 164, 163, 166, 165, 172, 167, 169, 174, 170, 171, 176, 173, 172, 178, 175, 174, 180, 177, 176, 182, 179, 178, 184, 181, 180, 186, 188, 183, 182, 185, 184, 190, 192, 187, 186, 188, 189, 194, 196, 191, 190, 192, 193, 198, 200, 195, 194, 202, 196, 197, 199, 198, 204, 200, 201, 206, 202, 203, 208, 210, 205, 204, 207, 206, 1, 209, 208, 213, 215, 210, 211, 214, 213, 217, 215, 216, 219, 221, 328, 222, 218, 217, 224, 226, 220, 219, 228, 0, 2, 225, 224, 230, 226, 227, 232, 231, 230, 234, 233, 232, 236, 235, 234, 238, 237, 236, 240, 242, 239, 238, 241, 240, 244, 246, 242, 243, 248, 245, 244, 246, 247, 250, 248, 249, 252, 251, 250, 254, 253, 252, 256, 255, 254, 258, 257, 256, 260, 259, 258, 261, 262, 385, 263, 265, 386, 266, 268, 262, 264, 270, 267, 266, 272, 268, 269, 270, 271, 274, 272, 273, 276, 275, 274, 278, 280, 277, 276, 284, 393, 578, 578, 577, 574, 574, 571, 568, 568, 565, 562, 562, 559, 550, 556, 553, 550, 550, 547, 544, 544, 541, 538, 538, 535, 526, 532, 529, 526, 526, 523, 520, 520, 517, 526, 514, 511, 502, 508, 505, 502, 502, 499, 282, 496, 493, 282, 282, 488, 485, 485, 482, 479, 479, 476, 473, 473, 470, 479, 467, 464, 461, 461, 458, 467, 455, 452, 283, 449, 446, 283, 283, 441, 438, 438, 435, 283, 432, 429, 426, 426, 423, 432, 420, 417, 408, 414, 411, 408, 408, 405, 402, 402, 399, 408, 284, 578, 562, 574, 568, 562, 559, 556, 550, 550, 544, 562, 535, 532, 526, 526, 517, 514, 511, 508, 502, 499, 496, 282, 282, 485, 467, 479, 470, 467, 467, 458, 455, 452, 449, 283, 283, 435, 432, 432, 423, 420, 417, 414, 408, 408, 399, 284, 578, 574, 562, 562, 544, 538, 538, 526, 514, 514, 502, 282, 485, 479, 467, 467, 455, 282, 283, 432, 420, 420, 408, 283, 284, 562, 282, 538, 514, 562, 282, 455, 283, 283, 408, 284, 562, 514, 282, 279, 278, 285, 280, 281, 287, 289, 342, 290, 286, 285, 292, 294, 288, 287, 291, 290, 296, 293, 292, 298, 300, 294, 295, 302, 297, 296, 299, 298, 304, 300, 301, 306, 302, 303, 308, 310, 305, 304, 307, 306, 312, 309, 308, 314, 310, 311, 316, 313, 312, 318, 320, 315, 314, 317, 316, 322, 324, 319, 318, 320, 321, 326, 221, 323, 322, 329, 324, 325, 327, 326, 331, 329, 330, 333, 332, 331, 335, 337, 334, 333, 336, 335, 339, 341, 395, 342, 337, 338, 343, 345, 340, 339, 347, 344, 343, 349, 345, 346, 347, 348, 351, 349, 350, 353, 352, 351, 355, 357, 354, 353, 356, 355, 359, 357, 358, 361, 363, 360, 359, 365, 362, 361, 367, 363, 364, 369, 365, 366, 367, 368, 371, 373, 369, 370, 372, 371, 375, 373, 374, 377, 376, 375, 379, 378, 377, 381, 380, 379, 383, 382, 381, 263, 384, 383, 386, 223, 222, 387, 222, 390, 389, 390, 392, 391, 392, 578, 393, 387, 389, 394, 389, 391, 396, 391, 393, 284, 342, 395, 394, 397, 394, 396, 396, 284, 399, 342, 397, 400, 397, 398, 401, 398, 399, 402, 290, 400, 403, 400, 401, 404, 404, 401, 402, 303, 296, 403, 406, 403, 404, 407, 404, 405, 303, 406, 409, 406, 407, 410, 407, 408, 411, 308, 409, 412, 412, 409, 410, 410, 411, 414, 321, 314, 412, 415, 412, 413, 416, 413, 414, 321, 415, 418, 415, 416, 419, 416, 417, 420, 331, 326, 418, 421, 418, 419, 422, 419, 420, 331, 421, 424, 421, 422, 425, 422, 423, 426, 335, 424, 427, 427, 424, 425, 425, 426, 429, 339, 427, 430, 427, 428, 431, 428, 429, 432, 350, 346, 430, 433, 430, 431, 434, 431, 432, 350, 433, 436, 433, 434, 437, 434, 435, 438, 358, 353, 436, 436, 437, 440, 440, 437, 438, 358, 439, 442, 442, 439, 440, 440, 441, 283, 366, 361, 442, 444, 442, 443, 443, 283, 446, 370, 366, 444, 447, 444, 445, 445, 446, 449, 370, 447, 450, 447, 448, 451, 448, 449, 452, 374, 450, 453, 450, 451, 454, 451, 452, 455, 377, 453, 456, 453, 454, 457, 454, 455, 458, 263, 381, 456, 456, 457, 460, 457, 458, 461, 264, 263, 459, 462, 459, 460, 463, 460, 461, 264, 462, 465, 462, 463, 466, 466, 463, 464, 273, 269, 465, 468, 465, 466, 469, 466, 467, 273, 468, 471, 468, 469, 472, 469, 470, 473, 281, 276, 471, 471, 472, 475, 472, 473, 476, 287, 281, 474, 477, 474, 475, 478, 475, 476, 287, 477, 480, 477, 478, 481, 478, 479, 482, 301, 295, 480, 483, 480, 481, 484, 481, 482, 301, 483, 486, 483, 484, 487, 484, 485, 488, 306, 486, 489, 486, 487, 490, 487, 488, 282, 312, 489, 491, 489, 490, 492, 490, 282, 493, 325, 318, 491, 491, 492, 495, 495, 492, 493, 330, 325, 494, 497, 494, 495, 495, 496, 499, 330, 497, 500, 497, 498, 501, 498, 499, 502, 333, 500, 503, 503, 500, 501, 501, 502, 505, 338, 503, 506, 503, 504, 507, 504, 505, 508, 348, 343, 506, 509, 506, 507, 507, 508, 511, 351, 348, 509, 512, 509, 510, 513, 510, 511, 351, 512, 515, 512, 513, 516, 513, 514, 517, 355, 515, 518, 515, 516, 519, 516, 517, 520, 364, 359, 518, 521, 518, 519, 522, 519, 520, 368, 364, 521, 524, 521, 522, 522, 523, 526, 368, 524, 527, 524, 525, 528, 525, 526, 529, 371, 527, 530, 527, 528, 531, 528, 529, 532, 375, 530, 533, 533, 530, 531, 534, 531, 532, 383, 379, 533, 536, 533, 534, 534, 535, 538, 386, 383, 536, 539, 536, 537, 537, 538, 541, 386, 539, 542, 542, 539, 540, 540, 541, 544, 266, 542, 545, 542, 543, 546, 543, 544, 547, 271, 545, 548, 545, 546, 549, 546, 547, 550, 278, 274, 548, 551, 548, 549, 549, 550, 553, 278, 551, 554, 551, 552, 555, 552, 553, 556, 285, 554, 557, 554, 555, 558, 555, 556, 559, 298, 292, 557, 560, 557, 558, 561, 558, 559, 298, 560, 563, 560, 561, 564, 561, 562, 565, 304, 563, 566, 566, 563, 564, 564, 565, 568, 311, 566, 569, 569, 566, 567, 567, 568, 571, 316, 569, 572, 569, 570, 573, 570, 571, 574, 328, 322, 572, 575, 572, 573, 573, 574, 577, 328, 575, 390, 575, 576, 392, 576, 577, 578, 388, 387, 395, 579, 582, 580, 582, 769, 583, 584, 775, 585, 229, 774, 587, 586, 585, 588, 169, 168, 587, 589, 588, 591, 174, 169, 590, 592, 591, 594, 180, 174, 593, 595, 594, 597, 180, 596, 599, 598, 597, 600, 186, 599, 602, 603, 1003, 604, 193, 602, 606, 607, 603, 605, 204, 198, 606, 607, 608, 610, 204, 609, 612, 611, 610, 613, 211, 612, 615, 616, 614, 613, 216, 615, 618, 616, 617, 619, 219, 618, 621, 622, 620, 619, 232, 227, 621, 622, 623, 625, 232, 624, 627, 626, 625, 628, 236, 627, 630, 629, 628, 631, 240, 630, 633, 632, 631, 634, 244, 633, 636, 635, 634, 637, 249, 636, 639, 640, 638, 637, 252, 639, 642, 640, 641, 643, 260, 256, 642, 644, 643, 646, 260, 645, 648, 649, 647, 646, 136, 648, 651, 652, 1053, 653, 141, 651, 655, 652, 654, 656, 145, 655, 658, 657, 656, 659, 149, 658, 661, 662, 660, 659, 157, 153, 661, 665, 662, 663, 162, 157, 664, 668, 665, 666, 162, 667, 670, 668, 669, 671, 165, 670, 673, 672, 671, 674, 172, 673, 676, 675, 674, 677, 178, 676, 679, 680, 678, 677, 184, 679, 682, 683, 680, 681, 197, 190, 682, 683, 684, 686, 197, 685, 688, 687, 686, 689, 203, 688, 691, 690, 689, 692, 213, 208, 691, 695, 693, 692, 217, 213, 694, 695, 696, 698, 224, 217, 697, 701, 974, 702, 224, 700, 704, 703, 702, 705, 230, 704, 707, 706, 705, 708, 234, 707, 710, 709, 708, 711, 238, 710, 713, 712, 711, 714, 243, 713, 716, 715, 714, 717, 247, 716, 719, 718, 717, 720, 250, 719, 722, 721, 720, 723, 258, 254, 722, 724, 723, 726, 258, 725, 728, 727, 726, 729, 261, 728, 731, 730, 729, 732, 139, 731, 734, 735, 733, 732, 147, 144, 734, 735, 736, 738, 152, 147, 737, 739, 738, 741, 152, 740, 743, 744, 742, 741, 155, 743, 746, 744, 745, 747, 163, 160, 746, 750, 1150, 751, 171, 163, 749, 750, 752, 754, 176, 171, 753, 755, 754, 757, 182, 176, 756, 760, 758, 757, 189, 182, 759, 763, 760, 761, 189, 762, 765, 763, 764, 766, 194, 765, 768, 769, 767, 766, 201, 768, 770, 62, 61, 771, 206, 770, 773, 2, 976, 774, 584, 579, 581, 776, 223, 388, 776, 902, 221, 778, 905, 341, 125, 904, 779, 778, 289, 291, 68, 779, 781, 780, 291, 297, 74, 781, 783, 782, 297, 302, 80, 783, 785, 784, 302, 309, 87, 785, 787, 788, 786, 309, 93, 787, 789, 790, 788, 315, 99, 789, 791, 792, 790, 320, 112, 1375, 793, 795, 792, 327, 112, 794, 796, 797, 795, 332, 118, 796, 798, 797, 336, 340, 123, 798, 800, 799, 340, 345, 128, 800, 802, 803, 801, 345, 132, 802, 804, 803, 349, 354, 4, 804, 806, 807, 805, 354, 10, 806, 808, 807, 357, 362, 13, 808, 810, 809, 362, 365, 21, 17, 810, 811, 365, 369, 25, 21, 812, 815, 813, 369, 25, 814, 816, 817, 815, 373, 29, 816, 818, 817, 378, 382, 37, 33, 818, 819, 382, 385, 41, 37, 820, 821, 385, 262, 41, 822, 824, 823, 262, 268, 50, 1373, 826, 825, 268, 272, 50, 827, 829, 830, 828, 272, 58, 54, 829, 832, 830, 277, 58, 831, 833, 832, 280, 288, 72, 65, 833, 836, 834, 288, 78, 72, 835, 836, 294, 300, 78, 837, 839, 840, 838, 300, 85, 839, 841, 840, 307, 313, 91, 841, 843, 844, 842, 313, 97, 843, 845, 846, 844, 319, 103, 845, 847, 846, 324, 329, 109, 847, 849, 848, 329, 334, 121, 116, 849, 852, 850, 334, 121, 851, 853, 854, 852, 337, 126, 853, 855, 854, 344, 347, 130, 855, 857, 856, 347, 352, 859, 1301, 860, 858, 352, 356, 11, 7, 860, 863, 861, 356, 15, 11, 862, 863, 360, 363, 19, 15, 864, 867, 865, 363, 23, 19, 866, 867, 367, 372, 27, 23, 868, 869, 372, 376, 27, 870, 872, 871, 376, 380, 35, 31, 872, 873, 380, 384, 35, 874, 876, 877, 875, 384, 39, 876, 878, 877, 265, 267, 43, 878, 880, 879, 267, 270, 47, 880, 882, 881, 270, 275, 52, 882, 884, 885, 883, 275, 56, 884, 886, 887, 885, 279, 70, 63, 886, 887, 286, 293, 76, 70, 888, 891, 889, 293, 83, 1374, 892, 891, 299, 305, 83, 893, 895, 894, 305, 310, 89, 895, 897, 898, 896, 310, 101, 95, 897, 898, 317, 323, 101, 899, 901, 902, 900, 323, 107, 901, 903, 61, 114, 903, 62, 772, 904, 777, 388, 341, 906, 228, 229, 696, 908, 907, 908, 131, 134, 613, 910, 909, 910, 129, 3, 692, 911, 908, 911, 127, 131, 610, 912, 910, 912, 124, 129, 689, 913, 911, 913, 122, 127, 580, 915, 914, 915, 60, 67, 608, 916, 912, 916, 119, 124, 686, 917, 913, 917, 117, 122, 766, 919, 918, 919, 115, 120, 605, 920, 916, 920, 113, 119, 684, 921, 917, 921, 110, 117, 764, 922, 919, 922, 108, 115, 604, 923, 920, 923, 111, 113, 681, 924, 921, 924, 104, 110, 761, 925, 922, 925, 102, 108, 597, 927, 926, 927, 100, 106, 677, 928, 924, 928, 98, 104, 757, 929, 925, 929, 96, 102, 594, 930, 927, 930, 94, 100, 674, 931, 928, 931, 92, 98, 754, 932, 929, 932, 90, 96, 591, 933, 930, 933, 88, 94, 671, 934, 931, 934, 86, 92, 752, 935, 932, 935, 84, 90, 588, 936, 933, 936, 81, 88, 669, 937, 934, 937, 79, 86, 751, 938, 935, 938, 82, 84, 585, 939, 936, 939, 75, 81, 666, 940, 937, 940, 73, 79, 745, 942, 941, 942, 71, 77, 775, 943, 939, 943, 69, 75, 663, 944, 940, 944, 66, 73, 741, 945, 942, 945, 64, 71, 581, 914, 943, 914, 67, 69, 659, 946, 944, 946, 59, 66, 738, 947, 945, 947, 57, 64, 583, 918, 915, 915, 918, 120, 656, 948, 946, 948, 55, 59, 736, 949, 947, 949, 53, 57, 654, 950, 948, 950, 51, 55, 732, 951, 949, 951, 48, 53, 653, 952, 950, 952, 49, 51, 729, 953, 951, 953, 44, 48, 646, 955, 954, 955, 42, 46, 726, 956, 953, 956, 40, 44, 643, 957, 955, 957, 38, 42, 723, 958, 956, 958, 36, 40, 641, 959, 957, 959, 34, 38, 720, 960, 958, 960, 32, 36, 637, 961, 959, 961, 30, 34, 720, 717, 962, 962, 28, 32, 634, 963, 961, 963, 26, 30, 714, 964, 962, 964, 24, 28, 631, 965, 963, 965, 22, 26, 711, 966, 964, 966, 20, 24, 628, 967, 965, 967, 18, 22, 708, 968, 966, 968, 16, 20, 625, 969, 967, 969, 14, 18, 705, 970, 968, 970, 12, 16, 623, 971, 969, 971, 9, 14, 702, 972, 970, 972, 8, 12, 619, 973, 971, 973, 5, 9, 974, 975, 972, 975, 6, 8, 617, 909, 973, 909, 3, 5, 1, 773, 976, 579, 981, 977, 978, 983, 979, 979, 774, 976, 584, 986, 981, 982, 984, 979, 984, 587, 774, 584, 586, 985, 987, 990, 984, 984, 990, 590, 586, 589, 988, 989, 992, 990, 990, 992, 593, 592, 993, 988, 989, 995, 991, 992, 991, 596, 595, 997, 993, 994, 999, 991, 991, 999, 599, 595, 598, 996, 998, 1002, 999, 999, 1002, 602, 598, 601, 1000, 1001, 1007, 1002, 1002, 1007, 606, 1003, 603, 1004, 1006, 1010, 1007, 1007, 1010, 609, 603, 607, 1008, 1009, 1011, 1010, 1011, 612, 609, 607, 611, 1012, 1009, 1015, 1013, 1013, 615, 612, 611, 614, 1014, 1015, 1018, 1016, 1013, 1016, 618, 616, 1019, 1014, 1017, 1021, 1016, 1016, 1021, 621, 620, 1022, 1019, 1020, 1024, 1021, 1021, 1024, 624, 622, 1026, 1022, 1023, 1025, 1024, 1025, 627, 624, 626, 1029, 1026, 1027, 1028, 1025, 1028, 630, 627, 629, 1031, 1029, 1027, 1033, 1030, 1030, 633, 630, 632, 1035, 1031, 1032, 1034, 1030, 1034, 636, 633, 635, 1039, 1035, 1036, 1037, 1034, 1037, 639, 636, 635, 638, 1038, 1040, 1041, 1037, 1041, 642, 639, 638, 640, 1042, 1040, 1046, 1043, 1041, 1043, 645, 640, 644, 1044, 1045, 1049, 1043, 1043, 1049, 648, 644, 647, 1047, 1045, 1051, 1048, 1049, 1048, 651, 649, 1376, 1047, 1050, 1055, 1048, 1048, 1055, 655, 652, 1057, 1052, 1054, 1059, 1055, 1055, 1059, 658, 652, 657, 1056, 1058, 1061, 1059, 1059, 1061, 661, 660, 1063, 1056, 1060, 1062, 1061, 1062, 664, 661, 662, 1065, 1063, 1060, 1067, 1064, 1064, 667, 664, 665, 1069, 1065, 1066, 1068, 1064, 1068, 670, 667, 668, 1072, 1069, 1070, 1071, 1068, 1071, 673, 670, 672, 1075, 1072, 1073, 1074, 1071, 1074, 676, 673, 675, 1077, 1075, 1076, 1079, 1074, 1074, 1079, 679, 678, 1080, 1077, 1076, 1081, 1078, 1078, 682, 679, 680, 1084, 1080, 1081, 1086, 1082, 1082, 685, 682, 680, 683, 1083, 1085, 1087, 1082, 1087, 688, 685, 687, 1090, 1083, 1088, 1089, 1087, 1089, 691, 688, 690, 1093, 1090, 1091, 1092, 1089, 1092, 694, 691, 693, 1095, 1093, 1091, 1097, 1094, 1094, 697, 694, 695, 1099, 1095, 1096, 1098, 1094, 1098, 700, 697, 699, 1377, 1099, 1096, 1103, 1100, 1098, 1100, 704, 703, 1104, 1101, 1102, 1106, 1100, 1100, 1106, 707, 706, 1107, 1104, 1105, 1109, 1106, 1106, 1109, 710, 709, 1111, 1107, 1108, 1113, 1109, 1109, 1113, 713, 709, 712, 1110, 1108, 1116, 1112, 1112, 716, 713, 712, 715, 1114, 1115, 1119, 1112, 1112, 1119, 719, 715, 718, 1117, 1118, 1122, 1119, 1119, 1122, 722, 718, 721, 1120, 1121, 1123, 1122, 1123, 725, 722, 724, 1127, 1120, 1124, 1125, 1123, 1125, 728, 725, 724, 727, 1126, 1128, 1129, 1125, 1129, 731, 728, 730, 1131, 1126, 1130, 1133, 1129, 1129, 1133, 734, 733, 1135, 1131, 1132, 1137, 1133, 1133, 1137, 737, 733, 735, 1134, 1136, 1139, 1137, 1137, 1139, 740, 739, 1141, 1134, 1136, 1142, 1138, 1138, 743, 740, 739, 742, 1140, 1142, 1144, 1143, 1143, 746, 743, 744, 1146, 1140, 1144, 1148, 1145, 1145, 749, 746, 748, 1378, 1146, 1147, 1149, 1145, 1149, 753, 749, 1150, 750, 1151, 1153, 1154, 1149, 1154, 756, 753, 755, 1158, 1151, 1155, 1156, 1154, 1156, 759, 756, 755, 758, 1157, 1155, 1160, 1159, 1156, 1159, 762, 760, 1163, 1157, 1160, 1164, 1161, 1159, 1161, 765, 760, 763, 1162, 1164, 1167, 1165, 1165, 768, 765, 763, 767, 1166, 1167, 1170, 1168, 1168, 770, 768, 769, 1171, 1166, 1169, 1172, 1168, 1168, 1172, 773, 769, 582, 977, 978, 980, 1172, 980, 976, 773, 777, 1178, 1173, 1174, 1177, 1175, 1177, 904, 772, 905, 1181, 1178, 1179, 1180, 1177, 1180, 779, 904, 778, 1183, 1181, 1179, 1185, 1182, 1182, 781, 779, 780, 1186, 1183, 1184, 1188, 1182, 1182, 1188, 783, 782, 1190, 1186, 1187, 1189, 1188, 1189, 785, 783, 784, 1193, 1190, 1191, 1192, 1189, 1192, 787, 785, 786, 1195, 1193, 1193, 1195, 1197, 1192, 1194, 789, 788, 1200, 1195, 1195, 1200, 1196, 1198, 791, 789, 788, 790, 1199, 1204, 1201, 1202, 1201, 794, 793, 792, 1207, 1199, 1203, 1205, 1201, 1205, 796, 794, 792, 795, 1206, 1203, 1210, 1208, 1208, 798, 796, 797, 1211, 1206, 1209, 1213, 1208, 1208, 1213, 800, 799, 1214, 1211, 1212, 1216, 1213, 1213, 1216, 802, 801, 1218, 1214, 1215, 1220, 1216, 1216, 1220, 804, 801, 803, 1217, 1219, 1222, 1220, 1220, 1222, 806, 805, 1224, 1217, 1221, 1223, 1222, 1223, 808, 806, 807, 1226, 1224, 1225, 1228, 1223, 1223, 1228, 810, 809, 1230, 1226, 1225, 1232, 1227, 1227, 812, 810, 809, 811, 1229, 1231, 1235, 1227, 1227, 1235, 814, 811, 813, 1233, 1234, 1237, 1235, 1235, 1237, 816, 815, 1239, 1233, 1234, 1241, 1236, 1236, 818, 816, 815, 817, 1238, 1240, 1242, 1236, 1242, 820, 818, 817, 819, 1243, 1244, 1245, 1242, 1245, 822, 820, 819, 821, 1246, 1246, 1250, 1247, 1248, 824, 822, 823, 1249, 1246, 1254, 1251, 1252, 1251, 827, 826, 823, 825, 1253, 1254, 1256, 1255, 1251, 1255, 829, 828, 1259, 1253, 1256, 1261, 1257, 1257, 831, 829, 828, 830, 1258, 1260, 1262, 1257, 1262, 833, 831, 830, 832, 1263, 1264, 1266, 1262, 1262, 1266, 835, 834, 1267, 1263, 1265, 1269, 1266, 1266, 1269, 837, 836, 1270, 1267, 1265, 1272, 1268, 1268, 839, 837, 838, 1273, 1270, 1271, 1275, 1268, 1268, 1275, 841, 840, 1276, 1273, 1271, 1278, 1274, 1274, 843, 841, 842, 1280, 1276, 1277, 1279, 1274, 1279, 845, 843, 844, 1283, 1280, 1281, 1285, 1279, 1279, 1285, 847, 844, 846, 1282, 1284, 1286, 1285, 1286, 849, 847, 848, 1288, 1282, 1284, 1289, 1287, 1287, 851, 849, 850, 1292, 1288, 1289, 1294, 1290, 1290, 853, 851, 850, 852, 1291, 1293, 1295, 1290, 1295, 855, 853, 852, 854, 1296, 1296, 1299, 1297, 1295, 1379, 857, 856, 1302, 1296, 1296, 1302, 1298, 1300, 1304, 860, 858, 1303, 1302, 1305, 1307, 1304, 1304, 1307, 862, 861, 1309, 1303, 1305, 1311, 1306, 1306, 864, 862, 861, 863, 1308, 1310, 1312, 1306, 1312, 866, 864, 865, 1314, 1308, 1310, 1316, 1313, 1312, 1313, 868, 867, 1318, 1314, 1315, 1320, 1313, 1313, 1320, 870, 867, 869, 1317, 1319, 1321, 1320, 1321, 872, 870, 871, 1323, 1317, 1319, 1325, 1322, 1321, 1322, 874, 873, 1327, 1323, 1324, 1326, 1322, 1326, 876, 874, 875, 1329, 1327, 1328, 1331, 1326, 1326, 1331, 878, 877, 1333, 1329, 1328, 1335, 1330, 1331, 1330, 880, 877, 879, 1332, 1334, 1338, 1330, 1330, 1338, 882, 879, 881, 1336, 1337, 1340, 1338, 1338, 1340, 884, 883, 1342, 1336, 1339, 1341, 1340, 1341, 886, 884, 885, 1346, 1342, 1343, 1344, 1341, 1344, 888, 886, 885, 887, 1345, 1345, 1350, 1347, 1348, 890, 888, 889, 1353, 1345, 1345, 1353, 1349, 1351, 893, 892, 891, 1357, 1353, 1354, 1359, 1355, 1355, 895, 893, 891, 894, 1356, 1358, 1360, 1355, 1360, 897, 895, 896, 1362, 1356, 1361, 1364, 1360, 1360, 1364, 899, 898, 1366, 1362, 1363, 1368, 1364, 1364, 1368, 901, 898, 900, 1365, 1363, 1371, 1367, 1367, 903, 901, 900, 902, 1369, 1370, 1372, 1367, 1367, 1372, 771, 902, 776, 1173, 1176, 1175, 1372, 1175, 772, 771]
            rel material:binding = </EStopButton/Looks/Scene___Root>
            normal3f[] normals = [(0, 1, -2.220446e-16), (-0.019653996, 0.97965074, 0.19974495), (0, 0.9796485, 0.20072107), (0.9569467, 6.445154e-17, 0.29026392), (0.9657106, -0.17465992, 0.1920859), (0.980788, 4.3315793e-17, 0.19507699), (-0.70710677, -1.5700924e-16, -0.70710677), (-0.7611268, -0.17466298, -0.6246429), (-0.7730099, -1.4086375e-16, -0.63439393), (0.9951868, 2.1759477e-17, 0.097995974), (0.97988784, -0.17466296, 0.096502975), (-0.81868714, -0.17466304, -0.5470321), (-0.83146787, -1.2336196e-16, -0.55557287), (0.98462903, -0.174659, 3.878209e-17), (1, 0, 0), (-0.8683702, -0.17466307, -0.46414012), (-0.8819184, -1.04672315e-16, -0.4714022), (0.97988784, -0.17466298, -0.096501976), (0.9951868, -2.1759477e-17, -0.097995974), (-0.90968317, -0.17466103, -0.3767891), (-0.9238801, -8.497248e-17, -0.38268203), (0.9657106, -0.17465992, -0.1920859), (0.980788, -4.3315793e-17, -0.19507699), (-0.94223577, -0.17465897, -0.28580794), (-0.9569467, -6.445154e-17, -0.29026392), (0.94223577, -0.17465897, -0.28580794), (0.9569467, -6.445154e-17, -0.29026392), (-0.9657106, -0.17465992, -0.1920859), (-0.980788, -4.3315793e-17, -0.19507699), (0.90968317, -0.17466103, -0.3767891), (0.9238801, -8.497248e-17, -0.38268203), (-0.97988784, -0.17466298, -0.096501976), (-0.9951868, -2.1759477e-17, -0.097995974), (0.8683702, -0.17466307, -0.46414012), (0.8819184, -1.04672315e-16, -0.4714022), (-0.98462903, -0.174659, 3.878209e-17), (-1, 0, 0), (0.81868714, -0.17466304, -0.5470321), (0.83146787, -1.2336196e-16, -0.55557287), (-0.97988784, -0.17466296, 0.096502975), (-0.9951868, 2.1759477e-17, 0.097995974), (0.7611268, -0.17466298, -0.6246429), (0.7730099, -1.4086375e-16, -0.63439393), (-0.9657106, -0.17465992, 0.1920859), (-0.980788, 4.3315793e-17, 0.19507699), (0.69623744, -0.17466211, -0.69623744), (0.70710677, -1.5700924e-16, -0.70710677), (-0.94223577, -0.17465897, 0.28580794), (-0.9569467, 6.445154e-17, 0.29026392), (0.70710677, -1.5700924e-16, -0.70710677), (0.6246429, -0.17466298, -0.7611268), (0.63439393, -1.7164268e-16, -0.7730099), (-0.90968317, -0.17466103, 0.3767891), (-0.9238801, 8.497248e-17, 0.38268203), (0.547032, -0.174664, -0.8186871), (0.55557287, -1.8462295e-16, -0.83146787), (-0.8683702, -0.17466307, 0.46414012), (-0.8819184, 1.04672315e-16, 0.4714022), (0.46414012, -0.17466307, -0.8683702), (0.4714022, -1.9582522e-16, -0.8819184), (0, 2.220446e-16, 1), (-0.096501976, -0.17466298, 0.97988784), (0, -0.174659, 0.98462903), (-0.81868714, -0.17466304, 0.5470321), (-0.83146787, 1.2336196e-16, 0.55557287), (0.3767891, -0.17466103, -0.90968317), (0.38268203, -2.0514259e-16, -0.9238801), (0.097995974, 2.2097586e-16, 0.9951868), (0.1920859, -0.17465992, 0.9657106), (0.19507699, 2.1777868e-16, 0.980788), (-0.7611268, -0.17466298, 0.6246429), (-0.7730099, 1.4086375e-16, 0.63439393), (0.2858079, -0.17465894, -0.94223565), (0.29026392, -2.1248485e-16, -0.9569467), (0.2858079, -0.17465894, 0.94223565), (0.29026392, 2.1248485e-16, 0.9569467), (-0.69623697, -0.17466198, 0.696238), (-0.70710677, 1.5700924e-16, 0.70710677), (0.1920859, -0.17465992, -0.9657106), (0.19507699, -2.1777868e-16, -0.980788), (0.3767891, -0.17466103, 0.90968317), (0.38268203, 2.0514259e-16, 0.9238801), (-0.70710677, 1.5700924e-16, 0.70710677), (-0.6246429, -0.17466298, 0.7611268), (-0.63439393, 1.7164268e-16, 0.7730099), (0.096501976, -0.17466298, -0.97988784), (0.097995974, -2.2097586e-16, -0.9951868), (0.46414012, -0.17466307, 0.8683702), (0.4714022, 1.9582522e-16, 0.8819184), (-0.5470321, -0.17466304, 0.81868714), (-0.55557287, 1.8462295e-16, 0.83146787), (0, -0.174659, -0.98462903), (0, -2.220446e-16, -1), (0.5470321, -0.17466304, 0.81868714), (0.55557287, 1.8462295e-16, 0.83146787), (-0.46414012, -0.17466307, 0.8683702), (-0.4714022, 1.9582522e-16, 0.8819184), (-0.096501976, -0.17466298, -0.97988784), (-0.097995974, -2.2097586e-16, -0.9951868), (0.6246429, -0.17466298, 0.7611268), (0.63439393, 1.7164268e-16, 0.7730099), (-0.3767891, -0.17466103, 0.90968317), (-0.38268203, 2.0514259e-16, 0.9238801), (-0.1920859, -0.17465992, -0.9657106), (-0.19507699, -2.1777868e-16, -0.980788), (0.69623697, -0.17466198, 0.696238), (0.70710677, 1.5700924e-16, 0.70710677), (-0.28581607, -0.17466405, 0.9422323), (-0.29026392, 2.1248485e-16, 0.9569467), (-0.28581607, -0.17466405, -0.9422323), (-0.29026392, -2.1248485e-16, -0.9569467), (0.70710677, 1.5700924e-16, 0.70710677), (0.7611268, -0.17466298, 0.6246429), (0.7730099, 1.4086375e-16, 0.63439393), (-0.1920859, -0.17465992, 0.9657106), (-0.19507699, 2.1777868e-16, 0.980788), (-0.3767891, -0.17466103, -0.90968317), (-0.38268203, -2.0514259e-16, -0.9238801), (0.81868714, -0.17466304, 0.5470321), (0.83146787, 1.2336196e-16, 0.55557287), (-0.097995974, 2.2097586e-16, 0.9951868), (-0.46414012, -0.17466307, -0.8683702), (-0.4714022, -1.9582522e-16, -0.8819184), (0.8683702, -0.17466307, 0.46414012), (0.8819184, 1.04672315e-16, 0.4714022), (0.096501976, -0.17466298, 0.97988784), (-0.547032, -0.174664, -0.8186871), (-0.55557287, -1.8462295e-16, -0.83146787), (0.90968317, -0.17466103, 0.3767891), (0.9238801, 8.497248e-17, 0.38268203), (-0.6246429, -0.17466298, -0.7611268), (-0.63439393, -1.7164268e-16, -0.7730099), (0.9422323, -0.17466405, 0.28581607), (-0.69623744, -0.17466211, -0.69623744), (-0.70710677, -1.5700924e-16, -0.70710677), (0, 1, -2.220446e-16), (0.16687605, 0.9796512, -0.11151602), (0, 1, -2.220446e-16), (0, 1, -2.220446e-16), (-0.19974495, 0.97965074, 0.019653996), (0, 1, -2.220446e-16), (0.15515707, 0.9796504, -0.12732404), (0, 1, -2.220446e-16), (0, 1, -2.220446e-16), (-0.19684604, 0.9796522, 0.039155006), (0.14191198, 0.97965395, -0.14191298), (0, 1, -2.220446e-16), (-0.19205508, 0.97965336, 0.058260027), (0, 1, -2.220446e-16), (0.12732404, 0.9796504, -0.15515707), (0, 1, -2.220446e-16), (0, 1, -2.220446e-16), (-0.18543202, 0.9796502, 0.07681501), (0.11151502, 0.97965115, -0.16687703), (0, 1, -2.220446e-16), (-0.17700894, 0.97965163, 0.09460797), (0, 1, -2.220446e-16), (0.09460797, 0.97965163, -0.17700894), (0, 1, -2.220446e-16), (0, 1, -2.220446e-16), (-0.16687605, 0.97965133, 0.11151504), (-0, 1, -2.220446e-16), (0.07678496, 0.97965246, -0.1854319), (-0.15515707, 0.9796504, 0.12732404), (0, 1, -2.220446e-16), (0.058260027, 0.97965336, -0.19205508), (-0, 1, -2.220446e-16), (-0.000001, 1, -2.220446e-16), (0.03915601, 0.9796522, 0.19684602), (0.05825998, 0.9796477, 0.19208393), (0, 1, -2.220446e-16), (-0.14191201, 0.979654, 0.14191201), (0.03915601, 0.9796522, -0.19684602), (-0, 1, -2.220446e-16), (0.076816015, 0.97965026, 0.18543105), (-0.000001, 1, -2.220446e-16), (-0.12732404, 0.9796504, 0.15515707), (0, 1, -2.220446e-16), (0.019653996, 0.97965074, -0.19974495), (0, 1, -2.220446e-16), (0.09460797, 0.97965163, 0.17700894), (0, 1, -2.220446e-16), (-0.11151504, 0.97965133, 0.16687605), (0, 1, -2.220446e-16), (0, 0.9796485, -0.20072107), (0, 1, -2.220446e-16), (0.11151504, 0.97965133, 0.16687605), (0, 1, -2.220446e-16), (0.000001, 1, -2.220446e-16), (-0.09460797, 0.97965163, 0.17700894), (-0.019653996, 0.97965074, -0.19974495), (0, 1, -2.220446e-16), (0, 1, -2.220446e-16), (0.12732404, 0.9796504, 0.15515707), (-0.076816015, 0.97965026, 0.18543105), (0, 1, -2.220446e-16), (0, 1, -2.220446e-16), (-0.03915601, 0.9796522, -0.19684602), (0.14191201, 0.979654, 0.14191201), (0, 1, -2.220446e-16), (0, 1, -2.220446e-16), (-0.05825998, 0.9796477, 0.19208393), (0, 1, -2.220446e-16), (-0.05825998, 0.9796477, -0.19208393), (0.15515707, 0.9796504, 0.12732404), (0, 1, -2.220446e-16), (-0.03915601, 0.9796522, 0.19684602), (0, 1, -2.220446e-16), (-0.07678496, 0.97965246, -0.1854319), (0, 1, -2.220446e-16), (0, 1, -2.220446e-16), (0.16687605, 0.97965133, 0.11151504), (0, 1, -2.220446e-16), (-0.09460797, 0.97965163, -0.17700894), (0, 1, -2.220446e-16), (0, 1, -2.220446e-16), (0.17700894, 0.97965163, 0.09460797), (-0.11151502, 0.97965115, -0.16687703), (0, 1, -2.220446e-16), (0.1854319, 0.97965246, 0.07678496), (0, 1, -2.220446e-16), (-0.039338995, -0.91593194, 0.39940098), (0, -0.9784219, 0.206617), (0, -0.9159358, 0.40132493), (-0.12732404, 0.9796504, -0.15515707), (0, 1, -2.220446e-16), (0, 1, -2.220446e-16), (0.19205508, 0.97965336, 0.058260027), (0, 1, -2.220446e-16), (0.019653996, 0.97965074, 0.19974495), (-0.14191198, 0.97965395, -0.14191298), (0, 1, -2.220446e-16), (0.19684604, 0.9796522, 0.039155006), (0, 1, -2.220446e-16), (-0.15515707, 0.9796504, -0.12732404), (0, 1, -2.220446e-16), (0.19974495, 0.97965074, 0.019653996), (0, 1, -2.220446e-16), (-0.16687605, 0.9796512, -0.11151602), (0, 1, -2.220446e-16), (0.20072107, 0.9796485, -2.1752566e-16), (0, 1, -2.220446e-16), (0, 1, -2.220446e-16), (-0.17700894, 0.97965163, -0.09460797), (0.19974495, 0.97965074, -0.019653996), (0, 1, -2.220446e-16), (0, 1, -2.220446e-16), (-0.1854319, 0.97965246, -0.07678496), (0, 1, -2.220446e-16), (0.19684602, 0.9796522, -0.03915601), (-0.19205506, 0.97965324, -0.05826102), (0, 1, -2.220446e-16), (0.19208393, 0.9796477, -0.05825998), (0, 1, -2.220446e-16), (-0.19684602, 0.9796522, -0.03915601), (0, 1, -2.220446e-16), (0.1854319, 0.97965246, -0.07678496), (0, 1, -2.220446e-16), (-0.19974495, 0.97965074, -0.019653996), (0, 1, -2.220446e-16), (0.17700894, 0.97965163, -0.09460797), (-0.20072107, 0.9796485, -2.1752566e-16), (0.25458995, -0.9159388, -0.31022593), (0.146097, -0.978423, -0.146096), (0.13108097, -0.9784228, -0.15970795), (-0.38405004, -0.9159341, 0.11649101), (-0.19089898, -0.9784219, 0.07904499), (-0.37077603, -0.9159372, 0.15357201), (0.22294195, -0.9159388, -0.33369595), (0.114783995, -0.97842294, -0.17179398), (-0.35392895, -0.91593784, 0.18918796), (-0.18220204, -0.9784263, 0.09738803), (0.18918796, -0.91593784, -0.35392895), (0.09738803, -0.9784263, -0.18220204), (-0.17179398, -0.97842294, 0.114783995), (-0.33369595, -0.9159388, 0.22294195), (0.07904499, -0.9784219, -0.19089898), (0.15357201, -0.9159372, -0.37077603), (-0.15970795, -0.9784228, 0.13108097), (-0.31022617, -0.9159386, 0.25459018), (0.11649101, -0.9159341, -0.38405004), (0.05997102, -0.9784253, -0.19770506), (-0.004883, -0.999684, -0.024658998), (0.024658998, -0.999684, -0.004883), (0.004883, -0.999684, 0.024659999), (-0.146097, -0.97842294, 0.146097), (-0.28376797, -0.91594297, 0.28376797), (0.040286016, -0.97842246, -0.20264909), (0.07828204, -0.91594046, -0.3936052), (0.11649101, -0.9159341, 0.38405004), (0.07904499, -0.9784219, 0.19089898), (0.15357201, -0.9159372, 0.37077603), (-0.13108097, -0.9784228, 0.15970795), (-0.25458986, -0.9159385, 0.31022683), (0.03930801, -0.9159332, -0.39940107), (0.020233996, -0.97842485, -0.20560998), (0.09738803, -0.9784263, 0.18220204), (0.1891879, -0.91593754, 0.35392982), (-0.114783995, -0.97842294, 0.17179398), (-0.2229709, -0.91593254, 0.33369386), (0, -0.9159358, -0.40132493), (0, -0.97842216, -0.20661603), (0.2229709, -0.91593254, 0.33369386), (0.114783995, -0.97842294, 0.17179398), (-0.09738803, -0.9784263, 0.18220204), (-0.1891879, -0.91593754, 0.35392982), (-0.020233996, -0.97842485, -0.20560998), (-0.03933901, -0.91593224, -0.39940012), (0.13108097, -0.9784228, 0.15970795), (0.25458986, -0.9159385, 0.31022683), (-0.15357201, -0.9159372, 0.37077603), (-0.07904499, -0.9784219, 0.19089898), (-0.040286016, -0.97842246, -0.20264909), (-0.07828204, -0.91594046, -0.3936052), (0.146097, -0.97842294, 0.146097), (0.28376797, -0.91594297, 0.28376797), (-0.059971005, -0.97842515, 0.19770601), (-0.11649101, -0.9159341, 0.38405004), (-0.05997102, -0.9784253, -0.19770506), (-0.11649101, -0.9159341, -0.38405004), (0.31022617, -0.9159386, 0.25459018), (0.15970795, -0.9784228, 0.13108097), (-0.040286016, -0.97842246, 0.20264909), (-0.078282006, -0.91594005, 0.39360604), (-0.15357201, -0.9159372, -0.37077603), (-0.07904499, -0.9784219, -0.19089898), (0.17179398, -0.97842294, 0.114783995), (0.33369294, -0.91593283, 0.22297096), (-0.020233996, -0.97842485, 0.20560998), (-0.18918796, -0.91593784, -0.35392895), (-0.09738803, -0.9784263, -0.18220204), (0.18220204, -0.9784263, 0.09738803), (0.35392895, -0.91593784, 0.18918796), (-0.114783995, -0.97842294, -0.17179398), (-0.22297096, -0.91593283, -0.33369294), (0.19089898, -0.9784219, 0.07904499), (0.37077603, -0.9159372, 0.15357201), (-0.25458995, -0.9159388, -0.31022593), (-0.13108097, -0.9784228, -0.15970795), (0.19770506, -0.9784253, 0.05997102), (0.38405004, -0.9159341, 0.11649101), (0.078282006, -0.91594005, 0.39360604), (0.059971005, -0.97842515, 0.19770601), (-0.146097, -0.978423, -0.146096), (-0.28376797, -0.91594297, -0.28376797), (0.3936052, -0.91594046, 0.07828204), (0.20264909, -0.97842246, 0.040286016), (-0.31022593, -0.9159388, -0.25458995), (-0.15970795, -0.9784228, -0.13108097), (0.39940107, -0.9159332, 0.03930801), (0.20560996, -0.97842485, 0.020234995), (-0.171794, -0.978423, -0.114783004), (-0.33369294, -0.91593283, -0.22297096), (0.20661603, -0.97842216, 2.1725336e-16), (0.40132493, -0.9159358, 2.033786e-16), (-0.18220204, -0.9784263, -0.09738803), (-0.35392904, -0.91593814, -0.18918703), (0.39940107, -0.9159332, -0.03930801), (0.20560998, -0.97842485, -0.020233996), (-0.19089898, -0.9784219, -0.07904499), (-0.37077603, -0.9159372, -0.15357201), (0.20264909, -0.97842246, -0.040285014), (0.39360526, -0.9159405, -0.078281045), (-0.38405004, -0.9159341, -0.11649101), (-0.19770506, -0.9784253, -0.05997102), (0.38405004, -0.9159341, -0.11649101), (0.19770506, -0.9784253, -0.05997102), (-0.39360526, -0.9159405, -0.078281045), (-0.20264909, -0.97842246, -0.040285014), (0.37077603, -0.9159372, -0.15357201), (0.19089898, -0.9784219, -0.07904499), (-0.20560998, -0.97842485, -0.020233996), (-0.39940107, -0.9159332, -0.03930801), (0.35392904, -0.91593814, -0.18918703), (0.18220204, -0.9784263, -0.09738803), (-0.20661603, -0.97842216, 2.1725336e-16), (-0.40132493, -0.9159358, 2.033786e-16), (0.171794, -0.978423, -0.114783004), (0.33369595, -0.9159388, -0.22294195), (-0.20560996, -0.97842485, 0.020234995), (-0.39940107, -0.9159332, 0.03930801), (0.15970795, -0.9784228, -0.13108097), (0.31022593, -0.9159388, -0.25458995), (-0.20264909, -0.97842246, 0.040286016), (-0.3936052, -0.91594046, 0.07828204), (0.28376797, -0.91594297, -0.28376797), (-0.19770506, -0.9784253, 0.05997102), (0.020233996, -0.97842485, 0.20560998), (0.03930801, -0.9159332, 0.39940107), (0.014680007, -0.9887014, 0.14917807), (0, -0.9887041, 0.14988102), (0.008148999, -0.9965279, 0.082858995), (0, -0.9965283, 0.08325502), (0.0024419997, -0.99968386, 0.025025997), (0.02923699, -0.98870254, 0.14701192), (0.040286016, -0.97842246, 0.20264909), (0.016236003, -0.9965273, 0.08166802), (0.043489993, -0.98870283, 0.14344098), (0.024171004, -0.99652714, 0.079684004), (0.0072940015, -0.99968415, 0.024049005), (0.05734597, -0.98870546, 0.13846691), (0.031862002, -0.9965291, 0.07690701), (0.009614, -0.99968404, 0.023225), (0.07065199, -0.98870474, 0.13217898), (0.039247002, -0.996528, 0.073428), (0.011841004, -0.99968433, 0.022157008), (0.08325696, -0.98870265, 0.12464095), (0.046235986, -0.9965296, 0.06921697), (0.013947003, -0.99968415, 0.020906005), (0.09509797, -0.98870367, 0.11585096), (0.05282801, -0.99652725, 0.064364016), (0.015930993, -0.99968475, 0.019409996), (0.10599295, -0.9887016, 0.10599396), (0.05887101, -0.9965281, 0.05887101), (0.017762007, -0.99968445, 0.017762007), (0.11585096, -0.98870367, 0.09509797), (0.064364016, -0.99652725, 0.05282801), (0.019409996, -0.99968475, 0.015930993), (0.12464095, -0.98870265, 0.08325696), (0.06921601, -0.9965282, 0.04626701), (0.020906005, -0.99968415, 0.013947003), (0.13217898, -0.98870474, 0.07065199), (0.073428, -0.996528, 0.039247002), (0.022157008, -0.99968433, 0.011842004), (0.13846594, -0.9887055, 0.057345975), (0.07690701, -0.9965291, 0.031862002), (0.023225, -0.99968404, 0.009614), (0.14344098, -0.98870283, 0.043489993), (0.079684004, -0.99652714, 0.024171004), (0.024049005, -0.99968415, 0.0072940015), (0.14701094, -0.98870265, 0.029237986), (0.08166802, -0.9965273, 0.016236003), (0.024628993, -0.99968475, 0.0048829983), (0.14917807, -0.9887014, 0.014680007), (0.082857996, -0.996528, 0.008148999), (0.025025997, -0.99968386, 0.0024419997), (0.14988002, -0.9887042, 2.1953643e-16), (0.08325502, -0.9965283, 2.2127374e-16), (0.025116991, -0.9996845, 2.2197455e-16), (0.14917807, -0.9887014, -0.014680007), (0.082857996, -0.996528, -0.008147999), (0.025025997, -0.99968386, -0.002441), (0.14701095, -0.9887027, -0.02923699), (0.08166802, -0.9965273, -0.016236003), (0.14344098, -0.98870283, -0.043489993), (0.079684004, -0.99652714, -0.024171004), (0.024049005, -0.99968415, -0.0072940015), (0.13846594, -0.9887055, -0.057345975), (0.07690701, -0.9965291, -0.031861003), (0.023225, -0.99968404, -0.009613), (0.13217898, -0.98870474, -0.07065199), (0.073428, -0.996528, -0.039247002), (0.022186995, -0.99968374, -0.011840997), (0.124640964, -0.9887027, -0.08325598), (0.06921697, -0.9965296, -0.046235986), (0.020906005, -0.99968415, -0.013947003), (0.11585096, -0.98870367, -0.09509797), (0.064364016, -0.99652725, -0.05282801), (0.019409996, -0.99968475, -0.015930993), (0.105992965, -0.98870164, -0.105992965), (0.058871012, -0.9965282, -0.058870014), (0.017762007, -0.99968445, -0.017762007), (0.09509797, -0.98870367, -0.11585096), (0.05282801, -0.99652725, -0.064364016), (0.015900005, -0.9996852, -0.019410003), (0.08325696, -0.98870265, -0.12464095), (0.046266012, -0.9965283, -0.06921602), (0.013947003, -0.99968415, -0.020905005), (0.07065199, -0.98870474, -0.13217898), (0.039247002, -0.996528, -0.073428), (0.011841004, -0.99968433, -0.022157008), (0.057345975, -0.9887055, -0.13846594), (0.03186199, -0.9965268, -0.07693699), (0.009614, -0.99968404, -0.023225), (0.043489993, -0.98870283, -0.14344098), (0.024171004, -0.99652714, -0.079684004), (0.0072940015, -0.99968415, -0.024049005), (0.02923699, -0.9887027, -0.14701095), (0.016236003, -0.9965273, -0.08166802), (0.004883, -0.999684, -0.024658998), (0.014680007, -0.9887014, -0.14917807), (0.008148999, -0.996528, -0.082857996), (0.0024419997, -0.99968386, -0.025025997), (0, -0.9887042, -0.14988002), (0, -0.9965283, -0.08325502), (0, -0.9996845, -0.025116991), (-0.014680007, -0.9887014, -0.14917807), (-0.008148999, -0.996528, -0.082857996), (-0.0024419997, -0.99968386, -0.025025997), (-0.02923699, -0.9887027, -0.14701095), (-0.016236003, -0.9965273, -0.08166802), (-0.043489993, -0.98870283, -0.14344098), (-0.024171004, -0.99652714, -0.079684004), (-0.0072640018, -0.99968433, -0.024049008), (-0.057345975, -0.9887055, -0.13846594), (-0.031862002, -0.9965291, -0.07690701), (-0.009614, -0.99968404, -0.023225), (-0.07065199, -0.98870474, -0.13217898), (-0.039247002, -0.996528, -0.073428), (-0.011841004, -0.99968433, -0.022157008), (-0.08325696, -0.98870265, -0.12464095), (-0.046266012, -0.9965283, -0.06921602), (-0.013947003, -0.99968415, -0.020905005), (-0.09509797, -0.98870367, -0.11585096), (-0.05282801, -0.99652725, -0.064364016), (-0.015961004, -0.9996842, -0.019410005), (-0.105992965, -0.98870164, -0.105992965), (-0.058871012, -0.9965282, -0.058870014), (-0.017792998, -0.99968386, -0.017761996), (-0.11585096, -0.98870367, -0.09509797), (-0.064364016, -0.99652725, -0.05282801), (-0.019409996, -0.99968475, -0.015930993), (-0.124640964, -0.9887027, -0.08325598), (-0.06921602, -0.9965283, -0.046266012), (-0.020906005, -0.99968415, -0.013947003), (-0.13217898, -0.98870474, -0.07065199), (-0.073428, -0.996528, -0.039247002), (-0.022218002, -0.9996831, -0.011841001), (-0.13846594, -0.9887055, -0.057345975), (-0.07693799, -0.99652666, -0.031860992), (-0.023164013, -0.99968547, -0.0096130045), (-0.14344098, -0.98870283, -0.043489993), (-0.079684004, -0.99652714, -0.024171004), (-0.024109993, -0.9996827, -0.007293998), (-0.14701095, -0.9887027, -0.02923699), (-0.08166802, -0.9965273, -0.016236003), (-0.024658998, -0.999684, -0.004883), (-0.14917807, -0.9887014, -0.014680007), (-0.082857996, -0.996528, -0.008147999), (-0.025056003, -0.9996831, -0.002441), (-0.14988002, -0.9887042, 2.1953643e-16), (-0.08325502, -0.9965283, 2.2127374e-16), (-0.025116991, -0.9996845, 2.2197455e-16), (-0.14917807, -0.9887014, 0.014680007), (-0.082857996, -0.996528, 0.008148999), (-0.02499499, -0.99968463, 0.002441999), (-0.14701094, -0.98870265, 0.029237986), (-0.08166802, -0.9965273, 0.016236003), (-0.024658998, -0.999684, 0.004883), (-0.14344098, -0.98870283, 0.043489993), (-0.079684004, -0.99652714, 0.024171004), (-0.02398799, -0.9996857, 0.007293998), (-0.13846594, -0.9887055, 0.057345975), (-0.07690701, -0.9965291, 0.031862002), (-0.023225, -0.99968404, 0.009614), (-0.13217898, -0.98870474, 0.07065199), (-0.073428, -0.996528, 0.039247002), (-0.022157008, -0.99968433, 0.011842004), (-0.12464095, -0.98870265, 0.08325696), (-0.06921697, -0.9965296, 0.046235986), (-0.020906005, -0.99968415, 0.013947003), (-0.11585096, -0.98870367, 0.09509797), (-0.064364016, -0.99652725, 0.05282801), (-0.019409996, -0.99968475, 0.015930993), (-0.10599295, -0.9887016, 0.10599396), (-0.05887101, -0.9965281, 0.05887101), (-0.017762007, -0.99968445, 0.017762007), (-0.09509797, -0.98870367, 0.11585096), (-0.05282801, -0.99652725, 0.064364016), (-0.015930993, -0.99968475, 0.019409996), (-0.08325696, -0.98870265, 0.12464095), (-0.04626601, -0.9965282, 0.069217004), (-0.013947003, -0.99968415, 0.020906005), (-0.07065199, -0.98870474, 0.13217898), (-0.039247002, -0.996528, 0.073428), (-0.011841004, -0.99968433, 0.022157008), (-0.05734597, -0.98870546, 0.13846691), (-0.031862002, -0.9965291, 0.07690701), (-0.009614, -0.99968404, 0.023225), (-0.043489993, -0.98870283, 0.14344098), (-0.024171004, -0.99652714, 0.079684004), (-0.0072640018, -0.99968433, 0.024049008), (-0.02923699, -0.98870254, 0.14701192), (-0.016236003, -0.9965273, 0.08166802), (-0.004883, -0.999684, 0.024659999), (-0.014680007, -0.9887014, 0.14917807), (-0.008148999, -0.9965279, 0.082858995), (-0.0024719995, -0.99968374, 0.025025994), (0, -0.9996845, 0.025116991), (0.08893398, 0.4202519, 0.90303886), (0, 0.19413207, 0.9809754), (0.096136, 0.19413401, 0.97625303), (0, 0.42021692, 0.9074237), (-0.096136, 0.19413401, 0.97625303), (0.17701195, 0.4202519, 0.8899748), (0.28474405, 0.19413303, 0.93874013), (0.263412, 0.42025003, 0.86833405), (0.08212602, 0.9070842, 0.41286016), (0.37538993, 0.19413497, 0.9063079), (0.34725413, 0.42022613, 0.8383463), (0.12216798, 0.90708894, 0.40282094), (0.46242124, 0.19413011, 0.8651475), (0.42775214, 0.4202442, 0.8002643), (0.16108, 0.9070871, 0.388904), (0.545006, 0.194131, 0.8156481), (0.50411505, 0.420248, 0.754493), (0.19843504, 0.90708816, 0.37123406), (0.62231696, 0.19413298, 0.7583099), (0.5756469, 0.42024493, 0.70144486), (0.23386805, 0.9070891, 0.34999302), (0.6936538, 0.19413596, 0.6936538), (0.64163494, 0.420249, 0.64163494), (0.26704207, 0.90708727, 0.32539412), (0.701454, 0.42022, 0.575654), (0.6936538, 0.19413596, 0.6936538), (0.7583099, 0.19413298, 0.62231696), (0.29765198, 0.9070869, 0.29765198), (0.754493, 0.420248, 0.50411505), (0.8156481, 0.194131, 0.545006), (0.32539412, 0.90708727, 0.26704207), (0.86514777, 0.19412993, 0.46242085), (0.80027497, 0.42021897, 0.42775697), (0.34999302, 0.9070891, 0.23386805), (0.9063079, 0.19413497, 0.37538993), (0.8383554, 0.4202157, 0.34724477), (0.37123406, 0.90708816, 0.19843504), (0.86833405, 0.42025003, 0.263412), (0.93874025, 0.19413306, 0.28474408), (0.38890406, 0.9070872, 0.16107903), (0.96212983, 0.19413495, 0.19135797), (0.8899865, 0.42022625, 0.1770141), (0.40282178, 0.9070885, 0.12216793), (0.9030558, 0.42021593, 0.08893198), (0.97625303, 0.19413401, 0.096136), (0.4128612, 0.9070865, 0.082096055), (0.9809754, 0.19413207, -4.310598e-17), (0.9074121, 0.42024207, -9.3312485e-17), (0.41890687, 0.9070927, 0.041230984), (0.97625303, 0.19413401, -0.096136), (0.9030558, 0.42021593, -0.08893198), (0.4209479, 0.90708476, -2.0141328e-16), (0.96212983, 0.19413495, -0.19135797), (0.88998634, 0.42022616, -0.17701508), (0.41890684, 0.9070926, -0.041231986), (0.93874025, 0.19413306, -0.28474408), (0.86833405, 0.42025003, -0.263412), (0.4128612, 0.9070865, -0.082096055), (0.9063079, 0.19413497, -0.37538993), (0.8383466, 0.42022583, -0.34725383), (0.40282178, 0.9070885, -0.12216793), (0.80027497, 0.42021897, -0.42775697), (0.8651475, 0.19413011, -0.46242124), (0.38887796, 0.9070979, -0.161082), (0.81566125, 0.19413406, -0.5449851), (0.75450295, 0.420223, -0.504121), (0.37123406, 0.90708816, -0.19843504), (0.75831014, 0.19413204, -0.6223171), (0.7014542, 0.42021915, -0.57565415), (0.34999302, 0.9070891, -0.23386805), (0.64163494, 0.420249, -0.64163494), (0.6936538, 0.19413596, -0.6936538), (0.32539412, 0.90708727, -0.26704207), (0.57565415, 0.42021915, -0.7014542), (0.6936538, 0.19413596, -0.6936538), (0.6223171, 0.19413204, -0.75831014), (0.29765198, 0.9070869, -0.29765198), (0.54498506, 0.19413403, -0.8156612), (0.50412095, 0.42022294, -0.7545029), (0.26704207, 0.90708727, -0.32539412), (0.46242124, 0.19413011, -0.8651475), (0.4277518, 0.4202438, -0.80026466), (0.2338391, 0.9070954, -0.34999612), (0.34724492, 0.4202149, -0.8383558), (0.37538993, 0.19413497, -0.9063079), (0.19843504, 0.90708816, -0.37123406), (0.2633831, 0.42025313, -0.86834127), (0.28474405, 0.19413303, -0.93874013), (0.16108, 0.9070871, -0.388904), (0.17701201, 0.42025107, -0.88997513), (0.19135797, 0.19413495, -0.96212983), (0.12216793, 0.9070885, -0.40282178), (0.096136026, 0.19413306, -0.9762532), (0.08893201, 0.42021507, -0.9030562), (0.08209601, 0.90708613, -0.41286206), (0, 0.19413207, -0.9809754), (0, 0.42024207, -0.9074121), (0.04123098, 0.9070926, -0.41890684), (-0.096136026, 0.19413306, -0.9762532), (-0.08893398, 0.4202519, -0.90303886), (0, 0.90708476, -0.4209479), (-0.17701408, 0.42022622, -0.88998646), (-0.19135797, 0.19413495, -0.96212983), (-0.04123098, 0.9070926, -0.41890684), (-0.26340792, 0.42021388, -0.8683528), (-0.28474405, 0.19413303, -0.93874013), (-0.08209601, 0.90708613, -0.41286206), (-0.37538993, 0.19413497, -0.9063079), (-0.34724492, 0.4202149, -0.8383558), (-0.12216793, 0.9070885, -0.40282178), (-0.46242124, 0.19413011, -0.8651475), (-0.42775697, 0.42021897, -0.80027497), (-0.16108, 0.9070871, -0.388904), (-0.54500604, 0.19413003, -0.81564814), (-0.50411505, 0.420248, -0.754493), (-0.19843504, 0.90708816, -0.37123406), (-0.57565415, 0.42021915, -0.7014542), (-0.6223171, 0.19413204, -0.75831014), (-0.23386805, 0.9070891, -0.34999302), (-0.6936538, 0.19413596, -0.6936538), (-0.64163494, 0.420249, -0.64163494), (-0.26704207, 0.90708727, -0.32539412), (-0.64163494, 0.420249, -0.64163494), (-0.75831014, 0.19413204, -0.6223171), (-0.7014542, 0.42021915, -0.57565415), (-0.29765198, 0.9070869, -0.29765198), (-0.81566125, 0.19413406, -0.5449851), (-0.754493, 0.420248, -0.50411505), (-0.32539412, 0.90708727, -0.26704207), (-0.8651475, 0.19413011, -0.46242124), (-0.80027497, 0.42021897, -0.42775697), (-0.34999302, 0.9070891, -0.23386805), (-0.9063079, 0.19413497, -0.37538993), (-0.8383466, 0.42022583, -0.34725383), (-0.37123406, 0.90708816, -0.19843504), (-0.93874025, 0.19413306, -0.28474408), (-0.86833405, 0.42025003, -0.263412), (-0.388904, 0.9070871, -0.16108), (-0.96212983, 0.19413495, -0.19135797), (-0.88997513, 0.42025107, -0.17701201), (-0.40282178, 0.9070885, -0.12216793), (-0.97625303, 0.19413401, -0.096136), (-0.9030558, 0.42021593, -0.08893198), (-0.4128612, 0.9070865, -0.082096055), (-0.9809754, 0.19413207, -4.310598e-17), (-0.9074237, 0.42021692, -9.33069e-17), (-0.41890684, 0.9070926, -0.041231986), (-0.97625303, 0.19413401, 0.096136), (-0.90304416, 0.42024106, 0.08893102), (-0.4209479, 0.90708476, -2.0141328e-16), (-0.96212983, 0.19413495, 0.19135797), (-0.8899865, 0.42022625, 0.1770141), (-0.418932, 0.907081, 0.041230995), (-0.93874025, 0.19413306, 0.28474408), (-0.86835283, 0.4202139, 0.26340795), (-0.4128612, 0.9070865, 0.082096055), (-0.8383554, 0.4202157, 0.34724477), (-0.9063079, 0.19413497, 0.37538993), (-0.40282178, 0.9070885, 0.12216793), (-0.86514777, 0.19412993, 0.46242085), (-0.80026466, 0.4202438, 0.4277518), (-0.38890406, 0.9070872, 0.16107903), (-0.8156481, 0.194131, 0.545006), (-0.75450295, 0.420223, 0.504121), (-0.37123406, 0.90708816, 0.19843504), (-0.701454, 0.42022, 0.575654), (-0.7583099, 0.19413298, 0.62231696), (-0.34999302, 0.9070891, 0.23386805), (-0.6936538, 0.19413596, 0.6936538), (-0.6416431, 0.4202241, 0.6416431), (-0.32539412, 0.90708727, 0.26704207), (-0.575654, 0.42022, 0.701454), (-0.6936538, 0.19413596, 0.6936538), (-0.62231696, 0.19413298, 0.7583099), (-0.29765198, 0.9070869, 0.29765198), (-0.545006, 0.194131, 0.8156481), (-0.50411505, 0.420248, 0.754493), (-0.26704207, 0.90708727, 0.32539412), (-0.46242124, 0.19413011, 0.8651475), (-0.42775697, 0.42021897, 0.80027497), (-0.23386805, 0.9070891, 0.34999302), (-0.34725413, 0.42022613, 0.8383463), (-0.37538993, 0.19413497, 0.9063079), (-0.19843504, 0.90708816, 0.37123406), (-0.263412, 0.42025003, 0.86833405), (-0.28474405, 0.19413303, 0.93874013), (-0.16108, 0.9070871, 0.388904), (-0.19135797, 0.19413495, 0.96212983), (-0.17701195, 0.4202519, 0.8899748), (-0.12219804, 0.90708524, 0.40282008), (-0.08893197, 0.4202159, 0.9030557), (-0.08212602, 0.9070842, 0.41286016), (-0.090763, -0.37715003, 0.9216941), (0, -0.37715006, 0.92615217), (-0.041261982, 0.9070916, 0.41890582), (0.041261, 0.90708005, 0.41893104), (0.19135797, 0.19413495, 0.96212983), (0, -0.81444615, 0.5802391), (0.05685603, -0.8144494, 0.5774423), (0.16843593, -0.8144366, 0.55526775), (0.18067099, -0.37714997, 0.9083589), (0.22203003, -0.8144471, 0.5360771), (0.2688449, -0.37712786, 0.8862827), (0.27351293, -0.81443584, 0.5117469), (0.354415, -0.37715098, 0.85565597), (0.32237703, -0.814441, 0.48245102), (0.43658078, -0.3771588, 0.81679153), (0.36809507, -0.81444114, 0.44854406), (0.5145523, -0.3771552, 0.7700584), (0.41030103, -0.814436, 0.41030103), (0.5875601, -0.3771281, 0.7159242), (0.44854406, -0.81444114, 0.36809507), (0.65489334, -0.37713322, 0.65489334), (0.48245603, -0.8144491, 0.322349), (0.65489334, -0.37713322, 0.65489334), (0.71591616, -0.37715414, 0.5875532), (0.51172376, -0.81444865, 0.27351788), (0.7700584, -0.3771552, 0.5145523), (0.5360771, -0.8144471, 0.22203003), (0.81679165, -0.37715885, 0.4365808), (0.55526704, -0.8144371, 0.16843604), (0.8556658, -0.3771249, 0.35441893), (0.56909615, -0.8144421, 0.11319702), (0.8862724, -0.37715414, 0.2688421), (0.57745695, -0.81443894, 0.056857992), (0.9083692, -0.37712407, 0.18067305), (0.58025897, -0.814432, 1.8084024e-16), (0.92170465, -0.37712386, 0.09076398), (0.57745695, -0.81443894, -0.056856997), (0.92615217, -0.37715006, 8.3744136e-17), (0.56909615, -0.8144421, -0.11319702), (0.92170465, -0.37712386, -0.09076398), (0.55526704, -0.8144371, -0.16843604), (0.9083692, -0.37712407, -0.18067305), (0.5360771, -0.8144471, -0.22203003), (0.8862827, -0.37712786, -0.2688449), (0.51172394, -0.81444895, -0.27351698), (0.85565597, -0.37715098, -0.354415), (0.48247415, -0.8144292, -0.32237208), (0.8168012, -0.37713313, -0.4365851), (0.44854406, -0.81444114, -0.36809507), (0.7700584, -0.3771552, -0.5145523), (0.41030073, -0.81443644, -0.41030073), (0.71592903, -0.37716106, -0.58753306), (0.36809507, -0.81444114, -0.44854406), (0.65488595, -0.37715894, -0.65488595), (0.32237703, -0.814441, -0.48245102), (0.65488595, -0.37715894, -0.65488595), (0.58755296, -0.37715498, -0.7159159), (0.27351788, -0.81444865, -0.51172376), (0.5145301, -0.37716112, -0.77007025), (0.22205883, -0.81444144, -0.5360737), (0.43658587, -0.3771329, -0.81680083), (0.16843604, -0.8144371, -0.55526704), (0.35441893, -0.3771249, -0.8556658), (0.11319702, -0.8144421, -0.56909615), (0.2688449, -0.37712786, -0.8862827), (0.05685802, -0.8144393, -0.5774563), (0.18067305, -0.37712407, -0.9083692), (0, -0.81444615, -0.5802391), (0.090763, -0.37715003, -0.9216941), (-0.05685802, -0.8144393, -0.5774563), (0, -0.37712395, -0.9261628), (-0.11319702, -0.8144421, -0.56909615), (-0.09076398, -0.37712386, -0.92170465), (-0.16843604, -0.8144371, -0.55526704), (-0.18067305, -0.37712407, -0.9083692), (-0.22205883, -0.81444144, -0.5360737), (-0.2688449, -0.37712786, -0.8862827), (-0.27351308, -0.8144363, -0.51174617), (-0.35441893, -0.3771249, -0.8556658), (-0.32237703, -0.814441, -0.48245102), (-0.43658078, -0.3771588, -0.81679153), (-0.36809987, -0.8144528, -0.44851884), (-0.51455814, -0.3771291, -0.7700672), (-0.41030073, -0.81443644, -0.41030073), (-0.5875601, -0.3771281, -0.7159242), (-0.44854406, -0.81444114, -0.36809507), (-0.65489334, -0.37713322, -0.65489334), (-0.4824511, -0.81444126, -0.3223761), (-0.69623744, -0.17466211, -0.69623744), (-0.7159242, -0.3771281, -0.5875601), (-0.51172394, -0.81444895, -0.27351698), (-0.7700584, -0.3771552, -0.5145523), (-0.5360771, -0.8144471, -0.22203003), (-0.8168012, -0.37713313, -0.4365851), (-0.55526704, -0.8144371, -0.16843604), (-0.8556658, -0.3771249, -0.35441893), (-0.5690818, -0.8144526, -0.11319396), (-0.8862827, -0.37712786, -0.2688449), (-0.57745695, -0.81443894, -0.056856997), (-0.9083692, -0.37712407, -0.18067305), (-0.5802391, -0.81444615, 1.8084337e-16), (-0.92169416, -0.37715006, -0.09076202), (-0.57745695, -0.81443894, 0.056857992), (-0.9261628, -0.37712395, 8.373834e-17), (-0.56909615, -0.8144421, 0.11319702), (-0.92170465, -0.37712386, 0.09076398), (-0.55526704, -0.8144371, 0.16843604), (-0.9083692, -0.37712407, 0.18067305), (-0.5360771, -0.8144471, 0.22203003), (-0.8862724, -0.37715414, 0.2688421), (-0.51172376, -0.81444865, 0.27351788), (-0.85565597, -0.37715098, 0.354415), (-0.48245603, -0.8144491, 0.322349), (-0.81679165, -0.37715885, 0.4365808), (-0.44854406, -0.81444114, 0.36809507), (-0.7700672, -0.3771291, 0.51455814), (-0.41030103, -0.814436, 0.41030103), (-0.71591616, -0.37715414, 0.5875532), (-0.36809507, -0.81444114, 0.44854406), (-0.65488595, -0.37715894, 0.65488595), (-0.32237703, -0.814441, 0.48245102), (-0.65488595, -0.37715894, 0.65488595), (-0.5875532, -0.37715414, 0.71591616), (-0.27351293, -0.81443584, 0.5117469), (-0.5145523, -0.3771552, 0.7700584), (-0.22203003, -0.8144471, 0.5360771), (-0.43658078, -0.3771588, 0.81679153), (-0.16843593, -0.8144366, 0.55526775), (-0.35441893, -0.3771249, 0.8556658), (-0.11319702, -0.8144421, 0.56909615), (-0.26884186, -0.37715378, 0.88627255), (-0.056857992, -0.81443894, 0.57745695), (-0.18067305, -0.37712407, 0.9083692), (0.090763, -0.37715003, 0.9216941), (0.11319702, -0.8144421, 0.56909615), (0, 1, -2.220446e-16), (-0.70710677, -1.5700924e-16, -0.70710677), (-0.63439393, -1.7164268e-16, -0.7730099), (0.9569467, 6.445154e-17, 0.29026392), (0.9238801, 8.497248e-17, 0.38268203), (-0.55557287, -1.8462295e-16, -0.83146787), (0.8819184, 1.04672315e-16, 0.4714022), (-0.4714022, -1.9582522e-16, -0.8819184), (0.097995974, 2.2097586e-16, 0.9951868), (0, 2.220446e-16, 1), (0.83146787, 1.2336196e-16, 0.55557287), (-0.38268203, -2.0514259e-16, -0.9238801), (-0.097995974, 2.2097586e-16, 0.9951868), (-0.19507699, 2.1777868e-16, 0.980788), (0.7730099, 1.4086375e-16, 0.63439393), (-0.29026392, -2.1248485e-16, -0.9569467), (-0.29026392, 2.1248485e-16, 0.9569467), (0.70710677, 1.5700924e-16, 0.70710677), (-0.19507699, -2.1777868e-16, -0.980788), (-0.38268203, 2.0514259e-16, 0.9238801), (0.70710677, 1.5700924e-16, 0.70710677), (0.63439393, 1.7164268e-16, 0.7730099), (-0.097995974, -2.2097586e-16, -0.9951868), (-0.4714022, 1.9582522e-16, 0.8819184), (0.55557287, 1.8462295e-16, 0.83146787), (0, -2.220446e-16, -1), (-0.55557287, 1.8462295e-16, 0.83146787), (0.4714022, 1.9582522e-16, 0.8819184), (0.097995974, -2.2097586e-16, -0.9951868), (-0.63439393, 1.7164268e-16, 0.7730099), (0.38268203, 2.0514259e-16, 0.9238801), (0.19507699, -2.1777868e-16, -0.980788), (-0.70710677, 1.5700924e-16, 0.70710677), (0.29026392, 2.1248485e-16, 0.9569467), (0.29026392, -2.1248485e-16, -0.9569467), (-0.70710677, 1.5700924e-16, 0.70710677), (-0.7730099, 1.4086375e-16, 0.63439393), (0.19507699, 2.1777868e-16, 0.980788), (0.38268203, -2.0514259e-16, -0.9238801), (-0.83146787, 1.2336196e-16, 0.55557287), (0.4714022, -1.9582522e-16, -0.8819184), (-0.8819184, 1.04672315e-16, 0.4714022), (0.55557287, -1.8462295e-16, -0.83146787), (-0.9238801, 8.497248e-17, 0.38268203), (0.63439393, -1.7164268e-16, -0.7730099), (-0.9569467, 6.445154e-17, 0.29026392), (0.70710677, -1.5700924e-16, -0.70710677), (-0.980788, 4.3315793e-17, 0.19507699), (0.70710677, -1.5700924e-16, -0.70710677), (0.7730099, -1.4086375e-16, -0.63439393), (-0.9951868, 2.1759477e-17, 0.097995974), (0.83146787, -1.2336196e-16, -0.55557287), (-1, 0, 0), (0.8819184, -1.04672315e-16, -0.4714022), (-0.9951868, -2.1759477e-17, -0.097995974), (0.9238801, -8.497248e-17, -0.38268203), (-0.980788, -4.3315793e-17, -0.19507699), (0.9569467, -6.445154e-17, -0.29026392), (-0.9569467, -6.445154e-17, -0.29026392), (0.980788, -4.3315793e-17, -0.19507699), (-0.9238801, -8.497248e-17, -0.38268203), (0.9951868, -2.1759477e-17, -0.097995974), (-0.8819184, -1.04672315e-16, -0.4714022), (1, 0, 0), (-0.83146787, -1.2336196e-16, -0.55557287), (0.9951868, 2.1759477e-17, 0.097995974), (-0.7730099, -1.4086375e-16, -0.63439393), (0.980788, 4.3315793e-17, 0.19507699), (-0.6936538, 0.19413596, -0.6936538), (-0.70710677, -1.5700924e-16, -0.70710677), (0, 0.90708476, 0.4209479), (0, 0.5873969, 0.809299), (0, 0.5873969, 0.809299), (0.05801596, 0.8059714, 0.5891046), (0, 0.8059769, 0.59194696), (0.079320006, 0.587436, 0.805374), (0.15787604, 0.5874042, 0.7937452), (0.079320006, 0.587436, 0.805374), (0.11548297, 0.8059668, 0.58058697), (0.2349059, 0.58740175, 0.77445364), (0.15787604, 0.5874042, 0.7937452), (0.2349059, 0.58740175, 0.77445364), (0.30970886, 0.5874027, 0.7476887), (0.30970886, 0.5874027, 0.7476887), (0.17182195, 0.8059758, 0.5664629), (0.27903503, 0.8059752, 0.52205706), (0.22651102, 0.80597407, 0.546899), (0.38149512, 0.5874102, 0.71373016), (0.4496159, 0.5874129, 0.6728979), (0.38149512, 0.5874102, 0.71373016), (0.51340204, 0.58741206, 0.62559205), (0.4496159, 0.5874129, 0.6728979), (0.51340204, 0.58741206, 0.62559205), (0.32887298, 0.80597794, 0.49218097), (0.5722401, 0.5874081, 0.5722701), (0.5722401, 0.5874081, 0.5722701), (0.37553686, 0.8059777, 0.4575719), (0.64163494, 0.420249, 0.64163494), (0.62559205, 0.58741206, 0.51340204), (0.5722401, 0.5874081, 0.5722701), (0.62559205, 0.58741206, 0.51340204), (0.4185689, 0.80597776, 0.4185689), (0.6728979, 0.5874129, 0.4496159), (0.6728979, 0.5874129, 0.4496159), (0.4575719, 0.8059777, 0.37553686), (0.49218097, 0.80597794, 0.32887298), (0.713731, 0.58741, 0.38149396), (0.522035, 0.8059881, 0.27903903), (0.747689, 0.587403, 0.30970797), (0.713731, 0.58741, 0.38149396), (0.546899, 0.80597407, 0.22651102), (0.77445364, 0.58740175, 0.2349059), (0.747689, 0.587403, 0.30970797), (0.77445364, 0.58740175, 0.2349059), (0.7937452, 0.5874042, 0.15787604), (0.5664629, 0.8059758, 0.17182195), (0.7937452, 0.5874042, 0.15787604), (0.8053994, 0.5874013, 0.07931904), (0.58056706, 0.80598104, 0.11548401), (0.58908486, 0.8059858, 0.058016986), (0.8053994, 0.5874013, 0.07931904), (0.809299, 0.5873969, -1.3042832e-16), (0.59194696, 0.8059769, -1.7896283e-16), (0.809299, 0.5873969, -1.3042832e-16), (0.589105, 0.8059711, -0.058016002), (0.8053994, 0.5874013, -0.07931904), (0.7937452, 0.5874042, -0.15787604), (0.8053994, 0.5874013, -0.07931904), (0.58056694, 0.80598086, -0.115484975), (0.7937452, 0.5874042, -0.15787604), (0.77445364, 0.58740175, -0.2349059), (0.5664629, 0.8059758, -0.17182195), (0.7476892, 0.58740205, -0.30970907), (0.77445364, 0.58740175, -0.2349059), (0.7476892, 0.58740205, -0.30970907), (0.5468781, 0.8059871, -0.22651504), (0.71373075, 0.58740973, -0.38149482), (0.52205706, 0.8059752, -0.27903503), (0.6728983, 0.5874123, -0.44961616), (0.6728983, 0.5874123, -0.44961616), (0.71373075, 0.58740973, -0.38149482), (0.6255819, 0.58740294, -0.5134249), (0.45757696, 0.8059869, -0.37551096), (0.49218082, 0.8059777, -0.32887387), (0.57226014, 0.5873982, -0.57226014), (0.6255819, 0.58740294, -0.5134249), (0.57226014, 0.5873982, -0.57226014), (0.64163494, 0.420249, -0.64163494), (0.51340204, 0.58741206, -0.62559205), (0.4185689, 0.80597776, -0.4185689), (0.44960707, 0.5874001, -0.67291504), (0.51340204, 0.58741206, -0.62559205), (0.44960707, 0.5874001, -0.67291504), (0.37551096, 0.8059869, -0.45757696), (0.38148794, 0.58742994, -0.7137178), (0.328846, 0.80598587, -0.49218595), (0.27903503, 0.8059752, -0.52205706), (0.38148794, 0.58742994, -0.7137178), (0.22651102, 0.80597407, -0.546899), (0.30970907, 0.58740205, -0.7476892), (0.23490687, 0.58743566, -0.7744276), (0.30970907, 0.58740205, -0.7476892), (0.17182195, 0.8059758, -0.5664629), (0.23490687, 0.58743566, -0.7744276), (0.15787604, 0.5874042, -0.7937452), (0.11548499, 0.8059809, -0.580567), (0.15787604, 0.5874042, -0.7937452), (0.07931904, 0.5874013, -0.8053994), (0.05801698, 0.80598575, -0.5890848), (0.07931904, 0.5874013, -0.8053994), (0, 0.5874109, -0.80928886), (0, 0.5874109, -0.80928886), (-0.058016002, 0.8059711, -0.589105), (0, 0.8059769, -0.59194696), (-0.07931904, 0.5874013, -0.8053994), (-0.07931904, 0.5874013, -0.8053994), (-0.11548499, 0.8059809, -0.580567), (-0.23490986, 0.5873817, -0.7744676), (-0.15787604, 0.5874042, -0.7937452), (-0.23490986, 0.5873817, -0.7744676), (-0.15787604, 0.5874042, -0.7937452), (-0.17182195, 0.8059758, -0.5664629), (-0.30970907, 0.58740205, -0.7476892), (-0.22651504, 0.8059871, -0.5468781), (-0.30970907, 0.58740205, -0.7476892), (-0.38149482, 0.58740973, -0.71373075), (-0.27903503, 0.8059752, -0.52205706), (-0.38149482, 0.58740973, -0.71373075), (-0.32887298, 0.80597794, -0.49218097), (-0.44960707, 0.5874001, -0.67291504), (-0.51340204, 0.58741206, -0.62559205), (-0.44960707, 0.5874001, -0.67291504), (-0.37551096, 0.8059869, -0.45757696), (-0.51340204, 0.58741206, -0.62559205), (-0.4185689, 0.80597776, -0.4185689), (-0.5722701, 0.5874081, -0.5722401), (-0.62559205, 0.58741206, -0.51340204), (-0.5722701, 0.5874081, -0.5722401), (-0.62559205, 0.58741206, -0.51340204), (-0.6728983, 0.5874123, -0.44961616), (-0.4575719, 0.8059777, -0.37553686), (-0.6728983, 0.5874123, -0.44961616), (-0.71373075, 0.58740973, -0.38149482), (-0.49218082, 0.8059777, -0.32887387), (-0.7476961, 0.58740807, -0.30968103), (-0.71373075, 0.58740973, -0.38149482), (-0.5468781, 0.8059871, -0.22651504), (-0.52205706, 0.8059752, -0.27903503), (-0.77445364, 0.58740175, -0.2349059), (-0.77445364, 0.58740175, -0.2349059), (-0.7476961, 0.58740807, -0.30968103), (-0.7937452, 0.5874042, -0.15787604), (-0.7937452, 0.5874042, -0.15787604), (-0.5664629, 0.8059758, -0.17182195), (-0.8053994, 0.5874013, -0.07931904), (-0.8053994, 0.5874013, -0.07931904), (-0.58056694, 0.80598086, -0.115484975), (-0.58908486, 0.8059858, -0.058016986), (-0.809299, 0.5873969, -1.3042832e-16), (-0.59194696, 0.8059769, -1.7896283e-16), (-0.8053994, 0.5874013, 0.07931904), (-0.809299, 0.5873969, -1.3042832e-16), (-0.8053994, 0.5874013, 0.07931904), (-0.589105, 0.8059711, 0.058016002), (-0.7937452, 0.5874042, 0.15787604), (-0.7937452, 0.5874042, 0.15787604), (-0.77445364, 0.58740175, 0.2349059), (-0.58056706, 0.80598104, 0.11548401), (-0.747689, 0.587403, 0.30970797), (-0.77445364, 0.58740175, 0.2349059), (-0.747689, 0.587403, 0.30970797), (-0.5664629, 0.8059758, 0.17182195), (-0.52205706, 0.8059752, 0.27903503), (-0.546899, 0.80597407, 0.22651102), (-0.67291504, 0.5874001, 0.44960707), (-0.713731, 0.58741, 0.38149396), (-0.713731, 0.58741, 0.38149396), (-0.49218097, 0.80597794, 0.32887298), (-0.67291504, 0.5874001, 0.44960707), (-0.4575719, 0.8059777, 0.37553686), (-0.62559205, 0.58741206, 0.51340204), (-0.5722701, 0.5874081, 0.5722401), (-0.62559205, 0.58741206, 0.51340204), (-0.4185689, 0.80597776, 0.4185689), (-0.6416431, 0.4202241, 0.6416431), (-0.51340204, 0.58741206, 0.62559205), (-0.5722701, 0.5874081, 0.5722401), (-0.51340204, 0.58741206, 0.62559205), (-0.37551096, 0.8059869, 0.45757696), (-0.4496159, 0.5874129, 0.6728979), (-0.32887298, 0.80597794, 0.49218097), (-0.38149512, 0.5874102, 0.71373016), (-0.4496159, 0.5874129, 0.6728979), (-0.27903503, 0.8059752, 0.52205706), (-0.38149512, 0.5874102, 0.71373016), (-0.22651102, 0.80597407, 0.546899), (-0.2349059, 0.58740175, 0.77445364), (-0.30970886, 0.5874027, 0.7476887), (-0.30970886, 0.5874027, 0.7476887), (-0.17182195, 0.8059758, 0.5664629), (-0.15787604, 0.5874042, 0.7937452), (-0.2349059, 0.58740175, 0.77445364), (-0.11548297, 0.8059668, 0.58058697), (-0.079319, 0.587402, 0.8053989), (-0.15787604, 0.5874042, 0.7937452), (-0.079319, 0.587402, 0.8053989), (-0.05801596, 0.8059714, 0.5891046), (0, -0.711427, 0.70276), (0.06888299, -0.71144384, 0.6993589), (0, -0.51717675, 0.85587865), (0, -0.711427, 0.70276), (0.08386498, -0.51719993, 0.85174584), (0.06888299, -0.71144384, 0.6993589), (0.13709001, -0.7114211, 0.6892651), (0.16697106, -0.51717913, 0.8394322), (0.13709001, -0.7114211, 0.6892651), (0.24842991, -0.5171858, 0.8190247), (0.20399095, -0.71143585, 0.6724929), (0.26893392, -0.7114298, 0.6492628), (0.20399095, -0.71143585, 0.6724929), (0.26893392, -0.7114298, 0.6492628), (0.33125606, -0.7114331, 0.61978406), (0.32753316, -0.51718026, 0.7907254), (0.40344205, -0.5171901, 0.7548171), (0.33125606, -0.7114331, 0.61978406), (0.39043117, -0.7114313, 0.58431923), (0.47549823, -0.51718825, 0.71163034), (0.39043117, -0.7114313, 0.58431923), (0.5429687, -0.5171798, 0.66159666), (0.44582286, -0.7114298, 0.5432399), (0.6051967, -0.5171788, 0.6051967), (0.5429687, -0.5171798, 0.66159666), (0.6051967, -0.5171788, 0.6051967), (0.5432399, -0.7114298, 0.44582286), (0.49691787, -0.7114389, 0.49691787), (0.66159666, -0.5171798, 0.5429687), (0.6051967, -0.5171788, 0.6051967), (0.58431923, -0.7114313, 0.39043117), (0.5432399, -0.7114298, 0.44582286), (0.71163005, -0.517188, 0.475499), (0.619765, -0.711447, 0.331262), (0.58431923, -0.7114313, 0.39043117), (0.7548171, -0.5171901, 0.40344205), (0.6492628, -0.7114298, 0.26893392), (0.619765, -0.711447, 0.331262), (0.6492628, -0.7114298, 0.26893392), (0.6724929, -0.71143585, 0.20399095), (0.7907254, -0.51718026, 0.32753316), (0.6724929, -0.71143585, 0.20399095), (0.6892491, -0.71143603, 0.13709302), (0.8190247, -0.5171858, 0.24842991), (0.6993583, -0.7114444, 0.068883024), (0.6892491, -0.71143603, 0.13709302), (0.6993583, -0.7114444, 0.068883024), (0.8394322, -0.51717913, 0.16697106), (0.70276, -0.711427, 1.5796852e-16), (0.85175896, -0.517178, 0.08386699), (0.85586476, -0.5171998, 1.1484143e-16), (0.70276, -0.711427, 1.5796852e-16), (0.6993741, -0.7114291, -0.068881005), (0.6993741, -0.7114291, -0.068881005), (0.8394322, -0.51717913, -0.16697106), (0.85175896, -0.517178, -0.08386699), (0.6724929, -0.71143585, -0.20399095), (0.6892491, -0.71143603, -0.13709302), (0.6724929, -0.71143585, -0.20399095), (0.6892491, -0.71143603, -0.13709302), (0.6492628, -0.7114298, -0.26893392), (0.6492628, -0.7114298, -0.26893392), (0.8190247, -0.5171858, -0.24842991), (0.7548171, -0.5171901, -0.40344205), (0.79072493, -0.517181, -0.32753298), (0.58431923, -0.7114313, -0.39043117), (0.619765, -0.711447, -0.331262), (0.58431923, -0.7114313, -0.39043117), (0.619765, -0.711447, -0.331262), (0.7116299, -0.517189, -0.47549793), (0.5432399, -0.7114298, -0.44582286), (0.5432399, -0.7114298, -0.44582286), (0.6615972, -0.51721114, -0.5429382), (0.49691787, -0.7114389, -0.49691787), (0.6615972, -0.51721114, -0.5429382), (0.6051869, -0.5172019, -0.6051869), (0.44582316, -0.71143025, -0.5432392), (0.6051869, -0.5172019, -0.6051869), (0.5429687, -0.5171798, -0.66159666), (0.6051869, -0.5172019, -0.6051869), (0.39043117, -0.7114313, -0.58431923), (0.44582316, -0.71143025, -0.5432392), (0.47548816, -0.5171771, -0.7116452), (0.39043117, -0.7114313, -0.58431923), (0.40346804, -0.51718307, -0.75480807), (0.2689341, -0.71143025, -0.6492622), (0.331262, -0.711447, -0.619765), (0.2689341, -0.71143025, -0.6492622), (0.331262, -0.711447, -0.619765), (0.327533, -0.51718104, -0.790725), (0.20399101, -0.71146506, -0.672462), (0.20399101, -0.71146506, -0.672462), (0.13709302, -0.71143603, -0.6892491), (0.24842599, -0.5172079, -0.81901187), (0.13709302, -0.71143603, -0.6892491), (0.08386699, -0.517178, -0.85175896), (0.16697106, -0.51717913, -0.8394322), (0.068881005, -0.7114291, -0.6993741), (0, -0.7114429, -0.7027439), (0.068881005, -0.7114291, -0.6993741), (0, -0.7114429, -0.7027439), (-0.08386699, -0.517178, -0.85175896), (0, -0.5171772, -0.85587835), (-0.068881005, -0.7114291, -0.6993741), (-0.13709302, -0.71143603, -0.6892491), (-0.068881005, -0.7114291, -0.6993741), (-0.16697106, -0.51717913, -0.8394322), (-0.13709302, -0.71143603, -0.6892491), (-0.20399095, -0.71143585, -0.6724929), (-0.2689341, -0.71143025, -0.6492622), (-0.20399095, -0.71143585, -0.6724929), (-0.2689341, -0.71143025, -0.6492622), (-0.24842991, -0.5171858, -0.8190247), (-0.327533, -0.51718104, -0.790725), (-0.4034361, -0.5172121, -0.75480527), (-0.33125606, -0.7114331, -0.61978406), (-0.33125606, -0.7114331, -0.61978406), (-0.47548816, -0.5171771, -0.7116452), (-0.44582316, -0.71143025, -0.5432392), (-0.39043117, -0.7114313, -0.58431923), (-0.44582316, -0.71143025, -0.5432392), (-0.39043117, -0.7114313, -0.58431923), (-0.5429687, -0.5171798, -0.66159666), (-0.49691787, -0.7114389, -0.49691787), (-0.5429687, -0.5171798, -0.66159666), (-0.661597, -0.51718, -0.542968), (-0.6051967, -0.5171788, -0.6051967), (-0.6051967, -0.5171788, -0.6051967), (-0.65489334, -0.37713322, -0.65489334), (-0.5432399, -0.7114298, -0.44582286), (-0.58431923, -0.7114313, -0.39043117), (-0.661597, -0.51718, -0.542968), (-0.58431923, -0.7114313, -0.39043117), (-0.7548171, -0.5171901, -0.40344205), (-0.71161884, -0.51721084, -0.47549087), (-0.6492628, -0.7114298, -0.26893392), (-0.6197843, -0.71143335, -0.33125517), (-0.6492628, -0.7114298, -0.26893392), (-0.6197843, -0.71143335, -0.33125517), (-0.79072493, -0.517181, -0.32753298), (-0.8190247, -0.5171858, -0.24842991), (-0.6724929, -0.71143585, -0.20399095), (-0.6892491, -0.71143603, -0.13709302), (-0.6724929, -0.71143585, -0.20399095), (-0.6993741, -0.7114291, -0.068881005), (-0.6892491, -0.71143603, -0.13709302), (-0.6993741, -0.7114291, -0.068881005), (-0.8394322, -0.51717913, -0.16697106), (-0.85173756, -0.5172133, -0.08386706), (-0.85587835, -0.5171772, 1.1483641e-16), (-0.70274436, -0.71144235, 1.5797194e-16), (-0.699374, -0.71142906, 0.068882), (-0.70274436, -0.71144235, 1.5797194e-16), (-0.85175896, -0.517178, 0.08386699), (-0.699374, -0.71142906, 0.068882), (-0.6892491, -0.71143603, 0.13709302), (-0.6892491, -0.71143603, 0.13709302), (-0.81901187, -0.5172079, 0.24842599), (-0.8394322, -0.51717913, 0.16697106), (-0.6492628, -0.7114298, 0.26893392), (-0.6724929, -0.71143585, 0.20399095), (-0.6492628, -0.7114298, 0.26893392), (-0.6724929, -0.71143585, 0.20399095), (-0.6197841, -0.7114332, 0.3312561), (-0.6197841, -0.7114332, 0.3312561), (-0.7907207, -0.5172078, 0.32750088), (-0.58431923, -0.7114313, 0.39043117), (-0.7548171, -0.5171901, 0.40344205), (-0.7116452, -0.5171771, 0.47548816), (-0.58431923, -0.7114313, 0.39043117), (-0.5432399, -0.7114298, 0.44582286), (-0.6615972, -0.51721114, 0.5429382), (-0.49691787, -0.7114389, 0.49691787), (-0.5432399, -0.7114298, 0.44582286), (-0.6615972, -0.51721114, 0.5429382), (-0.6051871, -0.5172011, 0.6051871), (-0.5429598, -0.5172018, 0.66158676), (-0.6051871, -0.5172011, 0.6051871), (-0.5429598, -0.5172018, 0.66158676), (-0.6051871, -0.5172011, 0.6051871), (-0.44582286, -0.7114298, 0.5432399), (-0.44582286, -0.7114298, 0.5432399), (-0.47549823, -0.51718825, 0.71163034), (-0.33125606, -0.7114331, 0.61978406), (-0.39043117, -0.7114313, 0.58431923), (-0.33125606, -0.7114331, 0.61978406), (-0.39043117, -0.7114313, 0.58431923), (-0.40343586, -0.5172118, 0.7548056), (-0.26893392, -0.7114298, 0.6492628), (-0.26893392, -0.7114298, 0.6492628), (-0.20399095, -0.71143585, 0.6724929), (-0.32753316, -0.51718026, 0.7907254), (-0.13709302, -0.71143603, 0.6892491), (-0.20399095, -0.71143585, 0.6724929), (-0.16697106, -0.51717913, 0.8394322), (-0.24842599, -0.5172079, 0.81901187), (-0.068881005, -0.7114291, 0.6993741), (-0.068881005, -0.7114291, 0.6993741), (-0.13709302, -0.71143603, 0.6892491), (-0.08386699, -0.517178, 0.85175896), (0.69623744, -0.17466211, -0.69623744), (-0.69623697, -0.17466198, 0.696238), (0.69623697, -0.17466198, 0.696238), (0.57226014, 0.5873982, -0.57226014), (-0.5722701, 0.5874081, -0.5722401), (-0.5722701, 0.5874081, 0.5722401), (-0.6051967, -0.5171788, -0.6051967)] (
                interpolation = "vertex"
            )
            uniform token physics:approximation = "convexHull"
            point3f[] points = [(-0.0000123410555, 259.69858, -75.13896), (-11.132903, 259.69858, -113.03042), (0.0000123410555, 259.69858, -113.57735), (110.71778, 279.12296, -33.58586), (113.4766, 280.14285, -22.571901), (113.4766, 279.12296, -22.571901), (-81.81215, 279.123, 81.811966), (-89.43716, 280.14288, 73.39904), (-89.43716, 279.123, 73.39904), (115.14262, 279.12296, -11.340554), (115.14262, 280.14288, -11.340554), (-96.20084, 280.14288, 64.27924), (-96.20084, 279.123, 64.27924), (115.69974, 280.14288, 5.684342e-14), (115.69974, 279.12296, 5.684342e-14), (-102.03808, 280.14288, 54.540405), (-102.03808, 279.12296, 54.540405), (115.14262, 280.14288, 11.340566), (115.14262, 279.12296, 11.340566), (-106.89262, 280.14288, 44.276325), (-106.89262, 279.12296, 44.276325), (113.4766, 280.14288, 22.571915), (113.4766, 279.12296, 22.571915), (-110.71774, 280.14288, 33.58584), (-110.71774, 279.12296, 33.58584), (110.71773, 280.14288, 33.585888), (110.71773, 279.12296, 33.585888), (-113.47657, 280.14288, 22.57189), (-113.47657, 279.12296, 22.57189), (106.89259, 280.14288, 44.276386), (106.89259, 279.12296, 44.276386), (-115.14259, 280.14288, 11.340566), (-115.14259, 279.12296, 11.340566), (102.03807, 280.14288, 54.540504), (102.03807, 279.12296, 54.540504), (-115.699715, 280.14288, 0.00003702317), (-115.699715, 279.12296, 0.00003702317), (96.2008, 280.14288, 64.27935), (96.2008, 279.123, 64.27935), (-115.1426, 280.14288, -11.340492), (-115.1426, 279.12296, -11.340492), (89.43709, 280.14288, 73.399155), (89.43709, 279.123, 73.399155), (-113.4766, 280.14285, -22.571815), (-113.4766, 279.12296, -22.571815), (81.81204, 280.14288, 81.812096), (81.81204, 279.123, 81.812096), (-110.71776, 280.14285, -33.58575), (-110.71776, 279.12296, -33.58575), (81.81204, 279.123, 81.812096), (73.39909, 280.14288, 89.437126), (73.39909, 279.123, 89.437126), (-106.892654, 280.14285, -44.276253), (-106.892654, 279.12296, -44.276253), (64.279274, 280.14288, 96.200836), (64.279274, 279.123, 96.200836), (-102.03811, 280.14285, -54.540333), (-102.03811, 279.12296, -54.540333), (54.540432, 280.14288, 102.03807), (54.540432, 279.123, 102.03807), (0.0000123410555, 279.12292, -115.69977), (-11.340937, 280.14285, -115.14259), (0.0000123410555, 280.14285, -115.69977), (-96.200905, 280.14285, -64.279175), (-96.200905, 279.12292, -64.279175), (44.276325, 280.14288, 106.89263), (44.276325, 279.123, 106.89263), (11.340566, 279.12292, -115.14264), (22.571915, 280.14285, -113.4766), (22.571915, 279.12292, -113.4766), (-89.43722, 280.14285, -73.39897), (-89.43722, 279.12292, -73.39897), (33.5858, 280.14288, 110.71774), (33.5858, 279.123, 110.71774), (33.58586, 280.14285, -110.71778), (33.58586, 279.12292, -110.71778), (-81.81222, 280.14285, -81.81192), (-81.81222, 279.12292, -81.81192), (22.571827, 280.14288, 113.4766), (22.571827, 279.123, 113.4766), (44.2764, 280.14285, -106.89262), (44.2764, 279.12292, -106.89262), (-81.81222, 279.12292, -81.81192), (-73.39931, 280.14285, -89.43696), (-73.39931, 279.12292, -89.43696), (11.34048, 280.14288, 115.14259), (11.34048, 279.123, 115.14259), (54.540504, 280.14285, -102.03807), (54.540504, 279.12292, -102.03807), (-64.27956, 280.14285, -96.20065), (-64.27956, 279.12292, -96.20065), (-0.00007404633, 280.14288, 115.699715), (-0.00007404633, 279.123, 115.699715), (64.27935, 280.14285, -96.2008), (64.27935, 279.12292, -96.2008), (-54.540726, 280.14285, -102.03792), (-54.540726, 279.12292, -102.03792), (-11.34064, 280.14288, 115.14256), (-11.34064, 279.123, 115.14256), (73.39915, 280.14285, -89.43711), (73.39915, 279.12292, -89.43711), (-44.276657, 280.14285, -106.892494), (-44.276657, 279.12292, -106.892494), (-22.571987, 280.14288, 113.47656), (-22.571987, 279.123, 113.47656), (81.812065, 280.14285, -81.81209), (81.812065, 279.12292, -81.81209), (-33.58618, 280.14285, -110.71768), (-33.58618, 279.12292, -110.71768), (-33.58595, 280.14288, 110.717705), (-33.58595, 279.123, 110.717705), (81.812065, 279.12292, -81.81209), (89.43711, 280.14285, -73.39915), (89.43711, 279.12292, -73.39915), (-22.57226, 280.14285, -113.47655), (-22.57226, 279.12292, -113.47655), (-44.276447, 280.14288, 106.892555), (-44.276447, 279.123, 106.892555), (96.20082, 280.14285, -64.27935), (96.20082, 279.12292, -64.27935), (-11.340937, 279.12292, -115.14259), (-54.540554, 280.14288, 102.03798), (-54.540554, 279.123, 102.03798), (102.03807, 280.14285, -54.540504), (102.03807, 279.12296, -54.540504), (11.340566, 280.14285, -115.14264), (-64.27941, 280.14288, 96.20073), (-64.27941, 279.123, 96.20073), (106.89262, 280.14285, -44.276375), (106.89262, 279.12296, -44.276375), (-73.399216, 280.14288, 89.43702), (-73.399216, 279.123, 89.43702), (110.71778, 280.14285, -33.58586), (-81.81215, 280.14288, 81.811966), (-81.81215, 279.123, 81.811966), (66.26663, 259.6986, 35.420284), (94.43613, 259.6986, 63.100224), (62.47573, 259.6986, 41.74499), (-75.13896, 259.6986, 0.00003702317), (-113.03044, 259.69858, -11.132459), (-74.777145, 259.6986, -7.364858), (87.79649, 259.6986, 72.05274), (58.08318, 259.6986, 47.66767), (-73.695206, 259.6986, -14.658816), (-111.395004, 259.69858, -22.15776), (80.311295, 259.6986, 80.31135), (53.13123, 259.6986, 53.13128), (-108.68679, 259.69858, -32.96966), (-71.90353, 259.6986, -21.811605), (72.05268, 259.6986, 87.79652), (47.6676, 259.6986, 58.083214), (-69.41938, 259.69858, -28.75435), (-104.93186, 259.69858, -43.46406), (63.100163, 259.6986, 94.43615), (41.744915, 259.6986, 62.475773), (-100.16636, 259.69858, -53.539867), (-66.26669, 259.69858, -35.420162), (53.53994, 259.6986, 100.1663), (35.42021, 259.6986, 66.26664), (-62.47583, 259.69858, -41.744854), (-94.436226, 259.69858, -63.100063), (28.754375, 259.6986, 69.41936), (43.464123, 259.6986, 104.93184), (-87.796616, 259.69858, -72.05256), (-58.083275, 259.69858, -47.667522), (32.96971, 259.6986, 108.686775), (21.81163, 259.6986, 71.9035), (21.81168, 259.69858, -71.9035), (22.15786, 259.69858, -111.395004), (32.969772, 259.69858, -108.68679), (-53.13138, 259.69858, -53.131157), (-80.311485, 259.69858, -80.31117), (22.157772, 259.6986, 111.39502), (14.658816, 259.6986, 73.69518), (43.4642, 259.69858, -104.9318), (28.754436, 259.69858, -69.41935), (-72.0529, 259.69858, -87.79634), (-47.66777, 259.69858, -58.08308), (11.132459, 259.6986, 113.03046), (7.3648334, 259.6986, 74.77713), (53.540016, 259.69858, -100.16633), (35.42025, 259.69858, -66.26663), (-63.100433, 259.69858, -94.435974), (-41.745125, 259.69858, -62.47563), (-0.00007404633, 259.6986, 113.57736), (-0.00007404633, 259.6986, 75.13894), (63.100212, 259.69858, -94.43613), (41.744953, 259.69858, -62.475754), (-35.420433, 259.69858, -66.26653), (-53.540264, 259.69858, -100.166176), (-11.132607, 259.6986, 113.03043), (-7.3649817, 259.6986, 74.777115), (47.66765, 259.69858, -58.083202), (72.052734, 259.69858, -87.79652), (-43.46446, 259.69855, -104.93168), (-28.754635, 259.69858, -69.41925), (-14.658953, 259.6986, 73.69516), (-22.157932, 259.6986, 111.39498), (80.31134, 259.69858, -80.31134), (53.131256, 259.69858, -53.13128), (-21.811914, 259.69858, -71.903435), (-32.970093, 259.69858, -108.68669), (-21.811766, 259.6986, 71.90348), (-32.969856, 259.6986, 108.68674), (87.79649, 259.69858, -72.052734), (58.08318, 259.69858, -47.66765), (-22.158192, 259.69858, -111.39496), (-14.659125, 259.69858, -73.69513), (-43.46426, 259.6986, 104.93176), (-28.75451, 259.6986, 69.419304), (62.475754, 259.69858, -41.744976), (94.43613, 259.69858, -63.100212), (-7.3651667, 259.69858, -74.7771), (-53.540077, 259.6986, 100.16623), (-35.420322, 259.6986, 66.266594), (66.26663, 259.69858, -35.42026), (100.16633, 259.69858, -53.540016), (-63.100285, 259.6986, 94.43604), (-41.745026, 259.6986, 62.475704), (104.9318, 259.69858, -43.464184), (69.41933, 259.69858, -28.754436), (-11.138481, 282.75012, -113.087036), (-0.0000123410555, 293.58017, -67.74578), (0.0000123410555, 282.75012, -113.63427), (-72.0528, 259.6986, 87.7964), (-47.66772, 259.6986, 58.08314), (71.9035, 259.6986, -21.81168), (108.68679, 259.69858, -32.969772), (7.364895, 259.69858, -74.777145), (11.132545, 259.69855, -113.03047), (-80.31141, 259.6986, 80.311226), (-53.13133, 259.6986, 53.131207), (111.395004, 259.69858, -22.157846), (73.69515, 259.6986, -14.658878), (-87.79655, 259.6986, 72.05262), (-58.083252, 259.6986, 47.667587), (113.03044, 259.69858, -11.132521), (74.77712, 259.6986, -7.364895), (-94.43616, 259.6986, 63.100124), (-62.475792, 259.6986, 41.744915), (113.57735, 259.69858, 0.0000123410555), (75.13894, 259.6986, 0.0000123410555), (-66.26667, 259.6986, 35.42021), (-100.16632, 259.6986, 53.53993), (113.03044, 259.6986, 11.132545), (74.77712, 259.6986, 7.3649197), (-69.419365, 259.6986, 28.754412), (-104.93181, 259.6986, 43.464134), (73.69515, 259.6986, 14.658903), (111.395004, 259.6986, 22.15786), (-108.68676, 259.6986, 32.969746), (-71.90353, 259.6986, 21.81168), (108.68674, 259.6986, 32.969795), (71.90348, 259.6986, 21.811705), (-111.39498, 259.6986, 22.157846), (-73.69518, 259.6986, 14.658891), (104.9318, 259.6986, 43.4642), (69.41933, 259.6986, 28.75445), (-113.03044, 259.6986, 11.132545), (-74.77714, 259.6986, 7.3649197), (100.166275, 259.6986, 53.540016), (-113.57735, 259.69858, 0.00003702317), (72.08877, 282.75018, 87.84049), (47.90346, 293.58017, 47.90351), (42.977417, 293.58017, 52.368206), (-108.74121, 282.75015, -32.986183), (-62.588966, 293.58017, -25.925102), (-104.9844, 282.75015, -43.485832), (63.13178, 282.75018, 94.48346), (37.637493, 293.58017, 56.328564), (-100.216515, 282.75015, -53.566696), (-59.746475, 293.58017, -31.935047), (53.566772, 282.75018, 100.21648), (31.935085, 293.5802, 59.746437), (-56.328625, 293.58017, -37.637444), (-94.48351, 282.75012, -63.131657), (25.925127, 293.5802, 62.58894), (43.485893, 282.75018, 104.9844), (-52.36827, 293.58017, -42.977367), (-87.840576, 282.75012, -72.08867), (32.986233, 282.75018, 108.74121), (19.665508, 293.5802, 64.82866), (-2.4569683, 299.99994, 12.351755), (12.35173, 299.99994, 2.4569561), (2.456882, 299.99994, -12.351768), (-47.903595, 293.58017, -47.903385), (-80.35171, 282.75012, -80.3514), (13.21648, 293.5802, 66.444046), (22.16888, 282.75018, 111.45081), (32.986298, 282.75012, -108.741234), (25.925177, 293.58017, -62.58892), (43.485966, 282.75012, -104.984375), (-42.977577, 293.58017, -52.368084), (-72.08899, 282.75012, -87.840324), (11.138037, 282.75018, 113.087074), (6.640179, 293.5802, 67.41954), (31.935122, 293.58017, -59.746456), (53.566845, 282.75012, -100.21648), (-37.637676, 293.58017, -56.328453), (-63.132034, 282.75012, -94.48327), (-0.00007404633, 282.75018, 113.63424), (-0.00006170528, 293.5802, 67.74574), (63.13183, 282.75012, -94.483444), (37.637516, 293.58017, -56.328526), (-31.935307, 293.58017, -59.746357), (-53.567066, 282.75012, -100.216354), (-6.6403146, 293.5802, 67.419525), (-11.1381855, 282.75018, 113.08705), (42.977444, 293.58017, -52.368183), (72.08882, 282.75012, -87.84048), (-43.486225, 282.75012, -104.984245), (-25.925373, 293.58017, -62.58887), (-13.216617, 293.5802, 66.44402), (-22.169027, 282.75018, 111.450775), (47.903484, 293.58017, -47.903484), (80.35158, 282.75012, -80.35158), (-19.665768, 293.58017, -64.8286), (-32.986603, 282.75012, -108.741135), (-19.665632, 293.5802, 64.828636), (-32.98637, 282.75018, 108.74117), (87.84048, 282.75012, -72.08882), (52.368183, 293.58017, -42.977467), (-13.216777, 293.58017, -66.44402), (-22.1693, 282.75012, -111.45077), (-43.48603, 282.75018, 104.98431), (-25.925251, 293.5802, 62.58889), (56.328526, 293.58017, -37.637543), (94.483444, 282.75012, -63.13183), (-6.6404877, 293.58017, -67.41953), (-53.566906, 282.75018, 100.2164), (-31.935196, 293.5802, 59.746387), (59.746407, 293.58017, -31.935146), (100.21648, 282.75015, -53.566845), (-37.637604, 293.58017, 56.328503), (-63.131897, 282.75015, 94.48335), (62.588898, 293.58017, -25.925188), (104.984375, 282.75015, -43.485954), (-72.0889, 282.75018, 87.84038), (-42.977528, 293.58017, 52.368134), (64.82865, 293.58017, -19.665558), (108.741234, 282.75015, -32.986282), (22.168953, 282.75012, -111.450836), (19.665546, 293.58017, -64.82865), (-47.90356, 293.58017, 47.903435), (-80.35164, 282.75018, 80.351456), (111.450836, 282.75015, -22.168953), (66.444046, 293.58017, -13.216542), (-87.84053, 282.75018, 72.088715), (-52.368233, 293.58017, 42.977406), (113.08709, 282.75015, -11.138099), (67.41953, 293.58017, -6.6402407), (-56.328575, 293.5802, 37.637478), (-94.483475, 282.75018, 63.13173), (67.74576, 293.58017, 5.684342e-14), (113.63427, 282.75015, 5.684342e-14), (-59.746456, 293.5802, 31.935097), (-100.2165, 282.75015, 53.566746), (113.08709, 282.75015, 11.138111), (67.41953, 293.58017, 6.640253), (-62.58895, 293.58017, 25.925152), (-104.984375, 282.75015, 43.485905), (66.444046, 293.58017, 13.216555), (111.450836, 282.75015, 22.168953), (-108.74121, 282.75015, 32.98626), (-64.82867, 293.58017, 19.665546), (108.74121, 282.75015, 32.98631), (64.82865, 293.58017, 19.665571), (-111.450775, 282.75015, 22.168941), (-66.44404, 293.58017, 13.216542), (104.984375, 282.75015, 43.485966), (62.588898, 293.58017, 25.925201), (-67.41955, 293.58017, 6.640253), (-113.08705, 282.75015, 11.1381235), (100.21648, 282.75015, 53.566833), (59.746407, 293.58017, 31.935146), (-67.74577, 293.58017, 0.000024682111), (-113.63423, 282.75015, 0.00003702317), (56.328526, 293.58017, 37.637554), (94.48341, 282.75018, 63.13183), (-67.41957, 293.58017, -6.6402035), (-113.08707, 282.75015, -11.138037), (52.368156, 293.58017, 42.977467), (87.84048, 282.75018, 72.08883), (-66.44406, 293.58017, -13.216493), (-111.45081, 282.75015, -22.168856), (80.351524, 282.75018, 80.351585), (-64.828674, 293.58017, -19.665497), (6.6402283, 293.58017, -67.419556), (11.1381235, 282.75012, -113.08711), (4.9400873, 296.79007, -50.157677), (-0.0000123410555, 296.79007, -50.400375), (2.961409, 299.1399, -30.067846), (0, 299.1399, -30.213324), (1.2344017, 299.99994, -12.533107), (9.832613, 296.79007, -49.43195), (13.21653, 293.58017, -66.44407), (5.894298, 299.1399, -29.6328), (14.630432, 296.79007, -48.230152), (8.770418, 299.1399, -28.912354), (3.655717, 299.99994, -12.051473), (19.287367, 296.79007, -46.56386), (11.562125, 299.1399, -27.913467), (4.819404, 299.99994, -11.6350975), (23.758556, 296.79007, -44.44916), (14.242442, 299.1399, -26.645782), (5.9366155, 299.99994, -11.106703), (28.000917, 296.79007, -41.906376), (16.7856, 299.1399, -25.121452), (6.9966874, 299.99994, -10.471312), (31.973639, 296.79007, -38.960022), (19.167116, 299.1399, -23.355213), (7.989377, 299.99994, -9.735093), (35.638428, 296.79007, -35.63845), (21.364021, 299.1399, -21.364046), (8.905108, 299.99994, -8.905121), (38.959984, 296.79007, -31.973663), (23.355188, 299.1399, -19.167128), (9.735069, 299.99994, -7.9893894), (41.90636, 296.79007, -28.000954), (25.121452, 299.1399, -16.785625), (10.471312, 299.99994, -6.9967), (44.44914, 296.79007, -23.758581), (26.645746, 299.1399, -14.242479), (11.106654, 299.99994, -5.936677), (46.56386, 296.79007, -19.287392), (27.913456, 299.1399, -11.562138), (11.635085, 299.99994, -4.819404), (48.23013, 296.79007, -14.630457), (28.912329, 299.1399, -8.770479), (12.051435, 299.99994, -3.6557908), (49.431927, 296.79007, -9.832624), (29.632763, 299.1399, -5.894335), (12.35173, 299.99994, -2.4569438), (50.157654, 296.7901, -4.9400997), (30.06781, 299.1399, -2.9614215), (12.533082, 299.99994, -1.2344017), (50.400352, 296.79007, 0.0000123410555), (30.213299, 299.1399, 0.0000123410555), (12.593726, 299.99994, 0.0000123410555), (50.157654, 296.79007, 4.940112), (30.067822, 299.1399, 2.9614336), (12.533082, 299.99994, 1.2344017), (49.431927, 296.79007, 9.832637), (29.63275, 299.1399, 5.894347), (48.23013, 296.79007, 14.630469), (28.912329, 299.1399, 8.770467), (12.051448, 299.99994, 3.6557662), (46.56384, 296.7901, 19.287392), (27.913443, 299.1399, 11.562125), (11.6350975, 299.99994, 4.81938), (44.449123, 296.7901, 23.758581), (26.645733, 299.1399, 14.242479), (11.106654, 299.99994, 5.9366646), (41.90635, 296.7901, 28.000954), (25.121428, 299.1399, 16.785637), (10.471287, 299.99994, 6.9967365), (38.959984, 296.7901, 31.973663), (23.3552, 299.1399, 19.167128), (9.735093, 299.99994, 7.989377), (35.6384, 296.7901, 35.638462), (21.364008, 299.1399, 21.36407), (8.905084, 299.99994, 8.905146), (31.973614, 296.7901, 38.960022), (19.167091, 299.1399, 23.355225), (7.9893527, 299.99994, 9.735118), (28.000904, 296.7901, 41.906387), (16.7856, 299.1399, 25.121466), (6.9967, 299.99994, 10.471312), (23.758518, 296.7901, 44.44916), (14.242417, 299.1399, 26.645782), (5.936603, 299.99994, 11.106715), (19.287342, 296.7901, 46.56389), (11.5621, 299.1399, 27.913492), (4.81938, 299.99994, 11.635122), (14.630407, 296.7901, 48.230152), (8.770418, 299.1399, 28.912365), (3.6557415, 299.99994, 12.051473), (9.832576, 296.7901, 49.43194), (5.894298, 299.1399, 29.632788), (2.4569068, 299.99994, 12.351768), (4.9400506, 296.7901, 50.157677), (2.9613843, 299.1399, 30.067846), (1.234377, 299.99994, 12.533107), (-0.00006170528, 296.7901, 50.400352), (-0.000049364222, 299.1399, 30.213324), (-0.000049364222, 299.99994, 12.593751), (-4.9401617, 296.7901, 50.157665), (-2.961483, 299.1399, 30.067835), (-1.234451, 299.99994, 12.533107), (-9.832686, 296.7901, 49.431927), (-5.8943844, 299.1399, 29.632774), (-14.630519, 296.7901, 48.23013), (-8.770529, 299.1399, 28.91234), (-3.6558402, 299.99994, 12.05146), (-19.287441, 296.7901, 46.56385), (-11.562162, 299.1399, 27.91348), (-4.8193917, 299.99994, 11.635135), (-23.758629, 296.7901, 44.449123), (-14.242516, 299.1399, 26.645758), (-5.9366894, 299.99994, 11.106678), (-28.001003, 296.7901, 41.906338), (-16.785686, 299.1399, 25.121428), (-6.996786, 299.99994, 10.471287), (-31.973713, 296.7901, 38.959972), (-19.167177, 299.1399, 23.3552), (-7.9894266, 299.99994, 9.735093), (-35.6385, 296.7901, 35.6384), (-21.364096, 299.1399, 21.364033), (-8.905146, 299.99994, 8.905133), (-38.960056, 296.7901, 31.973614), (-23.35525, 299.1399, 19.167128), (-9.7351055, 299.99994, 7.989414), (-41.9064, 296.7901, 28.000904), (-25.12149, 299.1399, 16.7856), (-10.471349, 299.99994, 6.9967), (-44.44919, 296.7901, 23.758543), (-26.64582, 299.1399, 14.24243), (-11.10674, 299.99994, 5.9366155), (-46.5639, 296.7901, 19.287367), (-27.913517, 299.1399, 11.562113), (-11.635147, 299.99994, 4.81938), (-48.230152, 296.79007, 14.630445), (-28.912365, 299.1399, 8.770492), (-12.051473, 299.99994, 3.655828), (-49.43194, 296.7901, 9.832624), (-29.6328, 299.1399, 5.894335), (-12.35178, 299.99994, 2.456919), (-50.157692, 296.7901, 4.9400997), (-30.067858, 299.1399, 2.961409), (-12.533132, 299.99994, 1.2343647), (-50.40039, 296.79007, 0.000024682111), (-30.21336, 299.1399, 0.0000123410555), (-12.593776, 299.99994, 5.684342e-14), (-50.157703, 296.79007, -4.940063), (-30.067871, 299.1399, -2.9613967), (-12.533132, 299.99994, -1.2343894), (-49.43196, 296.79007, -9.832588), (-29.632812, 299.1399, -5.894298), (-12.351792, 299.99994, -2.4569068), (-48.23018, 296.7901, -14.630407), (-28.912378, 299.1399, -8.770431), (-12.051497, 299.99994, -3.6557539), (-46.5639, 296.79007, -19.287329), (-27.913517, 299.1399, -11.562088), (-11.635147, 299.99994, -4.81938), (-44.4492, 296.79007, -23.758507), (-26.645807, 299.1399, -14.24243), (-11.106728, 299.99994, -5.9366403), (-41.906437, 296.79007, -28.00088), (-25.121502, 299.1399, -16.7856), (-10.471336, 299.99994, -6.9967246), (-38.960083, 296.79007, -31.973589), (-23.355274, 299.1399, -19.167091), (-9.735155, 299.99994, -7.9893646), (-35.638523, 296.79007, -35.638363), (-21.364119, 299.1399, -21.363997), (-8.9051695, 299.99994, -8.905108), (-31.973763, 296.79007, -38.959946), (-19.167213, 299.1399, -23.355164), (-7.9894633, 299.99994, -9.735057), (-28.001064, 296.79007, -41.9063), (-16.785686, 299.1399, -25.121428), (-6.9967246, 299.99994, -10.471324), (-23.758703, 296.79007, -44.4491), (-14.242565, 299.1399, -26.645746), (-5.9367266, 299.99994, -11.106667), (-19.287527, 296.79007, -46.563816), (-11.562223, 299.1399, -27.913456), (-4.819429, 299.99994, -11.63511), (-14.630617, 296.79007, -48.230103), (-8.770566, 299.1399, -28.912329), (-3.6558156, 299.99994, -12.051473), (-9.83281, 296.79007, -49.431927), (-5.8944583, 299.1399, -29.632763), (-2.4570177, 299.99994, -12.351755), (-4.940297, 296.79007, -50.157654), (-2.9615817, 299.1399, -30.067822), (-1.2345375, 299.99994, -12.533094), (0.000024682111, 299.99994, -12.593751), (11.310108, 261.06903, -114.833374), (0.0000123410555, 261.8184, -115.69974), (11.340566, 261.8184, -115.14262), (0.0000123410555, 261.06906, -115.38897), (-11.340937, 261.8184, -115.14256), (22.511282, 261.06906, -113.1718), (33.58586, 261.8184, -110.71776), (33.495663, 261.06906, -110.42036), (22.304224, 260.00897, -112.13083), (44.2764, 261.8184, -106.89259), (44.15747, 261.06906, -106.60549), (33.187565, 260.00897, -109.40472), (54.540504, 261.8184, -102.03807), (54.393993, 261.06906, -101.764), (43.751312, 260.00897, -105.62492), (64.27935, 261.8184, -96.2008), (64.1067, 261.06906, -95.94243), (53.893684, 260.00897, -100.82796), (73.39915, 261.8184, -89.43711), (73.202, 261.06906, -89.19691), (63.517044, 260.00897, -95.059944), (81.812065, 261.8184, -81.81209), (81.59235, 261.06906, -81.59235), (72.52868, 260.00897, -88.37647), (89.19688, 261.06906, -73.202), (81.812065, 261.8184, -81.81209), (89.43711, 261.8184, -73.39915), (80.841835, 260.00897, -80.84186), (95.94243, 261.06906, -64.1067), (96.20082, 261.8184, -64.27935), (88.37644, 260.00897, -72.52868), (102.03807, 261.8184, -54.540504), (101.76402, 261.06906, -54.393993), (95.059944, 260.00897, -63.517044), (106.89262, 261.8184, -44.276375), (106.605515, 261.06906, -44.157455), (100.82798, 260.00897, -53.893684), (110.42039, 261.06906, -33.495663), (110.71778, 261.8184, -33.58586), (105.62495, 260.00897, -43.75129), (113.4766, 261.8184, -22.571901), (113.17182, 261.06906, -22.51127), (109.40474, 260.00897, -33.187553), (114.83335, 261.06906, -11.310096), (115.14262, 261.8184, -11.340554), (112.13085, 260.00897, -22.304213), (115.69974, 261.8184, 0.0000123410555), (115.38897, 261.06906, 0.0000123410555), (113.7771, 260.00897, -11.206061), (115.14262, 261.8184, 11.340566), (114.83335, 261.06906, 11.310108), (114.327614, 260.00897, 0.0000123410555), (113.4766, 261.8184, 22.571915), (113.17182, 261.06906, 22.511282), (113.7771, 260.00897, 11.206074), (110.71773, 261.8184, 33.585888), (110.42036, 261.06906, 33.495674), (112.13085, 260.00897, 22.304224), (106.89259, 261.8184, 44.276386), (106.60549, 261.06906, 44.15747), (109.40469, 260.00897, 33.18758), (101.764, 261.06906, 54.394016), (102.03807, 261.8184, 54.540504), (105.62492, 260.00897, 43.7513), (96.2008, 261.8184, 64.27935), (95.94243, 261.0691, 64.1067), (100.82796, 260.00897, 53.893684), (89.43709, 261.8184, 73.399155), (89.19688, 261.0691, 73.20202), (95.05991, 260.00897, 63.517036), (81.59229, 261.0691, 81.59236), (81.81204, 261.8184, 81.812096), (88.37642, 260.00897, 72.528694), (73.20196, 261.0691, 89.19691), (81.81204, 261.8184, 81.812096), (73.39909, 261.8184, 89.437126), (80.84181, 260.00897, 80.84186), (64.279274, 261.8184, 96.200836), (64.10665, 261.0691, 95.94245), (72.52863, 260.00897, 88.376465), (54.540432, 261.8184, 102.03807), (54.393944, 261.0691, 101.76399), (63.516968, 260.00897, 95.059944), (44.157394, 261.0691, 106.605545), (44.276325, 261.8184, 106.89265), (53.893612, 260.00897, 100.82794), (33.495598, 261.0691, 110.42037), (33.5858, 261.8184, 110.71776), (43.751225, 260.009, 105.62497), (22.511208, 261.0691, 113.17182), (22.571827, 261.8184, 113.47661), (33.187492, 260.009, 109.40472), (11.34048, 261.8184, 115.1426), (11.310022, 261.0691, 114.833336), (22.304138, 260.009, 112.13085), (-0.00007404633, 261.8184, 115.69973), (-0.00007404633, 261.0691, 115.388954), (11.205987, 260.009, 113.77709), (-11.34064, 261.8184, 115.14258), (-11.310183, 261.0691, 114.83332), (-0.00007404633, 260.009, 114.32759), (-22.511356, 261.0691, 113.17176), (-22.571987, 261.8184, 113.47657), (-11.206147, 260.009, 113.77708), (-33.495735, 261.0691, 110.420334), (-33.58595, 261.8184, 110.71772), (-22.304298, 260.009, 112.130806), (-44.276447, 261.8184, 106.89257), (-44.15753, 261.0691, 106.60545), (-33.18764, 260.009, 109.40468), (-54.540554, 261.8184, 102.03798), (-54.394066, 261.0691, 101.76391), (-43.75136, 260.009, 105.6249), (-64.27941, 261.8184, 96.20073), (-64.10676, 261.0691, 95.942345), (-53.893734, 260.00897, 100.82787), (-73.20207, 261.0691, 89.1968), (-73.399216, 261.8184, 89.43702), (-63.517105, 260.00897, 95.05985), (-81.81215, 261.8184, 81.811966), (-81.59241, 261.06906, 81.59223), (-72.52875, 260.009, 88.37636), (-81.59241, 261.06906, 81.59223), (-89.43716, 261.8184, 73.39904), (-89.19694, 261.06906, 73.20189), (-80.84191, 260.00897, 80.84173), (-96.20084, 261.8184, 64.27924), (-95.94246, 261.06906, 64.10659), (-88.37649, 260.00897, 72.528564), (-102.03808, 261.8184, 54.540405), (-101.764015, 261.06906, 54.393917), (-95.05995, 260.00897, 63.516933), (-106.89262, 261.8184, 44.276325), (-106.605515, 261.06906, 44.157394), (-100.82796, 260.00897, 53.893585), (-110.71774, 261.8184, 33.58584), (-110.42036, 261.06906, 33.495625), (-105.62493, 260.00897, 43.75124), (-113.47657, 261.8184, 22.57189), (-113.171776, 261.06906, 22.51127), (-109.40469, 260.00897, 33.18753), (-115.14259, 261.8184, 11.340578), (-114.83332, 261.06906, 11.310108), (-112.13079, 260.00897, 22.304213), (-115.699715, 261.8184, 0.00003702317), (-115.388954, 261.06906, 0.00003702317), (-113.77706, 260.00897, 11.206085), (-115.1426, 261.8184, -11.340492), (-114.83335, 261.06906, -11.310035), (-114.32759, 260.00897, 0.00003702317), (-113.4766, 261.8184, -22.571815), (-113.1718, 261.06906, -22.511183), (-113.77709, 260.00897, -11.205999), (-110.71776, 261.8184, -33.58575), (-110.42039, 261.06906, -33.495537), (-112.13083, 260.00897, -22.304125), (-106.60555, 261.06906, -44.157333), (-106.892654, 261.8184, -44.276253), (-109.40472, 260.00897, -33.187443), (-102.03811, 261.8184, -54.540333), (-101.76404, 261.06906, -54.393845), (-105.624985, 260.00897, -43.751163), (-96.200905, 261.8184, -64.279175), (-95.94253, 261.06906, -64.10655), (-100.82799, 260.00897, -53.893513), (-89.19701, 261.06906, -73.201836), (-89.43722, 261.8184, -73.39897), (-95.06003, 260.00897, -63.51687), (-81.81222, 261.8184, -81.81192), (-81.59248, 261.06906, -81.59217), (-88.37656, 260.00897, -72.528534), (-73.20216, 261.06906, -89.19673), (-81.81222, 261.8184, -81.81192), (-73.39931, 261.8184, -89.43696), (-80.84198, 260.00897, -80.84167), (-64.27956, 261.8184, -96.20065), (-64.10691, 261.06906, -95.942276), (-72.52884, 260.00897, -88.376274), (-54.540726, 261.8184, -102.03792), (-54.394238, 261.06906, -101.76388), (-63.517235, 260.00897, -95.05977), (-44.157726, 261.06903, -106.60539), (-44.276657, 261.8184, -106.892494), (-53.89392, 260.00897, -100.82783), (-33.495968, 261.06906, -110.42026), (-33.58618, 261.8184, -110.71766), (-43.75156, 260.00897, -105.6248), (-22.57226, 261.8184, -113.47655), (-22.511627, 261.06906, -113.171745), (-33.187874, 260.00897, -109.40462), (-11.310478, 261.06906, -114.83332), (-22.304558, 260.00897, -112.13078), (-11.309146, 281.02313, -114.81975), (0.0000123410555, 281.02313, -115.37537), (-11.206444, 260.00897, -113.77708), (11.206074, 260.00897, -113.7771), (22.571915, 261.8184, -113.4766), (0.0000123410555, 282.2324, -114.41738), (11.214872, 282.2324, -113.866455), (33.21362, 282.2324, -109.49063), (22.508629, 281.02313, -113.15845), (43.785656, 282.2324, -105.7079), (33.4917, 281.02313, -110.40735), (53.93599, 282.2324, -100.907135), (44.15225, 281.02313, -106.592926), (63.566902, 282.2324, -95.13458), (54.387573, 281.02313, -101.752), (72.58565, 282.2324, -88.445854), (64.09912, 281.02313, -95.9311), (80.90532, 282.2324, -80.90534), (73.19337, 281.02313, -89.18636), (88.44582, 282.2324, -72.58565), (81.58272, 281.02313, -81.58272), (95.13458, 282.2324, -63.566925), (81.58272, 281.02313, -81.58272), (89.18636, 281.02313, -73.19337), (100.907135, 282.2324, -53.93599), (95.93112, 281.02313, -64.09912), (105.7079, 282.2324, -43.785645), (101.752, 281.02313, -54.387573), (109.49063, 282.23242, -33.21362), (106.592926, 281.02313, -44.15225), (112.218895, 282.2324, -22.321724), (110.407326, 281.02313, -33.4917), (113.866425, 282.23242, -11.21486), (113.15845, 281.02313, -22.508617), (114.41738, 282.2324, 5.684342e-14), (114.8198, 281.02313, -11.3087635), (113.866425, 282.23242, 11.214872), (115.37534, 281.02313, 5.684342e-14), (112.218895, 282.23242, 22.321735), (114.8198, 281.02316, 11.3087635), (109.49061, 282.23242, 33.21363), (113.15845, 281.02316, 22.508629), (105.707855, 282.23242, 43.785645), (110.407326, 281.02316, 33.491726), (100.907135, 282.23242, 53.93599), (106.5929, 281.02316, 44.15225), (95.13455, 282.23242, 63.566914), (101.751976, 281.02316, 54.38759), (88.44582, 282.23242, 72.58563), (95.93107, 281.02316, 64.09914), (80.9053, 282.23242, 80.90533), (89.18634, 281.02316, 73.19337), (72.58557, 282.23242, 88.44585), (81.58267, 281.02316, 81.582726), (63.566853, 282.23242, 95.13459), (81.58267, 281.02316, 81.582726), (73.19332, 281.02316, 89.18638), (53.93594, 282.23242, 100.90711), (64.099075, 281.02316, 95.93112), (43.785583, 282.23242, 105.70789), (54.387524, 281.02316, 101.75198), (33.21356, 282.23242, 109.4906), (44.152187, 281.02316, 106.59296), (22.32165, 282.23242, 112.21887), (33.49164, 281.02316, 110.407326), (11.214787, 282.23242, 113.8664), (22.508543, 281.02316, 113.15845), (-0.00007404633, 282.23242, 114.41734), (11.308689, 281.02316, 114.81977), (-11.214947, 282.23242, 113.86638), (-0.00007404633, 281.02316, 115.37533), (-22.32181, 282.23242, 112.218834), (-11.308849, 281.02316, 114.81975), (-33.21369, 282.23242, 109.49056), (-22.508703, 281.02316, 113.15841), (-43.78572, 282.23242, 105.7078), (-33.491787, 281.02316, 110.40729), (-53.936066, 282.23242, 100.90704), (-44.15232, 281.02316, 106.592865), (-63.566967, 282.23242, 95.13448), (-54.38765, 281.02316, 101.75191), (-72.585686, 282.23242, 88.44573), (-64.09919, 281.02316, 95.931015), (-80.90538, 282.23242, 80.9052), (-73.19342, 281.02316, 89.186264), (-88.445885, 282.23242, 72.58551), (-81.58277, 281.02316, 81.582596), (-95.134605, 282.23242, 63.566795), (-81.81215, 280.14288, 81.811966), (-89.18641, 281.02316, 73.19325), (-100.90714, 282.23242, 53.935905), (-95.93113, 281.02316, 64.09903), (-105.70788, 282.23242, 43.785583), (-101.752, 281.02316, 54.3875), (-109.49061, 282.23242, 33.21358), (-106.592926, 281.02316, 44.152187), (-112.21885, 282.23242, 22.32171), (-110.40734, 281.02316, 33.49166), (-113.86639, 282.23242, 11.214872), (-113.15842, 281.02316, 22.508604), (-114.41734, 282.23242, 0.00003702317), (-114.81977, 281.02316, 11.308776), (-113.8664, 282.23242, -11.214798), (-115.37533, 281.02316, 0.00003702317), (-112.21887, 282.23242, -22.321638), (-114.81977, 281.02316, -11.3087015), (-109.49061, 282.23242, -33.21351), (-113.15845, 281.02313, -22.50853), (-105.7079, 282.23242, -43.78551), (-110.40734, 281.02313, -33.49159), (-100.90716, 282.23242, -53.935844), (-106.592964, 281.02313, -44.15211), (-95.13466, 282.2324, -63.566753), (-101.75203, 281.02316, -54.38743), (-88.445946, 282.2324, -72.58547), (-95.93119, 281.02313, -64.098976), (-80.90544, 282.2324, -80.90514), (-89.18648, 281.02313, -73.1932), (-72.585785, 282.2324, -88.44568), (-81.58284, 281.02313, -81.58252), (-63.567104, 282.2324, -95.13441), (-81.58284, 281.02313, -81.58252), (-73.19352, 281.02313, -89.186195), (-53.936214, 282.2324, -100.90698), (-64.099335, 281.0231, -95.93092), (-43.785915, 282.2324, -105.707756), (-54.38782, 281.02313, -101.751854), (-33.21393, 282.2324, -109.49053), (-44.15252, 281.0231, -106.592804), (-22.32207, 282.2324, -112.21885), (-33.49202, 281.0231, -110.40726), (-11.215242, 282.2324, -113.8664), (-22.508974, 281.0231, -113.158394), (11.308776, 281.02313, -114.8198), (22.321735, 282.2324, -112.218895), (14.658878, 259.69858, -73.69518), (-81.81215, 262.83838, 81.811966), (-73.399216, 262.83838, 89.43702), (110.71778, 262.83835, -33.58586), (106.89262, 262.83835, -44.276375), (-64.27941, 262.83838, 96.20073), (102.03807, 262.83835, -54.540504), (-54.540554, 262.83838, 102.03798), (11.340566, 262.83832, -115.14262), (0.0000123410555, 262.83832, -115.69974), (96.20082, 262.83835, -64.27935), (-44.276447, 262.83838, 106.89257), (-11.340937, 262.83832, -115.14256), (-22.57226, 262.83832, -113.47655), (89.43711, 262.83835, -73.39915), (-33.58595, 262.83838, 110.71772), (-33.58618, 262.83832, -110.71766), (81.812065, 262.83835, -81.81209), (-22.571987, 262.83838, 113.47657), (-44.276657, 262.83832, -106.892494), (81.812065, 262.83835, -81.81209), (73.39915, 262.83835, -89.43711), (-11.34064, 262.83838, 115.14258), (-54.540726, 262.83835, -102.03792), (64.27935, 262.83835, -96.2008), (-0.00007404633, 262.83838, 115.69973), (-64.27956, 262.83835, -96.20065), (54.540504, 262.83835, -102.03807), (11.34048, 262.83838, 115.1426), (-73.39931, 262.83835, -89.43696), (44.2764, 262.83832, -106.89259), (22.571827, 262.83838, 113.47661), (-81.81222, 262.83835, -81.81192), (33.58586, 262.83832, -110.71776), (33.5858, 262.83838, 110.71776), (-81.81222, 262.83835, -81.81192), (-89.43722, 262.83835, -73.39897), (22.571915, 262.83832, -113.4766), (44.276325, 262.83838, 106.89265), (-96.200905, 262.83835, -64.279175), (54.540432, 262.83838, 102.03807), (-102.03811, 262.83835, -54.540333), (64.279274, 262.83838, 96.200836), (-106.892654, 262.83835, -44.276253), (73.39909, 262.83838, 89.437126), (-110.71776, 262.83835, -33.58575), (81.81204, 262.83838, 81.812096), (-113.4766, 262.83835, -22.571815), (81.81204, 262.83838, 81.812096), (89.43709, 262.83838, 73.399155), (-115.1426, 262.83835, -11.340492), (96.2008, 262.83838, 64.27935), (-115.699715, 262.83835, 0.00003702317), (102.03807, 262.83838, 54.540504), (-115.14259, 262.83835, 11.340578), (106.89259, 262.83838, 44.276386), (-113.47657, 262.83835, 22.57189), (110.71773, 262.83838, 33.585888), (-110.71774, 262.83838, 33.58584), (113.4766, 262.83835, 22.571915), (-106.89262, 262.83838, 44.276325), (115.14262, 262.83835, 11.340566), (-102.03808, 262.83838, 54.540405), (115.69974, 262.83835, 0.0000123410555), (-96.20084, 262.83838, 64.27924), (115.14262, 262.83835, -11.340554), (-89.43716, 262.83838, 73.39904), (113.4766, 262.83835, -22.571901), (-81.81215, 261.8184, 81.811966), (-81.81215, 262.83838, 81.811966), (0.0000123410555, 260.00897, -114.327614), (0.0000123410555, 260.64017, -115.16821), (0.0000123410555, 260.64017, -115.16821), (11.248169, 260.22943, -114.2044), (0.0000123410555, 260.22943, -114.757), (11.288474, 260.64017, -114.613655), (22.468224, 260.64017, -112.955284), (11.288474, 260.64017, -114.613655), (22.387983, 260.22943, -112.551956), (33.431572, 260.64017, -110.20913), (22.468224, 260.64017, -112.955284), (33.431572, 260.64017, -110.20913), (44.072994, 260.64017, -106.401566), (44.072994, 260.64017, -106.401566), (33.3122, 260.22943, -109.8156), (54.096077, 260.22943, -101.20663), (43.915623, 260.22943, -106.021614), (54.289932, 260.64017, -101.569305), (63.984055, 260.64017, -95.758865), (54.289932, 260.64017, -101.569305), (73.06196, 260.64017, -89.02625), (63.984055, 260.64017, -95.758865), (73.06196, 260.64017, -89.02625), (63.75557, 260.22943, -95.41695), (81.43626, 260.6402, -81.43626), (81.43626, 260.6402, -81.43626), (72.80107, 260.22943, -88.708374), (81.59235, 261.06906, -81.59235), (89.02623, 260.64017, -73.06196), (81.43626, 260.6402, -81.43626), (89.02623, 260.64017, -73.06196), (81.145454, 260.22943, -81.145454), (95.75889, 260.64017, -63.984055), (95.75889, 260.64017, -63.984055), (88.70834, 260.22943, -72.80107), (95.41695, 260.22943, -63.75557), (101.56933, 260.64017, -54.289932), (101.20665, 260.22943, -54.096077), (106.401566, 260.6402, -44.072983), (101.56933, 260.64017, -54.289932), (106.02166, 260.22946, -43.915607), (110.20913, 260.6402, -33.431572), (106.401566, 260.6402, -44.072983), (110.20913, 260.6402, -33.431572), (112.955315, 260.6402, -22.468212), (109.8156, 260.22946, -33.3122), (112.955315, 260.6402, -22.468212), (114.613655, 260.6402, -11.28845), (112.55198, 260.22946, -22.387983), (114.20442, 260.22946, -11.248144), (114.613655, 260.6402, -11.28845), (115.16821, 260.6402, 0.0000123410555), (114.757, 260.22946, 0.0000123410555), (115.16821, 260.6402, 0.0000123410555), (114.20442, 260.22946, 11.248169), (114.613655, 260.6402, 11.288474), (112.955315, 260.6402, 22.468224), (114.613655, 260.6402, 11.288474), (112.55198, 260.22946, 22.387995), (112.955315, 260.6402, 22.468224), (110.20911, 260.6402, 33.4316), (109.8156, 260.22946, 33.31221), (106.401566, 260.6402, 44.072994), (110.20911, 260.6402, 33.4316), (106.401566, 260.6402, 44.072994), (106.021614, 260.22946, 43.915623), (101.569305, 260.6402, 54.289944), (101.20663, 260.22946, 54.096092), (95.758865, 260.6402, 63.984055), (95.758865, 260.6402, 63.984055), (101.569305, 260.6402, 54.289944), (89.02623, 260.64023, 73.06199), (88.70834, 260.22946, 72.80109), (95.416916, 260.22946, 63.755585), (81.4362, 260.64023, 81.43627), (89.02623, 260.64023, 73.06199), (81.4362, 260.64023, 81.43627), (81.59229, 261.0691, 81.59236), (73.06191, 260.64023, 89.02626), (81.145424, 260.22946, 81.14548), (63.984005, 260.64023, 95.7589), (73.06191, 260.64023, 89.02626), (63.984005, 260.64023, 95.7589), (72.801025, 260.22946, 88.708374), (54.289883, 260.64023, 101.569305), (63.75552, 260.22946, 95.416985), (54.096004, 260.22946, 101.20662), (54.289883, 260.64023, 101.569305), (43.915546, 260.22946, 106.021675), (44.07292, 260.64023, 106.4016), (33.43151, 260.64023, 110.20912), (44.07292, 260.64023, 106.4016), (33.312138, 260.22946, 109.8156), (33.43151, 260.64023, 110.20912), (22.468138, 260.64023, 112.955315), (22.387909, 260.22946, 112.55198), (22.468138, 260.64023, 112.955315), (11.288388, 260.64023, 114.613655), (11.248082, 260.22946, 114.204384), (11.288388, 260.64023, 114.613655), (-0.00007404633, 260.64023, 115.16821), (-0.00007404633, 260.64023, 115.16821), (-11.24823, 260.22946, 114.204384), (-0.00007404633, 260.22946, 114.75697), (-11.288536, 260.64023, 114.613625), (-11.288536, 260.64023, 114.613625), (-22.388058, 260.22946, 112.55193), (-33.43166, 260.64023, 110.20911), (-22.468287, 260.64023, 112.95526), (-33.43166, 260.64023, 110.20911), (-22.468287, 260.64023, 112.95526), (-33.312286, 260.22946, 109.81559), (-44.073055, 260.64023, 106.40152), (-43.915684, 260.22946, 106.0216), (-44.073055, 260.64023, 106.40152), (-54.290005, 260.64023, 101.56922), (-54.096153, 260.22946, 101.20654), (-54.290005, 260.64023, 101.56922), (-63.75565, 260.22946, 95.41688), (-63.98412, 260.64023, 95.7588), (-73.06202, 260.64023, 89.02615), (-63.98412, 260.64023, 95.7588), (-72.80114, 260.22946, 88.70827), (-73.06202, 260.64023, 89.02615), (-81.14552, 260.22946, 81.14534), (-81.43632, 260.6402, 81.436134), (-89.0263, 260.6402, 73.06185), (-81.43632, 260.6402, 81.436134), (-89.0263, 260.6402, 73.06185), (-95.7589, 260.6402, 63.983948), (-88.708405, 260.22946, 72.80096), (-95.7589, 260.6402, 63.983948), (-101.56933, 260.6402, 54.28986), (-95.41697, 260.22946, 63.755478), (-106.401566, 260.6402, 44.07292), (-101.56933, 260.6402, 54.28986), (-106.02162, 260.22946, 43.915546), (-101.20664, 260.22946, 54.095993), (-110.20911, 260.6402, 33.43155), (-110.20911, 260.6402, 33.43155), (-106.401566, 260.6402, 44.07292), (-112.95526, 260.6402, 22.468199), (-112.95526, 260.6402, 22.468199), (-109.81559, 260.22946, 33.31216), (-114.61364, 260.6402, 11.288474), (-114.61364, 260.6402, 11.288474), (-112.55193, 260.22946, 22.38797), (-114.20438, 260.22946, 11.248169), (-115.16822, 260.6402, 0.00003702317), (-114.75697, 260.22946, 0.00003702317), (-114.613655, 260.6402, -11.288388), (-115.16822, 260.6402, 0.00003702317), (-114.613655, 260.6402, -11.288388), (-114.204384, 260.22946, -11.248082), (-112.9553, 260.6402, -22.468126), (-112.9553, 260.6402, -22.468126), (-110.209145, 260.6402, -33.43146), (-112.551956, 260.22943, -22.387896), (-106.4016, 260.6402, -44.072845), (-110.209145, 260.6402, -33.43146), (-106.4016, 260.6402, -44.072845), (-109.81561, 260.22946, -33.312088), (-101.20667, 260.22943, -54.095932), (-106.021675, 260.22946, -43.915474), (-95.75898, 260.6402, -63.983906), (-101.56935, 260.64017, -54.289783), (-101.56935, 260.64017, -54.289783), (-95.417046, 260.22943, -63.755424), (-95.75898, 260.6402, -63.983906), (-88.70847, 260.22943, -72.80093), (-89.02636, 260.6402, -73.06181), (-81.43639, 260.64017, -81.43608), (-89.02636, 260.6402, -73.06181), (-81.145584, 260.22943, -81.14528), (-81.59248, 261.06906, -81.59217), (-73.06212, 260.64017, -89.02608), (-81.43639, 260.64017, -81.43608), (-73.06212, 260.64017, -89.02608), (-72.80123, 260.22943, -88.7082), (-63.984264, 260.64017, -95.75872), (-63.75578, 260.22943, -95.416794), (-54.29018, 260.64017, -101.56918), (-63.984264, 260.64017, -95.75872), (-54.096325, 260.22943, -101.206505), (-54.29018, 260.64017, -101.56918), (-43.915882, 260.22943, -106.021515), (-33.431896, 260.64017, -110.20903), (-44.073254, 260.64017, -106.40142), (-44.073254, 260.64017, -106.40142), (-33.312508, 260.22943, -109.8155), (-22.468557, 260.64017, -112.955215), (-33.431896, 260.64017, -110.20903), (-22.388329, 260.22943, -112.55188), (-11.288845, 260.64017, -114.613625), (-22.468557, 260.64017, -112.955215), (-11.288845, 260.64017, -114.613625), (-11.248527, 260.22943, -114.20438), (0.0000123410555, 281.93643, -114.80494), (11.252871, 281.93643, -114.25214), (0.0000123410555, 281.4679, -115.17611), (0.0000123410555, 281.93643, -114.80494), (11.28924, 281.4679, -114.62153), (11.252871, 281.93643, -114.25214), (22.39735, 281.93643, -112.599), (22.469755, 281.4679, -112.96306), (22.39735, 281.93643, -112.599), (33.43387, 281.4679, -110.21668), (33.32612, 281.93643, -109.86151), (43.93397, 281.93643, -106.06594), (33.32612, 281.93643, -109.86151), (43.93397, 281.93643, -106.06594), (54.118687, 281.93643, -101.24893), (44.076004, 281.4679, -106.40885), (54.29366, 281.4679, -101.57626), (54.118687, 281.93643, -101.24893), (63.782227, 281.93643, -95.4568), (63.988422, 281.4679, -95.765434), (63.782227, 281.93643, -95.4568), (73.06697, 281.4679, -89.03235), (72.831505, 281.93646, -88.745415), (81.44183, 281.4679, -81.44183), (73.06697, 281.4679, -89.03235), (81.44183, 281.4679, -81.44183), (88.745415, 281.93646, -72.83148), (81.17937, 281.93646, -81.17937), (89.032326, 281.4679, -73.06695), (81.44183, 281.4679, -81.44183), (95.45683, 281.93646, -63.782227), (88.745415, 281.93646, -72.83148), (95.765434, 281.4679, -63.988445), (101.24893, 281.93646, -54.118687), (95.45683, 281.93646, -63.782227), (101.57626, 281.4679, -54.29366), (106.06594, 281.93646, -43.93396), (101.24893, 281.93646, -54.118687), (106.06594, 281.93646, -43.93396), (109.86148, 281.93646, -33.32612), (106.408875, 281.4679, -44.075993), (109.86148, 281.93646, -33.32612), (112.599, 281.93646, -22.397337), (110.21668, 281.4679, -33.43387), (114.252106, 281.93646, -11.252846), (112.599, 281.93646, -22.397337), (114.252106, 281.93646, -11.252846), (112.963036, 281.4679, -22.469755), (114.80494, 281.93646, 5.684342e-14), (114.6215, 281.4679, -11.2892275), (115.17611, 281.4679, 5.684342e-14), (114.80494, 281.93646, 5.684342e-14), (114.252106, 281.93646, 11.252858), (114.252106, 281.93646, 11.252858), (112.96306, 281.46793, 22.469755), (114.6215, 281.4679, 11.28924), (109.86148, 281.93646, 33.32613), (112.599, 281.93646, 22.39735), (109.86148, 281.93646, 33.32613), (112.599, 281.93646, 22.39735), (106.06592, 281.93646, 43.93396), (106.06592, 281.93646, 43.93396), (110.21668, 281.46793, 33.433895), (101.57626, 281.46793, 54.29366), (106.40883, 281.46793, 44.076004), (95.45678, 281.93646, 63.782223), (101.24891, 281.93646, 54.118687), (95.45678, 281.93646, 63.782223), (101.24891, 281.93646, 54.118687), (95.7654, 281.4679, 63.98844), (88.74539, 281.93646, 72.83149), (88.74539, 281.93646, 72.83149), (89.032326, 281.46793, 73.06696), (81.17931, 281.93646, 81.17937), (89.032326, 281.46793, 73.06696), (81.44179, 281.46793, 81.44183), (72.83143, 281.93646, 88.74544), (81.44179, 281.46793, 81.44183), (73.066895, 281.46793, 89.03236), (81.44179, 281.46793, 81.44183), (63.782154, 281.93646, 95.45684), (72.83143, 281.93646, 88.74544), (63.988373, 281.46793, 95.76546), (63.782154, 281.93646, 95.45684), (54.293587, 281.46793, 101.57626), (43.9339, 281.93646, 106.065956), (54.118614, 281.93646, 101.24891), (43.9339, 281.93646, 106.065956), (54.118614, 281.93646, 101.24891), (44.07593, 281.46793, 106.408875), (33.326057, 281.93646, 109.86147), (33.326057, 281.93646, 109.86147), (22.397263, 281.93646, 112.598976), (33.433807, 281.46793, 110.21667), (22.397263, 281.93646, 112.598976), (11.289153, 281.46793, 114.62149), (22.469667, 281.46793, 112.96303), (11.252771, 281.93646, 114.2521), (-0.00007404633, 281.93646, 114.8049), (11.252771, 281.93646, 114.2521), (-0.00007404633, 281.93646, 114.8049), (-11.289313, 281.46793, 114.62147), (-0.00007404633, 281.46793, 115.17609), (-11.252933, 281.93646, 114.252075), (-22.397411, 281.93646, 112.59894), (-11.252933, 281.93646, 114.252075), (-22.46983, 281.46793, 112.96299), (-22.397411, 281.93646, 112.59894), (-33.326195, 281.93646, 109.861435), (-43.934032, 281.93646, 106.06586), (-33.326195, 281.93646, 109.861435), (-43.934032, 281.93646, 106.06586), (-33.433945, 281.46793, 110.21664), (-44.07607, 281.46793, 106.40879), (-54.29372, 281.46793, 101.57618), (-54.118748, 281.93646, 101.248825), (-54.118748, 281.93646, 101.248825), (-63.988495, 281.46793, 95.76536), (-72.83155, 281.93646, 88.74533), (-63.782284, 281.93646, 95.45673), (-72.83155, 281.93646, 88.74533), (-63.782284, 281.93646, 95.45673), (-73.06703, 281.46793, 89.03226), (-81.17943, 281.93646, 81.179245), (-73.06703, 281.46793, 89.03226), (-89.032394, 281.46793, 73.06685), (-81.441895, 281.46793, 81.44171), (-81.441895, 281.46793, 81.44171), (-81.58277, 281.02316, 81.582596), (-88.74547, 281.93646, 72.831375), (-95.45683, 281.93646, 63.782112), (-89.032394, 281.46793, 73.06685), (-95.45683, 281.93646, 63.782112), (-101.57629, 281.46793, 54.29357), (-95.76546, 281.46793, 63.988323), (-106.06593, 281.93646, 43.933887), (-101.248924, 281.93646, 54.118603), (-106.06593, 281.93646, 43.933887), (-101.248924, 281.93646, 54.118603), (-106.40885, 281.46793, 44.07593), (-110.21666, 281.46793, 33.43383), (-109.86147, 281.93646, 33.326084), (-112.59896, 281.93646, 22.397326), (-109.86147, 281.93646, 33.326084), (-114.25208, 281.93646, 11.252871), (-112.59896, 281.93646, 22.397326), (-114.25208, 281.93646, 11.252871), (-112.96301, 281.46793, 22.469742), (-114.621475, 281.4679, 11.289252), (-115.176094, 281.46793, 0.00003702317), (-114.8049, 281.93646, 0.00003702317), (-114.2521, 281.93646, -11.252784), (-114.8049, 281.93646, 0.00003702317), (-114.62149, 281.4679, -11.289178), (-114.2521, 281.93646, -11.252784), (-112.59899, 281.93646, -22.397251), (-112.59899, 281.93646, -22.397251), (-110.21667, 281.4679, -33.433746), (-112.963036, 281.4679, -22.469656), (-106.065956, 281.93646, -43.93381), (-109.86147, 281.93646, -33.326008), (-106.065956, 281.93646, -43.93381), (-109.86147, 281.93646, -33.326008), (-101.248955, 281.93646, -54.118538), (-101.248955, 281.93646, -54.118538), (-106.40889, 281.4679, -44.07586), (-95.4569, 281.93646, -63.782055), (-101.5763, 281.4679, -54.29351), (-95.765526, 281.4679, -63.988274), (-95.4569, 281.93646, -63.782055), (-88.74553, 281.93646, -72.83133), (-89.032455, 281.4679, -73.066795), (-81.17948, 281.93646, -81.17917), (-88.74553, 281.93646, -72.83133), (-89.032455, 281.4679, -73.066795), (-81.44195, 281.4679, -81.441635), (-73.067116, 281.4679, -89.03217), (-81.44195, 281.4679, -81.441635), (-73.067116, 281.4679, -89.03217), (-81.44195, 281.4679, -81.441635), (-72.83165, 281.93646, -88.74525), (-72.83165, 281.93646, -88.74525), (-63.988644, 281.4679, -95.76526), (-54.118923, 281.93646, -101.24876), (-63.782417, 281.93646, -95.456635), (-54.118923, 281.93646, -101.24876), (-63.782417, 281.93646, -95.456635), (-54.29388, 281.4679, -101.57612), (-43.93422, 281.93646, -106.065796), (-43.93422, 281.93646, -106.065796), (-33.326427, 281.93646, -109.86138), (-44.07628, 281.4679, -106.40873), (-22.397682, 281.93646, -112.59895), (-33.326427, 281.93646, -109.86138), (-22.4701, 281.4679, -112.96296), (-33.434177, 281.4679, -110.21658), (-11.253228, 281.93643, -114.25208), (-11.253228, 281.93643, -114.25208), (-22.397682, 281.93646, -112.59895), (-11.28961, 281.4679, -114.621475), (81.81204, 280.14288, 81.812096), (-81.81222, 280.14285, -81.81192), (81.812065, 280.14285, -81.81209), (81.4362, 260.64023, 81.43627), (-81.43632, 260.6402, 81.436134), (-81.43639, 260.64017, -81.43608), (-81.441895, 281.46793, 81.44171)]
            texCoord2f[] primvars:st0 = [(0.574267, 0.869272), (0.615633, 0.857118), (0.616231, 0.869272), (0.861573, 0.610788), (0.862688, 0.598765), (0.861573, 0.598765), (0.919337, 0.995), (0.918223, 0.985816), (0.919337, 0.985816), (0.861573, 0.586504), (0.862688, 0.586504), (0.918223, 0.97586), (0.919337, 0.97586), (0.862688, 0.574123), (0.861573, 0.574123), (0.918223, 0.965228), (0.919337, 0.965228), (0.862688, 0.561743), (0.861573, 0.561743), (0.918223, 0.954023), (0.919337, 0.954023), (0.862688, 0.549482), (0.861573, 0.549482), (0.918223, 0.942352), (0.919337, 0.942352), (0.862688, 0.537458), (0.861573, 0.537458), (0.918223, 0.930328), (0.919337, 0.930328), (0.862688, 0.525787), (0.861573, 0.525787), (0.918223, 0.918067), (0.919337, 0.918067), (0.862688, 0.51458204), (0.861573, 0.51458204), (0.918223, 0.905687), (0.919337, 0.905687), (0.862688, 0.50395), (0.861573, 0.50395), (0.918223, 0.893306), (0.919337, 0.893306), (0.862688, 0.493994), (0.861573, 0.493994), (0.918223, 0.881045), (0.919337, 0.881045), (0.862688, 0.48481), (0.861573, 0.48481), (0.918223, 0.869022), (0.919337, 0.869022), (0.641399, 0.07853198), (0.632213, 0.07741803), (0.632213, 0.07853198), (0.918223, 0.857351), (0.919337, 0.857351), (0.622258, 0.07741803), (0.622258, 0.07853198), (0.918223, 0.846146), (0.919337, 0.846146), (0.611627, 0.07741803), (0.611627, 0.07853198), (0.740328, 0.08494198), (0.752707, 0.08605498), (0.740328, 0.08605498), (0.918223, 0.835514), (0.919337, 0.835514), (0.60042, 0.07741803), (0.60042, 0.07853198), (0.727946, 0.08494198), (0.715685, 0.08605498), (0.715685, 0.08494198), (0.918223, 0.825558), (0.919337, 0.825558), (0.58875, 0.07741803), (0.58875, 0.07853198), (0.703661, 0.08605498), (0.703661, 0.08494198), (0.918223, 0.816374), (0.919337, 0.816374), (0.576726, 0.07741803), (0.576726, 0.07853198), (0.691991, 0.08605498), (0.691991, 0.08494198), (0.829642, 0.08494198), (0.820458, 0.08605498), (0.820458, 0.08494198), (0.564465, 0.07741803), (0.564465, 0.07853198), (0.680786, 0.08605498), (0.680786, 0.08494198), (0.8105, 0.08605498), (0.8105, 0.08494198), (0.552085, 0.07741803), (0.552085, 0.07853198), (0.670153, 0.08605498), (0.670153, 0.08494198), (0.79987, 0.08605498), (0.79987, 0.08494198), (0.539704, 0.07741803), (0.539704, 0.07853198), (0.660198, 0.08605498), (0.660198, 0.08494198), (0.788663, 0.08605498), (0.788663, 0.08494198), (0.527442, 0.07741803), (0.527442, 0.07853198), (0.651014, 0.08605498), (0.651014, 0.08494198), (0.776992, 0.08605498), (0.776992, 0.08494198), (0.515419, 0.07741803), (0.515419, 0.07853198), (0.861573, 0.663437), (0.862688, 0.654252), (0.861573, 0.654252), (0.764969, 0.08605498), (0.764969, 0.08494198), (0.503748, 0.07741803), (0.503748, 0.07853198), (0.862688, 0.644296), (0.861573, 0.644296), (0.752707, 0.08494198), (0.492544, 0.07741803), (0.492544, 0.07853198), (0.862688, 0.633664), (0.861573, 0.633664), (0.727946, 0.08605498), (0.481911, 0.07741803), (0.481911, 0.07853198), (0.862688, 0.622459), (0.861573, 0.622459), (0.471956, 0.07741803), (0.471956, 0.07853198), (0.862688, 0.610788), (0.462772, 0.07741803), (0.462772, 0.07853198), (0.453572, 0.941615), (0.423353, 0.972367), (0.446667, 0.937476), (0.49224, 0.787244), (0.504393, 0.745878), (0.50028, 0.787639), (0.41358, 0.965119), (0.4402, 0.932681), (0.508242, 0.78882), (0.516429, 0.747663), (0.404564, 0.95694697), (0.434235, 0.927275), (0.528231, 0.75062), (0.516051, 0.790776), (0.396391, 0.947931), (0.42883, 0.92131), (0.523631, 0.793488), (0.539688, 0.754719), (0.389144, 0.938158), (0.424035, 0.914845), (0.550688, 0.759922), (0.530908, 0.79693), (0.382888, 0.927721), (0.419896, 0.90794003), (0.537812, 0.801068), (0.561124, 0.766177), (0.416456, 0.900663), (0.377687, 0.916721), (0.570899, 0.773426), (0.544276, 0.805863), (0.373586, 0.905265), (0.413743, 0.893084), (0.570736, 0.893084), (0.613848, 0.893462), (0.610891, 0.905265), (0.550241, 0.811269), (0.579913, 0.781597), (0.370631, 0.893462), (0.411788, 0.885275), (0.606792, 0.916722), (0.568024, 0.900663), (0.588085, 0.790613), (0.555647, 0.817234), (0.368844, 0.881425), (0.410606, 0.877312), (0.601589, 0.927721), (0.564581, 0.90794003), (0.595333, 0.800386), (0.560444, 0.823699), (0.368248, 0.869272), (0.41021, 0.869272), (0.595333, 0.938158), (0.560444, 0.914845), (0.564581, 0.830604), (0.601589, 0.81082296), (0.368844, 0.85711896), (0.410606, 0.861232), (0.555647, 0.92131), (0.588085, 0.947931), (0.606792, 0.821822), (0.568024, 0.83788097), (0.411788, 0.853269), (0.370631, 0.845083), (0.579915, 0.95694697), (0.550241, 0.927275), (0.570736, 0.84546), (0.610891, 0.833279), (0.413743, 0.84546), (0.373586, 0.833279), (0.570899, 0.965119), (0.544276, 0.932681), (0.613848, 0.845082), (0.572691, 0.853269), (0.377687, 0.821823), (0.416456, 0.83788097), (0.537812, 0.937476), (0.561124, 0.972367), (0.573873, 0.861232), (0.382888, 0.81082296), (0.419896, 0.830604), (0.530908, 0.941615), (0.550688, 0.978623), (0.389144, 0.800386), (0.424035, 0.8237), (0.539688, 0.983825), (0.523631, 0.945056), (0.006876, 0.52031696), (0.056374, 0.50815797), (0.006278, 0.50815797), (0.396394, 0.790613), (0.42883, 0.817234), (0.516051, 0.947768), (0.528231, 0.987924), (0.573873, 0.877312), (0.615633, 0.881425), (0.404564, 0.781597), (0.434235, 0.811269), (0.516429, 0.990881), (0.508242, 0.949724), (0.41358, 0.773426), (0.4402, 0.805863), (0.504393, 0.992666), (0.50028, 0.950905), (0.423353, 0.766177), (0.446667, 0.801068), (0.49224, 0.993263), (0.49224, 0.9513), (0.453572, 0.79693), (0.433791, 0.759922), (0.480086, 0.992666), (0.484199, 0.950905), (0.460848, 0.793488), (0.444789, 0.754719), (0.476235, 0.949724), (0.468051, 0.990881), (0.456245, 0.75062), (0.468428, 0.790776), (0.456245, 0.987924), (0.468428, 0.947768), (0.468051, 0.747663), (0.476235, 0.78882), (0.444789, 0.983825), (0.460848, 0.945056), (0.480086, 0.745878), (0.484199, 0.787639), (0.433791, 0.978623), (0.49224, 0.745281), (0.226226, 0.42945898), (0.182626, 0.455862), (0.1875, 0.46124), (0.094321, 0.62686896), (0.10203, 0.57648504), (0.082857, 0.62276804), (0.233479, 0.439237), (0.191824, 0.46706897), (0.071852, 0.617563), (0.095467, 0.573382), (0.239737, 0.44967902), (0.195555, 0.47329402), (0.089243, 0.569651), (0.061412, 0.611304), (0.198659, 0.479855), (0.244942, 0.460684), (0.083414, 0.565327), (0.051634, 0.604052), (0.249043, 0.472147), (0.201105, 0.48668897), (0.143816, 0.51084), (0.133013, 0.494673), (0.116848, 0.50547504), (0.078036, 0.560453), (0.042613, 0.595877), (0.202868, 0.493729), (0.252001, 0.48395598), (0.011621, 0.472147), (0.062003, 0.479855), (0.015722, 0.460684), (0.073161, 0.555076), (0.034438, 0.586856), (0.253788, 0.49599802), (0.203932, 0.500909), (0.065106, 0.47329402), (0.020925, 0.44967902), (0.068837, 0.549246), (0.027186, 0.577078), (0.254384, 0.50815797), (0.204288, 0.50815797), (0.027186, 0.439237), (0.068837, 0.46706897), (0.065106, 0.54302096), (0.020925, 0.56663597), (0.203932, 0.51540697), (0.253788, 0.52031696), (0.073161, 0.46124), (0.034436, 0.42945898), (0.015722, 0.55563104), (0.062005, 0.53646004), (0.202868, 0.522586), (0.252001, 0.532359), (0.078036, 0.455862), (0.042613, 0.420439), (0.059559, 0.52962697), (0.011621, 0.544169), (0.201105, 0.529626), (0.249043, 0.544168), (0.051632, 0.41226298), (0.083412, 0.450988), (0.057796, 0.522586), (0.008661, 0.53235996), (0.244942, 0.55563104), (0.198659, 0.53646004), (0.089243, 0.44666398), (0.061412, 0.405011), (0.056729, 0.51540697), (0.239737, 0.56663597), (0.195555, 0.54302096), (0.095467, 0.44293302), (0.071852, 0.39875197), (0.191824, 0.549246), (0.233479, 0.577078), (0.10203, 0.43983), (0.082857, 0.393547), (0.226226, 0.586856), (0.1875, 0.555076), (0.108862, 0.43738502), (0.094321, 0.38944602), (0.008661, 0.48395598), (0.059559, 0.48668897), (0.182626, 0.560453), (0.218051, 0.595877), (0.106129, 0.38648802), (0.115904, 0.43562102), (0.20903, 0.604052), (0.17725, 0.565327), (0.118171, 0.38470203), (0.123082, 0.434556), (0.171419, 0.569651), (0.199253, 0.611304), (0.130332, 0.4342), (0.130332, 0.384104), (0.165195, 0.573382), (0.18881, 0.617563), (0.14249, 0.38470203), (0.13758, 0.434556), (0.158634, 0.57648504), (0.177804, 0.62276804), (0.14476, 0.43562102), (0.154533, 0.38648802), (0.166343, 0.62686896), (0.151799, 0.57893), (0.166343, 0.38944602), (0.151799, 0.43738502), (0.154533, 0.629827), (0.14476, 0.58069396), (0.177804, 0.393547), (0.158634, 0.43983), (0.13758, 0.581759), (0.14249, 0.631613), (0.18881, 0.39875197), (0.165195, 0.44293302), (0.130332, 0.582115), (0.130332, 0.63221097), (0.171419, 0.44666398), (0.199253, 0.405011), (0.123082, 0.581759), (0.118171, 0.631613), (0.17725, 0.450988), (0.20903, 0.41226298), (0.115904, 0.58069396), (0.106131, 0.629827), (0.218051, 0.420439), (0.108862, 0.57893), (0.056729, 0.500908), (0.006876, 0.49599802), (0.075576, 0.502765), (0.075309, 0.50815797), (0.097507, 0.504925), (0.097348, 0.50815797), (0.116648, 0.50681), (0.076366, 0.497423), (0.057796, 0.493729), (0.097982, 0.501723), (0.07768, 0.492186), (0.098768, 0.49858302), (0.117174, 0.50416696), (0.079499, 0.48710197), (0.099858, 0.49553502), (0.117629, 0.502896), (0.081807, 0.482221), (0.101242, 0.49260902), (0.118205, 0.50167704), (0.084582, 0.477589), (0.102907, 0.489833), (0.118899, 0.50051904), (0.087799, 0.473252), (0.104834, 0.48723298), (0.119704, 0.49943602), (0.091426, 0.469252), (0.107008, 0.48483503), (0.12061, 0.49843597), (0.095426, 0.465625), (0.109408, 0.482661), (0.121609, 0.49752998), (0.099762, 0.46240902), (0.112007, 0.48073298), (0.122693, 0.49672598), (0.104394, 0.459633), (0.114784, 0.479069), (0.123851, 0.496033), (0.109276, 0.45732403), (0.11771, 0.47768497), (0.125071, 0.49545598), (0.114359, 0.455505), (0.120756, 0.47659397), (0.126339, 0.49500102), (0.119596, 0.454193), (0.123896, 0.47580802), (0.127649, 0.494673), (0.124939, 0.45340103), (0.127098, 0.47533298), (0.128984, 0.494475), (0.130332, 0.45313603), (0.130332, 0.475174), (0.130332, 0.49440902), (0.135725, 0.45340103), (0.133563, 0.47533298), (0.13168, 0.494475), (0.141066, 0.454193), (0.136765, 0.47580802), (0.146303, 0.455505), (0.139905, 0.47659397), (0.134322, 0.49500102), (0.151386, 0.45732403), (0.142954, 0.47768497), (0.135593, 0.49545598), (0.156268, 0.459633), (0.14588, 0.479069), (0.136811, 0.496033), (0.160899, 0.46240902), (0.148657, 0.48073298), (0.137969, 0.49672598), (0.165236, 0.465625), (0.151256, 0.482661), (0.139052, 0.49752998), (0.169238, 0.469252), (0.153654, 0.48483503), (0.140052, 0.49843597), (0.172863, 0.473252), (0.155828, 0.48723298), (0.14096, 0.49943602), (0.17608, 0.477589), (0.157757, 0.489833), (0.141762, 0.50051904), (0.178857, 0.482221), (0.159419, 0.49260902), (0.142457, 0.50167704), (0.181165, 0.48710197), (0.160803, 0.49553502), (0.143033, 0.502896), (0.182984, 0.492186), (0.161894, 0.49858302), (0.143487, 0.50416696), (0.184296, 0.497423), (0.162682, 0.501723), (0.143816, 0.50547504), (0.185088, 0.502765), (0.163155, 0.504925), (0.144013, 0.50681), (0.185353, 0.50815797), (0.163316, 0.50815797), (0.144081, 0.50815797), (0.185088, 0.513551), (0.163155, 0.51139104), (0.144013, 0.50950503), (0.184296, 0.518892), (0.162682, 0.514592), (0.182984, 0.52413), (0.161894, 0.517732), (0.143487, 0.512149), (0.181165, 0.529213), (0.160803, 0.52077997), (0.143033, 0.51341903), (0.178857, 0.534095), (0.159419, 0.52370596), (0.142457, 0.514639), (0.17608, 0.538726), (0.157757, 0.526482), (0.141762, 0.515796), (0.172863, 0.54306304), (0.155828, 0.529082), (0.14096, 0.51688004), (0.169238, 0.547064), (0.153654, 0.531481), (0.140052, 0.517879), (0.165236, 0.55069), (0.151256, 0.533654), (0.139052, 0.518785), (0.160899, 0.55390596), (0.148657, 0.535582), (0.137969, 0.519589), (0.156268, 0.556682), (0.14588, 0.537247), (0.136811, 0.520283), (0.151386, 0.55899096), (0.142954, 0.53863), (0.135593, 0.52085996), (0.146303, 0.56080997), (0.139905, 0.539721), (0.134322, 0.521314), (0.141066, 0.562122), (0.136765, 0.54050696), (0.133013, 0.52164197), (0.135725, 0.562914), (0.133563, 0.540982), (0.13168, 0.52184), (0.130332, 0.563179), (0.130332, 0.54114103), (0.130332, 0.521906), (0.124939, 0.562914), (0.127098, 0.540982), (0.128984, 0.52184), (0.119596, 0.562122), (0.123896, 0.54050696), (0.127649, 0.52164197), (0.114359, 0.56080997), (0.120756, 0.539721), (0.126339, 0.521314), (0.109276, 0.55899096), (0.11771, 0.53863), (0.125071, 0.52085996), (0.104394, 0.556682), (0.114784, 0.537247), (0.123851, 0.520283), (0.099762, 0.55390596), (0.112007, 0.535582), (0.122693, 0.519589), (0.095426, 0.55069), (0.109408, 0.533654), (0.121609, 0.518785), (0.091426, 0.547064), (0.107008, 0.531481), (0.12061, 0.517879), (0.087799, 0.54306304), (0.104834, 0.529082), (0.119704, 0.51688004), (0.084582, 0.538726), (0.102907, 0.526482), (0.118899, 0.515796), (0.081807, 0.534095), (0.101242, 0.52370596), (0.118207, 0.514639), (0.079499, 0.529214), (0.099858, 0.52077997), (0.117629, 0.51341903), (0.07768, 0.52413), (0.098768, 0.517732), (0.117174, 0.512149), (0.076366, 0.518892), (0.097982, 0.514592), (0.116848, 0.51084), (0.075576, 0.513551), (0.097507, 0.51139104), (0.116648, 0.50950503), (0.116583, 0.50815797), (0.72798, 0.06523299), (0.740328, 0.06605101), (0.727946, 0.06605101), (0.740328, 0.06523299), (0.752707, 0.06605101), (0.715752, 0.06523299), (0.703661, 0.06605101), (0.70376, 0.06523299), (0.61465, 0.89362097), (0.691991, 0.06605101), (0.69212, 0.06523299), (0.611674, 0.905503), (0.680786, 0.06605101), (0.680947, 0.06523299), (0.607549, 0.917035), (0.670153, 0.06605101), (0.670343, 0.06523299), (0.602312, 0.928107), (0.660198, 0.06605101), (0.660414, 0.06523299), (0.596016, 0.938613), (0.651014, 0.06605101), (0.651254, 0.06523299), (0.58872, 0.948451), (0.841864, 0.654037), (0.842681, 0.663437), (0.842681, 0.654252), (0.580494, 0.95752597), (0.841864, 0.644108), (0.842681, 0.644296), (0.571418, 0.965752), (0.842681, 0.633664), (0.841864, 0.63350403), (0.56158, 0.973048), (0.842681, 0.622459), (0.841864, 0.622329), (0.551075, 0.979345), (0.841864, 0.61069), (0.842681, 0.610788), (0.540003, 0.984582), (0.842681, 0.598765), (0.841864, 0.598698), (0.528469, 0.988708), (0.841864, 0.58647), (0.842681, 0.586504), (0.516587, 0.991684), (0.842681, 0.574123), (0.841864, 0.574123), (0.504472, 0.993481), (0.842681, 0.561743), (0.841864, 0.56177604), (0.49224, 0.994082), (0.842681, 0.549482), (0.841864, 0.54954803), (0.480005, 0.993481), (0.842681, 0.537458), (0.841864, 0.537556), (0.46789, 0.991684), (0.842681, 0.525787), (0.841864, 0.525917), (0.456008, 0.988708), (0.841864, 0.514742), (0.842681, 0.51458204), (0.444476, 0.984582), (0.842681, 0.50395), (0.841864, 0.504139), (0.433404, 0.979345), (0.842681, 0.493994), (0.841864, 0.494209), (0.422899, 0.973048), (0.841864, 0.48505002), (0.842681, 0.48481), (0.413061, 0.965752), (0.631999, 0.09824097), (0.641399, 0.09742302), (0.632213, 0.09742302), (0.403985, 0.95752597), (0.622258, 0.09742302), (0.62207, 0.09824097), (0.39576, 0.948451), (0.611627, 0.09742302), (0.611466, 0.09824097), (0.388464, 0.938613), (0.600291, 0.09824097), (0.60042, 0.09742302), (0.382167, 0.928107), (0.588651, 0.09824097), (0.58875, 0.09742302), (0.37693, 0.917035), (0.576661, 0.09824097), (0.576726, 0.09742302), (0.372803, 0.905503), (0.564465, 0.09742302), (0.564431, 0.09824097), (0.369826, 0.89362097), (0.552085, 0.09742302), (0.552085, 0.09824097), (0.368029, 0.881506), (0.539704, 0.09742302), (0.539737, 0.09824097), (0.367429, 0.869272), (0.52751, 0.09824097), (0.527442, 0.09742302), (0.368029, 0.857038), (0.515517, 0.09824097), (0.515419, 0.09742302), (0.369826, 0.844923), (0.503748, 0.09742302), (0.503878, 0.09824097), (0.372803, 0.833042), (0.492544, 0.09742302), (0.492705, 0.09824097), (0.37693, 0.821509), (0.481911, 0.09742302), (0.482101, 0.09824097), (0.382167, 0.81043696), (0.472172, 0.09824097), (0.471956, 0.09742302), (0.388464, 0.799931), (0.462772, 0.09742302), (0.463012, 0.09824097), (0.39576, 0.790093), (0.939046, 0.99476), (0.938227, 0.985816), (0.939046, 0.9856), (0.403985, 0.781018), (0.938227, 0.97586), (0.939046, 0.975671), (0.413061, 0.772792), (0.938227, 0.965228), (0.939046, 0.965068), (0.422899, 0.765496), (0.938227, 0.954023), (0.939046, 0.953893), (0.433404, 0.759199), (0.938227, 0.942352), (0.939046, 0.942254), (0.444476, 0.753963), (0.938227, 0.930328), (0.939046, 0.93026197), (0.456008, 0.74983597), (0.938227, 0.918067), (0.939046, 0.918034), (0.46789, 0.74686), (0.938227, 0.905687), (0.939046, 0.905687), (0.480005, 0.745063), (0.938227, 0.893306), (0.939046, 0.89334), (0.49224, 0.744462), (0.938227, 0.881045), (0.939046, 0.881112), (0.504472, 0.745063), (0.938227, 0.869022), (0.939046, 0.86912), (0.516587, 0.74686), (0.939046, 0.857481), (0.938227, 0.857351), (0.528469, 0.74983597), (0.938227, 0.846146), (0.939046, 0.84630597), (0.540003, 0.753963), (0.938227, 0.835514), (0.939046, 0.835702), (0.551075, 0.759199), (0.939046, 0.825773), (0.938227, 0.825558), (0.56158, 0.765496), (0.938227, 0.816374), (0.939046, 0.81661403), (0.571418, 0.772792), (0.820241, 0.06523299), (0.829642, 0.06605101), (0.820458, 0.06605101), (0.580494, 0.781018), (0.8105, 0.06605101), (0.810313, 0.06523299), (0.58872, 0.790093), (0.79987, 0.06605101), (0.799709, 0.06523299), (0.596016, 0.799931), (0.788533, 0.06523299), (0.788663, 0.06605101), (0.602312, 0.81043696), (0.776894, 0.06523299), (0.776992, 0.06605101), (0.607549, 0.821509), (0.764969, 0.06605101), (0.764904, 0.06523299), (0.611674, 0.833041), (0.752676, 0.06523299), (0.61465, 0.844922), (0.752674, 0.08701599), (0.740328, 0.08701599), (0.616447, 0.857038), (0.616447, 0.881506), (0.715685, 0.06605101), (0.005423, 0.50815797), (0.006023, 0.49591398), (0.010802, 0.47189897), (0.715754, 0.08701599), (0.014931, 0.460357), (0.703764, 0.08701599), (0.020173, 0.44927597), (0.692128, 0.08701599), (0.026474, 0.438762), (0.680952, 0.08701599), (0.033775, 0.428917), (0.67035, 0.08701599), (0.042008, 0.41983402), (0.660424, 0.08701599), (0.051091, 0.41160202), (0.651264, 0.08701599), (0.060936, 0.40429997), (0.863648, 0.663186), (0.863648, 0.654028), (0.071451, 0.39799798), (0.863648, 0.644099), (0.08253, 0.392757), (0.863648, 0.633497), (0.094071, 0.388628), (0.863648, 0.622324), (0.105963, 0.38564998), (0.863648, 0.610686), (0.118087, 0.383851), (0.863648, 0.598696), (0.130332, 0.38324898), (0.863648, 0.586469), (0.142574, 0.383851), (0.863648, 0.574123), (0.154699, 0.38564998), (0.863648, 0.561778), (0.16659, 0.388628), (0.863648, 0.549551), (0.178131, 0.392757), (0.863648, 0.537561), (0.189213, 0.39799798), (0.863648, 0.525923), (0.199726, 0.40429997), (0.863648, 0.514749), (0.209573, 0.41160202), (0.863648, 0.504147), (0.218654, 0.41983402), (0.863648, 0.494219), (0.226887, 0.428917), (0.863648, 0.48505998), (0.23419, 0.438762), (0.641147, 0.07645702), (0.631989, 0.07645702), (0.240491, 0.44927597), (0.622061, 0.07645702), (0.24573, 0.460357), (0.611459, 0.07645702), (0.24986, 0.47189897), (0.600286, 0.07645702), (0.252839, 0.48378903), (0.588647, 0.07645702), (0.254638, 0.495915), (0.576656, 0.07645702), (0.255239, 0.50815797), (0.564431, 0.07645702), (0.254638, 0.520401), (0.552085, 0.07645702), (0.252839, 0.532526), (0.53974, 0.07645702), (0.24986, 0.544417), (0.527512, 0.07645702), (0.24573, 0.55595803), (0.515522, 0.07645702), (0.240491, 0.567039), (0.503885, 0.07645702), (0.23419, 0.57755303), (0.492709, 0.07645702), (0.226887, 0.587399), (0.482108, 0.07645702), (0.218654, 0.59648097), (0.472181, 0.07645702), (0.209573, 0.60471296), (0.463021, 0.07645702), (0.199726, 0.612015), (0.918223, 0.995), (0.917262, 0.985591), (0.189213, 0.618317), (0.917262, 0.975663), (0.178131, 0.62355804), (0.917262, 0.965061), (0.16659, 0.627687), (0.917262, 0.953887), (0.154699, 0.630666), (0.917262, 0.942249), (0.142574, 0.632464), (0.917262, 0.930259), (0.130332, 0.633066), (0.917262, 0.918032), (0.118087, 0.632464), (0.917262, 0.905687), (0.105963, 0.630666), (0.917262, 0.893341), (0.094074, 0.627687), (0.917262, 0.881114), (0.08253, 0.62355804), (0.917262, 0.869124), (0.071451, 0.618317), (0.917262, 0.857486), (0.060936, 0.612015), (0.917262, 0.846313), (0.051091, 0.60471296), (0.917262, 0.835711), (0.042008, 0.59648097), (0.917262, 0.825783), (0.033775, 0.587399), (0.917262, 0.816624), (0.026474, 0.57755303), (0.82939, 0.08701599), (0.820232, 0.08701599), (0.020173, 0.567039), (0.810303, 0.08701599), (0.014931, 0.55595803), (0.799702, 0.08701599), (0.010802, 0.544417), (0.788528, 0.08701599), (0.007823, 0.532526), (0.776891, 0.08701599), (0.006026, 0.520401), (0.764901, 0.08701599), (0.727982, 0.08701599), (0.007823, 0.48378903), (0.572691, 0.885275), (0.462772, 0.096309006), (0.471956, 0.096309006), (0.843796, 0.610788), (0.843796, 0.622459), (0.481911, 0.096309006), (0.843796, 0.633664), (0.492544, 0.096309006), (0.727946, 0.067164004), (0.740328, 0.067164004), (0.843796, 0.644296), (0.503748, 0.096309006), (0.752707, 0.067164004), (0.764969, 0.067164004), (0.843796, 0.654252), (0.515419, 0.096309006), (0.776992, 0.067164004), (0.843796, 0.663437), (0.527442, 0.096309006), (0.788663, 0.067164004), (0.651014, 0.067164004), (0.660198, 0.067164004), (0.539704, 0.096309006), (0.79987, 0.067164004), (0.670153, 0.067164004), (0.552085, 0.096309006), (0.8105, 0.067164004), (0.680786, 0.067164004), (0.564465, 0.096309006), (0.820458, 0.067164004), (0.691991, 0.067164004), (0.576726, 0.096309006), (0.829642, 0.067164004), (0.703661, 0.067164004), (0.58875, 0.096309006), (0.937115, 0.816374), (0.937115, 0.825558), (0.715685, 0.067164004), (0.60042, 0.096309006), (0.937115, 0.835514), (0.611627, 0.096309006), (0.937115, 0.846146), (0.622258, 0.096309006), (0.937115, 0.857351), (0.632213, 0.096309006), (0.937115, 0.869022), (0.641399, 0.096309006), (0.937115, 0.881045), (0.843796, 0.48481), (0.843796, 0.493994), (0.937115, 0.893306), (0.843796, 0.50395), (0.937115, 0.905687), (0.843796, 0.51458204), (0.937115, 0.918067), (0.843796, 0.525787), (0.937115, 0.930328), (0.843796, 0.537458), (0.937115, 0.942352), (0.843796, 0.549482), (0.937115, 0.954023), (0.843796, 0.561743), (0.937115, 0.965228), (0.843796, 0.574123), (0.937115, 0.97586), (0.843796, 0.586504), (0.937115, 0.985816), (0.843796, 0.598765), (0.938227, 0.995), (0.937115, 0.995), (0.61705, 0.869272), (0.740328, 0.06476402), (0.617968, 0.869272), (0.616916, 0.881552), (0.617519, 0.869272), (0.728004, 0.06476402), (0.615551, 0.8938), (0.617363, 0.88159597), (0.615112, 0.893713), (0.703832, 0.06476402), (0.7158, 0.06476402), (0.612553, 0.905769), (0.692214, 0.06476402), (0.608397, 0.917386), (0.612123, 0.905639), (0.602725, 0.928328), (0.607982, 0.917214), (0.68106, 0.06476402), (0.596777, 0.939123), (0.603122, 0.92854), (0.660566, 0.06476402), (0.670478, 0.06476402), (0.589428, 0.949033), (0.596405, 0.938873), (0.651425, 0.06476402), (0.581143, 0.958175), (0.58908, 0.948748), (0.841864, 0.66319704), (0.841396, 0.653884), (0.841396, 0.663026), (0.571999, 0.966461), (0.580826, 0.957858), (0.841396, 0.643974), (0.56209, 0.97381103), (0.571716, 0.966114), (0.56184, 0.973438), (0.841396, 0.633391), (0.551296, 0.979758), (0.841396, 0.62223697), (0.551508, 0.980154), (0.540181, 0.985015), (0.528736, 0.989586), (0.540353, 0.98543), (0.841396, 0.61062), (0.516767, 0.992584), (0.528606, 0.989157), (0.841396, 0.598651), (0.504564, 0.994395), (0.516681, 0.992144), (0.504518, 0.993948), (0.841396, 0.586447), (0.49224, 0.995), (0.49224, 0.994551), (0.841396, 0.574123), (0.479959, 0.993948), (0.841396, 0.5618), (0.467712, 0.992584), (0.479916, 0.994395), (0.467798, 0.992144), (0.841396, 0.549595), (0.455741, 0.989586), (0.455873, 0.989157), (0.841396, 0.52600896), (0.841396, 0.537626), (0.444126, 0.98543), (0.444296, 0.985015), (0.841396, 0.514855), (0.433183, 0.979758), (0.841396, 0.504272), (0.422389, 0.97381103), (0.432972, 0.980154), (0.841396, 0.494362), (0.412763, 0.966114), (0.422637, 0.973438), (0.403336, 0.958175), (0.412477, 0.966461), (0.640989, 0.09870899), (0.641159, 0.09824097), (0.395051, 0.949033), (0.403654, 0.957858), (0.621936, 0.09870899), (0.631845, 0.09870899), (0.3877, 0.939123), (0.395397, 0.948748), (0.381358, 0.92854), (0.388075, 0.938873), (0.381754, 0.928328), (0.611353, 0.09870899), (0.376495, 0.917214), (0.600199, 0.09870899), (0.371926, 0.905769), (0.376082, 0.917386), (0.372354, 0.905639), (0.588582, 0.09870899), (0.368928, 0.8938), (0.369368, 0.893713), (0.576613, 0.09870899), (0.367117, 0.88159597), (0.367563, 0.881552), (0.564409, 0.09870899), (0.366511, 0.869272), (0.552085, 0.09870899), (0.367563, 0.856993), (0.36696, 0.869272), (0.539761, 0.09870899), (0.367117, 0.856949), (0.369368, 0.844831), (0.515587, 0.09870899), (0.527558, 0.09870899), (0.371926, 0.832775), (0.368928, 0.84474397), (0.372354, 0.832905), (0.376082, 0.821158), (0.376495, 0.82133), (0.503972, 0.09870899), (0.381358, 0.810004), (0.381754, 0.810216), (0.492817, 0.09870899), (0.388075, 0.799671), (0.482235, 0.09870899), (0.395051, 0.78951097), (0.3877, 0.799421), (0.395397, 0.789796), (0.472323, 0.09870899), (0.403654, 0.780686), (0.939515, 0.99459), (0.412477, 0.772083), (0.403336, 0.780369), (0.939515, 0.985448), (0.422389, 0.764733), (0.412763, 0.77243), (0.939515, 0.975537), (0.432972, 0.75839), (0.422637, 0.76510596), (0.939515, 0.953801), (0.939515, 0.964954), (0.444296, 0.75353), (0.433183, 0.75878596), (0.939515, 0.942184), (0.455743, 0.748958), (0.444126, 0.753115), (0.939515, 0.930215), (0.467712, 0.74596), (0.455873, 0.749388), (0.939515, 0.91801), (0.479916, 0.74415004), (0.467798, 0.7464), (0.479959, 0.744596), (0.49224, 0.743544), (0.49224, 0.74399304), (0.939515, 0.893363), (0.939515, 0.905687), (0.504564, 0.74415004), (0.504518, 0.744596), (0.516767, 0.74596), (0.939515, 0.881159), (0.528736, 0.748958), (0.516679, 0.7464), (0.939515, 0.85757303), (0.939515, 0.86919), (0.540353, 0.753115), (0.528606, 0.749388), (0.551296, 0.75878596), (0.540181, 0.753529), (0.939515, 0.835836), (0.939515, 0.846419), (0.551508, 0.75839), (0.56184, 0.76510596), (0.56209, 0.764733), (0.571716, 0.77243), (0.939515, 0.825926), (0.581143, 0.780369), (0.571999, 0.772083), (0.580826, 0.780686), (0.829402, 0.06523299), (0.820088, 0.06476402), (0.829231, 0.06476402), (0.589428, 0.78951097), (0.58908, 0.789796), (0.596777, 0.799421), (0.596405, 0.799671), (0.799596, 0.06476402), (0.810178, 0.06476402), (0.602725, 0.810216), (0.603122, 0.810004), (0.607982, 0.82133), (0.776824, 0.06476402), (0.788442, 0.06476402), (0.608397, 0.821158), (0.612123, 0.832905), (0.764856, 0.06476402), (0.612553, 0.832775), (0.615112, 0.844831), (0.617363, 0.856948), (0.615551, 0.844743), (0.752652, 0.06476402), (0.616916, 0.856992), (0.005, 0.50815797), (0.728042, 0.08801299), (0.740328, 0.087502), (0.740328, 0.08801299), (0.728004, 0.087502), (0.005603, 0.49587297), (0.715877, 0.08801299), (0.715798, 0.087502), (0.007407, 0.483707), (0.703827, 0.087502), (0.010396, 0.471776), (0.692365, 0.08801299), (0.703945, 0.08801299), (0.01454, 0.460195), (0.681247, 0.08801299), (0.692209, 0.087502), (0.681055, 0.087502), (0.019798, 0.449077), (0.670696, 0.08801299), (0.670473, 0.087502), (0.026121, 0.438527), (0.660561, 0.087502), (0.033448, 0.428648), (0.041422, 0.41924798), (0.033136, 0.42839098), (0.651418, 0.087502), (0.050822, 0.41127503), (0.041708, 0.41953498), (0.864134, 0.65389), (0.864134, 0.663032), (0.864645, 0.643753), (0.864645, 0.653632), (0.864134, 0.643979), (0.071251, 0.39762503), (0.0607, 0.403948), (0.864134, 0.63339496), (0.864645, 0.622085), (0.864645, 0.633204), (0.082369, 0.392367), (0.864645, 0.610505), (0.864134, 0.62224), (0.093949, 0.388223), (0.864645, 0.59857404), (0.864134, 0.610623), (0.118047, 0.38343), (0.105881, 0.385235), (0.864645, 0.586408), (0.864134, 0.59865296), (0.864645, 0.574123), (0.864134, 0.586447), (0.864134, 0.574123), (0.130332, 0.38282597), (0.864645, 0.561839), (0.142615, 0.38343), (0.864134, 0.549593), (0.864134, 0.561799), (0.166713, 0.388223), (0.154783, 0.385235), (0.864645, 0.537741), (0.864645, 0.549672), (0.178295, 0.392367), (0.864645, 0.52616096), (0.864134, 0.537624), (0.864134, 0.514851), (0.864134, 0.526006), (0.199961, 0.403948), (0.189413, 0.39762503), (0.864645, 0.504493), (0.864645, 0.515042), (0.864134, 0.504268), (0.20984, 0.41127503), (0.864645, 0.494614), (0.864134, 0.494357), (0.218954, 0.41953498), (0.210097, 0.410962), (0.864134, 0.485214), (0.227213, 0.428648), (0.21924, 0.41924798), (0.631852, 0.07597202), (0.640993, 0.07597202), (0.23454, 0.438527), (0.631595, 0.07546002), (0.62194, 0.07597202), (0.621715, 0.07546002), (0.611356, 0.07597202), (0.246122, 0.460195), (0.240863, 0.449077), (0.600048, 0.07546002), (0.611166, 0.07546002), (0.600202, 0.07597202), (0.250266, 0.471776), (0.588466, 0.07546002), (0.576536, 0.07546002), (0.588584, 0.07597202), (0.253255, 0.483707), (0.564409, 0.07597202), (0.576616, 0.07597202), (0.255059, 0.49587297), (0.552085, 0.07546002), (0.564369, 0.07546002), (0.255662, 0.50815797), (0.539761, 0.07597202), (0.552085, 0.07597202), (0.255059, 0.520442), (0.527635, 0.07546002), (0.5398, 0.07546002), (0.527555, 0.07597202), (0.253255, 0.532609), (0.515702, 0.07546002), (0.246122, 0.55612004), (0.250266, 0.544539), (0.504123, 0.07546002), (0.515584, 0.07597202), (0.503967, 0.07597202), (0.492813, 0.07597202), (0.240863, 0.567238), (0.493005, 0.07546002), (0.48223, 0.07597202), (0.227213, 0.587667), (0.23454, 0.577788), (0.472575, 0.07546002), (0.482454, 0.07546002), (0.472318, 0.07597202), (0.218954, 0.59678), (0.227528, 0.587924), (0.210097, 0.605353), (0.21924, 0.597067), (0.916777, 0.994596), (0.917262, 0.99475), (0.20984, 0.60504), (0.199961, 0.61236703), (0.916777, 0.985453), (0.916265, 0.975317), (0.916777, 0.964958), (0.916777, 0.975542), (0.178295, 0.623949), (0.189413, 0.61869), (0.916265, 0.953649), (0.916265, 0.964767), (0.916777, 0.953804), (0.916777, 0.942186), (0.166713, 0.628092), (0.916265, 0.930138), (0.916265, 0.942068), (0.142615, 0.632885), (0.154783, 0.631081), (0.916265, 0.917971), (0.916777, 0.930217), (0.916777, 0.918011), (0.916777, 0.905687), (0.130332, 0.633489), (0.916265, 0.893402), (0.916265, 0.905687), (0.916777, 0.893363), (0.118047, 0.632885), (0.916265, 0.881236), (0.105881, 0.631081), (0.916777, 0.869188), (0.916777, 0.881157), (0.082369, 0.623949), (0.093949, 0.628092), (0.916265, 0.857725), (0.916265, 0.869305), (0.071251, 0.61869), (0.916265, 0.846606), (0.916777, 0.85757), (0.916265, 0.836057), (0.916777, 0.846415), (0.916777, 0.835831), (0.0607, 0.61236703), (0.916265, 0.826178), (0.916777, 0.825921), (0.04171, 0.59678), (0.050822, 0.60504), (0.050565, 0.605353), (0.916777, 0.816778), (0.033136, 0.587924), (0.041422, 0.597067), (0.820095, 0.087502), (0.829236, 0.087502), (0.033448, 0.587667), (0.819838, 0.08801299), (0.810183, 0.087502), (0.019798, 0.567239), (0.026121, 0.577788), (0.799408, 0.08801299), (0.809957, 0.08801299), (0.799598, 0.087502), (0.78829, 0.08801299), (0.01454, 0.55612004), (0.776709, 0.08801299), (0.788444, 0.087502), (0.007407, 0.532609), (0.010398, 0.54454), (0.764858, 0.087502), (0.776827, 0.087502), (0.005603, 0.52044296), (0.752613, 0.08801299), (0.764779, 0.08801299), (0.752652, 0.087502), (0.641399, 0.07741803), (0.829642, 0.08605498), (0.862688, 0.663437), (0.841396, 0.48522002), (0.463182, 0.09870899), (0.939515, 0.816784), (0.463175, 0.07597202)] (
                interpolation = "vertex"
            )
            uniform token subdivisionScheme = "none"
        }
    }

    def PhysicsFixedJoint "base_fixed_joint"
    {
        rel physics:body1 = </EStopButton/base>
    }

    def PhysicsPrismaticJoint "press_joint" (
        prepend apiSchemas = ["PhysicsDriveAPI:linear"]
    )
    {
        float drive:linear:physics:damping = 100
        float drive:linear:physics:maxForce = 10000000
        float drive:linear:physics:stiffness = 2000
        float drive:linear:physics:targetPosition = 0
        uniform token drive:linear:physics:type = "force"
        uniform token physics:axis = "Y"
        rel physics:body0 = </EStopButton/base>
        rel physics:body1 = </EStopButton/cap>
        point3f physics:localPos0 = (0, 0, 0)
        point3f physics:localPos1 = (0, 0, 0)
        quatf physics:localRot0 = (1, 0, 0, 0)
        quatf physics:localRot1 = (1, 0, 0, 0)
        float physics:lowerLimit = -8
        float physics:upperLimit = 0
    }
}

